2025-08-25T10:26:35.348+05:30  INFO 14768 --- [Calender] [restartedMain] com.lits.calender.CalenderApplication    : Starting CalenderApplication using Java 17.0.9 with PID 14768 (C:\Users\ADMIN\Documents\workspace-spring-tool-suite-4-4.21.0.RELEASE\Calender\target\classes started by ADMIN in C:\Users\ADMIN\Documents\workspace-spring-tool-suite-4-4.21.0.RELEASE\Calender)
2025-08-25T10:26:35.350+05:30  INFO 14768 --- [Calender] [restartedMain] com.lits.calender.CalenderApplication    : No active profile set, falling back to 1 default profile: "default"
2025-08-25T10:26:35.385+05:30  INFO 14768 --- [Calender] [restartedMain] .e.DevToolsPropertyDefaultsPostProcessor : Devtools property defaults active! Set 'spring.devtools.add-properties' to 'false' to disable
2025-08-25T10:26:35.385+05:30  INFO 14768 --- [Calender] [restartedMain] .e.DevToolsPropertyDefaultsPostProcessor : For additional web related logging consider setting the 'logging.level.web' property to 'DEBUG'
2025-08-25T10:26:35.792+05:30  INFO 14768 --- [Calender] [restartedMain] .s.d.r.c.RepositoryConfigurationDelegate : Bootstrapping Spring Data JPA repositories in DEFAULT mode.
2025-08-25T10:26:35.808+05:30  INFO 14768 --- [Calender] [restartedMain] .s.d.r.c.RepositoryConfigurationDelegate : Finished Spring Data repository scanning in 8 ms. Found 0 JPA repository interfaces.
2025-08-25T10:26:36.109+05:30  INFO 14768 --- [Calender] [restartedMain] o.s.b.w.embedded.tomcat.TomcatWebServer  : Tomcat initialized with port 8081 (http)
2025-08-25T10:26:36.119+05:30  INFO 14768 --- [Calender] [restartedMain] o.apache.catalina.core.StandardService   : Starting service [Tomcat]
2025-08-25T10:26:36.119+05:30  INFO 14768 --- [Calender] [restartedMain] o.apache.catalina.core.StandardEngine    : Starting Servlet engine: [Apache Tomcat/10.1.44]
2025-08-25T10:26:36.151+05:30  INFO 14768 --- [Calender] [restartedMain] o.a.c.c.C.[Tomcat].[localhost].[/]       : Initializing Spring embedded WebApplicationContext
2025-08-25T10:26:36.151+05:30  INFO 14768 --- [Calender] [restartedMain] w.s.c.ServletWebServerApplicationContext : Root WebApplicationContext: initialization completed in 765 ms
2025-08-25T10:26:36.241+05:30  INFO 14768 --- [Calender] [restartedMain] com.zaxxer.hikari.HikariDataSource       : HikariPool-1 - Starting...
2025-08-25T10:26:36.409+05:30  INFO 14768 --- [Calender] [restartedMain] com.zaxxer.hikari.pool.HikariPool        : HikariPool-1 - Added connection com.mysql.cj.jdbc.ConnectionImpl@7fb381c5
2025-08-25T10:26:36.410+05:30  INFO 14768 --- [Calender] [restartedMain] com.zaxxer.hikari.HikariDataSource       : HikariPool-1 - Start completed.
2025-08-25T10:26:36.478+05:30  INFO 14768 --- [Calender] [restartedMain] o.hibernate.jpa.internal.util.LogHelper  : HHH000204: Processing PersistenceUnitInfo [name: default]
2025-08-25T10:26:36.585+05:30  INFO 14768 --- [Calender] [restartedMain] org.hibernate.Version                    : HHH000412: Hibernate ORM core version 6.6.26.Final
2025-08-25T10:26:36.615+05:30  INFO 14768 --- [Calender] [restartedMain] o.h.c.internal.RegionFactoryInitiator    : HHH000026: Second-level cache disabled
2025-08-25T10:26:36.818+05:30  INFO 14768 --- [Calender] [restartedMain] o.s.o.j.p.SpringPersistenceUnitInfo      : No LoadTimeWeaver setup: ignoring JPA class transformer
2025-08-25T10:26:36.884+05:30  WARN 14768 --- [Calender] [restartedMain] org.hibernate.orm.deprecation            : HHH90000025: MySQL8Dialect does not need to be specified explicitly using 'hibernate.dialect' (remove the property setting and it will be selected by default)
2025-08-25T10:26:36.885+05:30  WARN 14768 --- [Calender] [restartedMain] org.hibernate.orm.deprecation            : HHH90000026: MySQL8Dialect has been deprecated; use org.hibernate.dialect.MySQLDialect instead
2025-08-25T10:26:36.898+05:30  INFO 14768 --- [Calender] [restartedMain] org.hibernate.orm.connections.pooling    : HHH10001005: Database info:
	Database JDBC URL [Connecting through datasource 'HikariDataSource (HikariPool-1)']
	Database driver: undefined/unknown
	Database version: 8.0
	Autocommit mode: undefined/unknown
	Isolation level: undefined/unknown
	Minimum pool size: undefined/unknown
	Maximum pool size: undefined/unknown
2025-08-25T10:26:37.109+05:30  INFO 14768 --- [Calender] [restartedMain] o.h.e.t.j.p.i.JtaPlatformInitiator       : HHH000489: No JTA platform available (set 'hibernate.transaction.jta.platform' to enable JTA platform integration)
2025-08-25T10:26:37.113+05:30  INFO 14768 --- [Calender] [restartedMain] j.LocalContainerEntityManagerFactoryBean : Initialized JPA EntityManagerFactory for persistence unit 'default'
2025-08-25T10:26:37.146+05:30  WARN 14768 --- [Calender] [restartedMain] JpaBaseConfiguration$JpaWebConfiguration : spring.jpa.open-in-view is enabled by default. Therefore, database queries may be performed during view rendering. Explicitly configure spring.jpa.open-in-view to disable this warning
2025-08-25T10:26:37.373+05:30  INFO 14768 --- [Calender] [restartedMain] o.s.b.d.a.OptionalLiveReloadServer       : LiveReload server is running on port 35729
2025-08-25T10:26:37.403+05:30  INFO 14768 --- [Calender] [restartedMain] o.s.b.w.embedded.tomcat.TomcatWebServer  : Tomcat started on port 8081 (http) with context path '/'
2025-08-25T10:26:37.410+05:30  INFO 14768 --- [Calender] [restartedMain] com.lits.calender.CalenderApplication    : Started CalenderApplication in 2.364 seconds (process running for 2.858)
2025-08-25T10:26:49.034+05:30  INFO 14768 --- [Calender] [RMI TCP Connection(8)-127.0.0.1] inMXBeanRegistrar$SpringApplicationAdmin : Application shutdown requested.
2025-08-25T10:26:49.036+05:30  INFO 14768 --- [Calender] [RMI TCP Connection(8)-127.0.0.1] o.s.b.w.e.tomcat.GracefulShutdown        : Commencing graceful shutdown. Waiting for active requests to complete
2025-08-25T10:26:49.127+05:30  INFO 14768 --- [Calender] [tomcat-shutdown] o.s.b.w.e.tomcat.GracefulShutdown        : Graceful shutdown complete
2025-08-25T10:26:49.131+05:30  INFO 14768 --- [Calender] [RMI TCP Connection(8)-127.0.0.1] j.LocalContainerEntityManagerFactoryBean : Closing JPA EntityManagerFactory for persistence unit 'default'
2025-08-25T10:26:49.134+05:30  INFO 14768 --- [Calender] [RMI TCP Connection(8)-127.0.0.1] com.zaxxer.hikari.HikariDataSource       : HikariPool-1 - Shutdown initiated...
2025-08-25T10:26:49.140+05:30  INFO 14768 --- [Calender] [RMI TCP Connection(8)-127.0.0.1] com.zaxxer.hikari.HikariDataSource       : HikariPool-1 - Shutdown completed.
2025-08-25T11:31:49.518+05:30  INFO 10176 --- [Calender] [restartedMain] com.lits.calender.CalenderApplication    : Starting CalenderApplication using Java 17.0.9 with PID 10176 (C:\Users\ADMIN\Documents\workspace-spring-tool-suite-4-4.21.0.RELEASE\Calender\target\classes started by ADMIN in C:\Users\ADMIN\Documents\workspace-spring-tool-suite-4-4.21.0.RELEASE\Calender)
2025-08-25T11:31:49.520+05:30  INFO 10176 --- [Calender] [restartedMain] com.lits.calender.CalenderApplication    : No active profile set, falling back to 1 default profile: "default"
2025-08-25T11:31:49.556+05:30  INFO 10176 --- [Calender] [restartedMain] .e.DevToolsPropertyDefaultsPostProcessor : Devtools property defaults active! Set 'spring.devtools.add-properties' to 'false' to disable
2025-08-25T11:31:49.556+05:30  INFO 10176 --- [Calender] [restartedMain] .e.DevToolsPropertyDefaultsPostProcessor : For additional web related logging consider setting the 'logging.level.web' property to 'DEBUG'
2025-08-25T11:31:50.004+05:30  INFO 10176 --- [Calender] [restartedMain] .s.d.r.c.RepositoryConfigurationDelegate : Bootstrapping Spring Data JPA repositories in DEFAULT mode.
2025-08-25T11:31:50.020+05:30  INFO 10176 --- [Calender] [restartedMain] .s.d.r.c.RepositoryConfigurationDelegate : Finished Spring Data repository scanning in 7 ms. Found 0 JPA repository interfaces.
2025-08-25T11:31:50.339+05:30  INFO 10176 --- [Calender] [restartedMain] o.s.b.w.embedded.tomcat.TomcatWebServer  : Tomcat initialized with port 8081 (http)
2025-08-25T11:31:50.349+05:30  INFO 10176 --- [Calender] [restartedMain] o.apache.catalina.core.StandardService   : Starting service [Tomcat]
2025-08-25T11:31:50.349+05:30  INFO 10176 --- [Calender] [restartedMain] o.apache.catalina.core.StandardEngine    : Starting Servlet engine: [Apache Tomcat/10.1.44]
2025-08-25T11:31:50.380+05:30  INFO 10176 --- [Calender] [restartedMain] o.a.c.c.C.[Tomcat].[localhost].[/]       : Initializing Spring embedded WebApplicationContext
2025-08-25T11:31:50.381+05:30  INFO 10176 --- [Calender] [restartedMain] w.s.c.ServletWebServerApplicationContext : Root WebApplicationContext: initialization completed in 824 ms
2025-08-25T11:31:50.474+05:30  INFO 10176 --- [Calender] [restartedMain] com.zaxxer.hikari.HikariDataSource       : HikariPool-1 - Starting...
2025-08-25T11:31:50.585+05:30  INFO 10176 --- [Calender] [restartedMain] com.zaxxer.hikari.pool.HikariPool        : HikariPool-1 - Added connection com.mysql.cj.jdbc.ConnectionImpl@1f2af9ea
2025-08-25T11:31:50.586+05:30  INFO 10176 --- [Calender] [restartedMain] com.zaxxer.hikari.HikariDataSource       : HikariPool-1 - Start completed.
2025-08-25T11:31:50.615+05:30  INFO 10176 --- [Calender] [restartedMain] o.hibernate.jpa.internal.util.LogHelper  : HHH000204: Processing PersistenceUnitInfo [name: default]
2025-08-25T11:31:50.664+05:30  INFO 10176 --- [Calender] [restartedMain] org.hibernate.Version                    : HHH000412: Hibernate ORM core version 6.6.26.Final
2025-08-25T11:31:50.693+05:30  INFO 10176 --- [Calender] [restartedMain] o.h.c.internal.RegionFactoryInitiator    : HHH000026: Second-level cache disabled
2025-08-25T11:31:50.904+05:30  INFO 10176 --- [Calender] [restartedMain] o.s.o.j.p.SpringPersistenceUnitInfo      : No LoadTimeWeaver setup: ignoring JPA class transformer
2025-08-25T11:31:50.961+05:30  WARN 10176 --- [Calender] [restartedMain] org.hibernate.orm.deprecation            : HHH90000025: MySQL8Dialect does not need to be specified explicitly using 'hibernate.dialect' (remove the property setting and it will be selected by default)
2025-08-25T11:31:50.962+05:30  WARN 10176 --- [Calender] [restartedMain] org.hibernate.orm.deprecation            : HHH90000026: MySQL8Dialect has been deprecated; use org.hibernate.dialect.MySQLDialect instead
2025-08-25T11:31:50.973+05:30  INFO 10176 --- [Calender] [restartedMain] org.hibernate.orm.connections.pooling    : HHH10001005: Database info:
	Database JDBC URL [Connecting through datasource 'HikariDataSource (HikariPool-1)']
	Database driver: undefined/unknown
	Database version: 8.0
	Autocommit mode: undefined/unknown
	Isolation level: undefined/unknown
	Minimum pool size: undefined/unknown
	Maximum pool size: undefined/unknown
2025-08-25T11:31:51.180+05:30  INFO 10176 --- [Calender] [restartedMain] o.h.e.t.j.p.i.JtaPlatformInitiator       : HHH000489: No JTA platform available (set 'hibernate.transaction.jta.platform' to enable JTA platform integration)
2025-08-25T11:31:51.185+05:30  INFO 10176 --- [Calender] [restartedMain] j.LocalContainerEntityManagerFactoryBean : Initialized JPA EntityManagerFactory for persistence unit 'default'
2025-08-25T11:31:51.218+05:30  WARN 10176 --- [Calender] [restartedMain] JpaBaseConfiguration$JpaWebConfiguration : spring.jpa.open-in-view is enabled by default. Therefore, database queries may be performed during view rendering. Explicitly configure spring.jpa.open-in-view to disable this warning
2025-08-25T11:31:51.454+05:30  INFO 10176 --- [Calender] [restartedMain] o.s.b.d.a.OptionalLiveReloadServer       : LiveReload server is running on port 35729
2025-08-25T11:31:51.484+05:30  INFO 10176 --- [Calender] [restartedMain] o.s.b.w.embedded.tomcat.TomcatWebServer  : Tomcat started on port 8081 (http) with context path '/'
2025-08-25T11:31:51.489+05:30  INFO 10176 --- [Calender] [restartedMain] com.lits.calender.CalenderApplication    : Started CalenderApplication in 2.294 seconds (process running for 2.792)
2025-08-25T11:33:46.335+05:30  INFO 10176 --- [Calender] [File Watcher] rtingClassPathChangeChangedEventListener : Restarting due to 5 class path changes (4 additions, 0 deletions, 1 modification)
2025-08-25T11:33:46.338+05:30  INFO 10176 --- [Calender] [Thread-5] o.s.b.w.e.tomcat.GracefulShutdown        : Commencing graceful shutdown. Waiting for active requests to complete
2025-08-25T11:33:46.428+05:30  INFO 10176 --- [Calender] [tomcat-shutdown] o.s.b.w.e.tomcat.GracefulShutdown        : Graceful shutdown complete
2025-08-25T11:33:46.431+05:30  INFO 10176 --- [Calender] [Thread-5] j.LocalContainerEntityManagerFactoryBean : Closing JPA EntityManagerFactory for persistence unit 'default'
2025-08-25T11:33:46.434+05:30  INFO 10176 --- [Calender] [Thread-5] com.zaxxer.hikari.HikariDataSource       : HikariPool-1 - Shutdown initiated...
2025-08-25T11:33:46.439+05:30  INFO 10176 --- [Calender] [Thread-5] com.zaxxer.hikari.HikariDataSource       : HikariPool-1 - Shutdown completed.
2025-08-25T11:33:46.529+05:30  INFO 10176 --- [Calender] [restartedMain] com.lits.calender.CalenderApplication    : Starting CalenderApplication using Java 17.0.9 with PID 10176 (C:\Users\ADMIN\Documents\workspace-spring-tool-suite-4-4.21.0.RELEASE\Calender\target\classes started by ADMIN in C:\Users\ADMIN\Documents\workspace-spring-tool-suite-4-4.21.0.RELEASE\Calender)
2025-08-25T11:33:46.529+05:30  INFO 10176 --- [Calender] [restartedMain] com.lits.calender.CalenderApplication    : No active profile set, falling back to 1 default profile: "default"
2025-08-25T11:33:46.692+05:30  INFO 10176 --- [Calender] [restartedMain] .s.d.r.c.RepositoryConfigurationDelegate : Bootstrapping Spring Data JPA repositories in DEFAULT mode.
2025-08-25T11:33:46.726+05:30  INFO 10176 --- [Calender] [restartedMain] .s.d.r.c.RepositoryConfigurationDelegate : Finished Spring Data repository scanning in 33 ms. Found 1 JPA repository interface.
2025-08-25T11:33:46.796+05:30  INFO 10176 --- [Calender] [restartedMain] o.s.b.w.embedded.tomcat.TomcatWebServer  : Tomcat initialized with port 8081 (http)
2025-08-25T11:33:46.797+05:30  INFO 10176 --- [Calender] [restartedMain] o.apache.catalina.core.StandardService   : Starting service [Tomcat]
2025-08-25T11:33:46.797+05:30  INFO 10176 --- [Calender] [restartedMain] o.apache.catalina.core.StandardEngine    : Starting Servlet engine: [Apache Tomcat/10.1.44]
2025-08-25T11:33:46.808+05:30  INFO 10176 --- [Calender] [restartedMain] o.a.c.c.C.[Tomcat].[localhost].[/]       : Initializing Spring embedded WebApplicationContext
2025-08-25T11:33:46.808+05:30  INFO 10176 --- [Calender] [restartedMain] w.s.c.ServletWebServerApplicationContext : Root WebApplicationContext: initialization completed in 276 ms
2025-08-25T11:33:46.828+05:30  INFO 10176 --- [Calender] [restartedMain] com.zaxxer.hikari.HikariDataSource       : HikariPool-2 - Starting...
2025-08-25T11:33:46.833+05:30  INFO 10176 --- [Calender] [restartedMain] com.zaxxer.hikari.pool.HikariPool        : HikariPool-2 - Added connection com.mysql.cj.jdbc.ConnectionImpl@5a2e1528
2025-08-25T11:33:46.833+05:30  INFO 10176 --- [Calender] [restartedMain] com.zaxxer.hikari.HikariDataSource       : HikariPool-2 - Start completed.
2025-08-25T11:33:46.834+05:30  INFO 10176 --- [Calender] [restartedMain] o.hibernate.jpa.internal.util.LogHelper  : HHH000204: Processing PersistenceUnitInfo [name: default]
2025-08-25T11:33:46.836+05:30  INFO 10176 --- [Calender] [restartedMain] o.h.c.internal.RegionFactoryInitiator    : HHH000026: Second-level cache disabled
2025-08-25T11:33:46.844+05:30  INFO 10176 --- [Calender] [restartedMain] o.s.o.j.p.SpringPersistenceUnitInfo      : No LoadTimeWeaver setup: ignoring JPA class transformer
2025-08-25T11:33:46.845+05:30  WARN 10176 --- [Calender] [restartedMain] org.hibernate.orm.deprecation            : HHH90000025: MySQL8Dialect does not need to be specified explicitly using 'hibernate.dialect' (remove the property setting and it will be selected by default)
2025-08-25T11:33:46.845+05:30  WARN 10176 --- [Calender] [restartedMain] org.hibernate.orm.deprecation            : HHH90000026: MySQL8Dialect has been deprecated; use org.hibernate.dialect.MySQLDialect instead
2025-08-25T11:33:46.846+05:30  INFO 10176 --- [Calender] [restartedMain] org.hibernate.orm.connections.pooling    : HHH10001005: Database info:
	Database JDBC URL [Connecting through datasource 'HikariDataSource (HikariPool-2)']
	Database driver: undefined/unknown
	Database version: 8.0
	Autocommit mode: undefined/unknown
	Isolation level: undefined/unknown
	Minimum pool size: undefined/unknown
	Maximum pool size: undefined/unknown
2025-08-25T11:33:46.880+05:30 ERROR 10176 --- [Calender] [restartedMain] j.LocalContainerEntityManagerFactoryBean : Failed to initialize JPA EntityManagerFactory: Entity 'com.lits.calender.entity.CalenderEvent' has no identifier (every '@Entity' class must declare or inherit at least one '@Id' or '@EmbeddedId' property)
2025-08-25T11:33:46.881+05:30  WARN 10176 --- [Calender] [restartedMain] ConfigServletWebServerApplicationContext : Exception encountered during context initialization - cancelling refresh attempt: org.springframework.beans.factory.BeanCreationException: Error creating bean with name 'entityManagerFactory' defined in class path resource [org/springframework/boot/autoconfigure/orm/jpa/HibernateJpaConfiguration.class]: Entity 'com.lits.calender.entity.CalenderEvent' has no identifier (every '@Entity' class must declare or inherit at least one '@Id' or '@EmbeddedId' property)
2025-08-25T11:33:46.881+05:30  INFO 10176 --- [Calender] [restartedMain] com.zaxxer.hikari.HikariDataSource       : HikariPool-2 - Shutdown initiated...
2025-08-25T11:33:46.882+05:30  INFO 10176 --- [Calender] [restartedMain] com.zaxxer.hikari.HikariDataSource       : HikariPool-2 - Shutdown completed.
2025-08-25T11:33:46.882+05:30  INFO 10176 --- [Calender] [restartedMain] o.apache.catalina.core.StandardService   : Stopping service [Tomcat]
2025-08-25T11:33:46.886+05:30  INFO 10176 --- [Calender] [restartedMain] .s.b.a.l.ConditionEvaluationReportLogger : 

Error starting ApplicationContext. To display the condition evaluation report re-run your application with 'debug' enabled.
2025-08-25T11:33:46.902+05:30 ERROR 10176 --- [Calender] [restartedMain] o.s.boot.SpringApplication               : Application run failed

org.springframework.beans.factory.BeanCreationException: Error creating bean with name 'entityManagerFactory' defined in class path resource [org/springframework/boot/autoconfigure/orm/jpa/HibernateJpaConfiguration.class]: Entity 'com.lits.calender.entity.CalenderEvent' has no identifier (every '@Entity' class must declare or inherit at least one '@Id' or '@EmbeddedId' property)
	at org.springframework.beans.factory.support.AbstractAutowireCapableBeanFactory.initializeBean(AbstractAutowireCapableBeanFactory.java:1826) ~[spring-beans-6.2.10.jar:6.2.10]
	at org.springframework.beans.factory.support.AbstractAutowireCapableBeanFactory.doCreateBean(AbstractAutowireCapableBeanFactory.java:607) ~[spring-beans-6.2.10.jar:6.2.10]
	at org.springframework.beans.factory.support.AbstractAutowireCapableBeanFactory.createBean(AbstractAutowireCapableBeanFactory.java:529) ~[spring-beans-6.2.10.jar:6.2.10]
	at org.springframework.beans.factory.support.AbstractBeanFactory.lambda$doGetBean$0(AbstractBeanFactory.java:339) ~[spring-beans-6.2.10.jar:6.2.10]
	at org.springframework.beans.factory.support.DefaultSingletonBeanRegistry.getSingleton(DefaultSingletonBeanRegistry.java:373) ~[spring-beans-6.2.10.jar:6.2.10]
	at org.springframework.beans.factory.support.AbstractBeanFactory.doGetBean(AbstractBeanFactory.java:337) ~[spring-beans-6.2.10.jar:6.2.10]
	at org.springframework.beans.factory.support.AbstractBeanFactory.getBean(AbstractBeanFactory.java:207) ~[spring-beans-6.2.10.jar:6.2.10]
	at org.springframework.context.support.AbstractApplicationContext.finishBeanFactoryInitialization(AbstractApplicationContext.java:970) ~[spring-context-6.2.10.jar:6.2.10]
	at org.springframework.context.support.AbstractApplicationContext.refresh(AbstractApplicationContext.java:627) ~[spring-context-6.2.10.jar:6.2.10]
	at org.springframework.boot.web.servlet.context.ServletWebServerApplicationContext.refresh(ServletWebServerApplicationContext.java:146) ~[spring-boot-3.5.5.jar:3.5.5]
	at org.springframework.boot.SpringApplication.refresh(SpringApplication.java:752) ~[spring-boot-3.5.5.jar:3.5.5]
	at org.springframework.boot.SpringApplication.refreshContext(SpringApplication.java:439) ~[spring-boot-3.5.5.jar:3.5.5]
	at org.springframework.boot.SpringApplication.run(SpringApplication.java:318) ~[spring-boot-3.5.5.jar:3.5.5]
	at org.springframework.boot.SpringApplication.run(SpringApplication.java:1361) ~[spring-boot-3.5.5.jar:3.5.5]
	at org.springframework.boot.SpringApplication.run(SpringApplication.java:1350) ~[spring-boot-3.5.5.jar:3.5.5]
	at com.lits.calender.CalenderApplication.main(CalenderApplication.java:10) ~[classes/:na]
	at java.base/jdk.internal.reflect.NativeMethodAccessorImpl.invoke0(Native Method) ~[na:na]
	at java.base/jdk.internal.reflect.NativeMethodAccessorImpl.invoke(NativeMethodAccessorImpl.java:77) ~[na:na]
	at java.base/jdk.internal.reflect.DelegatingMethodAccessorImpl.invoke(DelegatingMethodAccessorImpl.java:43) ~[na:na]
	at java.base/java.lang.reflect.Method.invoke(Method.java:568) ~[na:na]
	at org.springframework.boot.devtools.restart.RestartLauncher.run(RestartLauncher.java:50) ~[spring-boot-devtools-3.5.5.jar:3.5.5]
Caused by: org.hibernate.AnnotationException: Entity 'com.lits.calender.entity.CalenderEvent' has no identifier (every '@Entity' class must declare or inherit at least one '@Id' or '@EmbeddedId' property)
	at org.hibernate.boot.model.internal.InheritanceState.determineDefaultAccessType(InheritanceState.java:289) ~[hibernate-core-6.6.26.Final.jar:6.6.26.Final]
	at org.hibernate.boot.model.internal.InheritanceState.getElementsToProcess(InheritanceState.java:226) ~[hibernate-core-6.6.26.Final.jar:6.6.26.Final]
	at org.hibernate.boot.model.internal.InheritanceState.postProcess(InheritanceState.java:162) ~[hibernate-core-6.6.26.Final.jar:6.6.26.Final]
	at org.hibernate.boot.model.internal.EntityBinder.handleIdentifier(EntityBinder.java:410) ~[hibernate-core-6.6.26.Final.jar:6.6.26.Final]
	at org.hibernate.boot.model.internal.EntityBinder.bindEntityClass(EntityBinder.java:251) ~[hibernate-core-6.6.26.Final.jar:6.6.26.Final]
	at org.hibernate.boot.model.internal.AnnotationBinder.bindClass(AnnotationBinder.java:404) ~[hibernate-core-6.6.26.Final.jar:6.6.26.Final]
	at org.hibernate.boot.model.source.internal.annotations.AnnotationMetadataSourceProcessorImpl.processEntityHierarchies(AnnotationMetadataSourceProcessorImpl.java:266) ~[hibernate-core-6.6.26.Final.jar:6.6.26.Final]
	at org.hibernate.boot.model.process.spi.MetadataBuildingProcess$1.processEntityHierarchies(MetadataBuildingProcess.java:281) ~[hibernate-core-6.6.26.Final.jar:6.6.26.Final]
	at org.hibernate.boot.model.process.spi.MetadataBuildingProcess.complete(MetadataBuildingProcess.java:324) ~[hibernate-core-6.6.26.Final.jar:6.6.26.Final]
	at org.hibernate.jpa.boot.internal.EntityManagerFactoryBuilderImpl.metadata(EntityManagerFactoryBuilderImpl.java:1442) ~[hibernate-core-6.6.26.Final.jar:6.6.26.Final]
	at org.hibernate.jpa.boot.internal.EntityManagerFactoryBuilderImpl.build(EntityManagerFactoryBuilderImpl.java:1513) ~[hibernate-core-6.6.26.Final.jar:6.6.26.Final]
	at org.springframework.orm.jpa.vendor.SpringHibernateJpaPersistenceProvider.createContainerEntityManagerFactory(SpringHibernateJpaPersistenceProvider.java:66) ~[spring-orm-6.2.10.jar:6.2.10]
	at org.springframework.orm.jpa.LocalContainerEntityManagerFactoryBean.createNativeEntityManagerFactory(LocalContainerEntityManagerFactoryBean.java:390) ~[spring-orm-6.2.10.jar:6.2.10]
	at org.springframework.orm.jpa.AbstractEntityManagerFactoryBean.buildNativeEntityManagerFactory(AbstractEntityManagerFactoryBean.java:419) ~[spring-orm-6.2.10.jar:6.2.10]
	at org.springframework.orm.jpa.AbstractEntityManagerFactoryBean.afterPropertiesSet(AbstractEntityManagerFactoryBean.java:400) ~[spring-orm-6.2.10.jar:6.2.10]
	at org.springframework.orm.jpa.LocalContainerEntityManagerFactoryBean.afterPropertiesSet(LocalContainerEntityManagerFactoryBean.java:366) ~[spring-orm-6.2.10.jar:6.2.10]
	at org.springframework.beans.factory.support.AbstractAutowireCapableBeanFactory.invokeInitMethods(AbstractAutowireCapableBeanFactory.java:1873) ~[spring-beans-6.2.10.jar:6.2.10]
	at org.springframework.beans.factory.support.AbstractAutowireCapableBeanFactory.initializeBean(AbstractAutowireCapableBeanFactory.java:1822) ~[spring-beans-6.2.10.jar:6.2.10]
	... 20 common frames omitted

2025-08-25T11:33:49.504+05:30  INFO 6588 --- [Calender] [main] c.l.calender.CalenderApplicationTests    : Starting CalenderApplicationTests using Java 17.0.9 with PID 6588 (started by ADMIN in C:\Users\ADMIN\Documents\workspace-spring-tool-suite-4-4.21.0.RELEASE\Calender)
2025-08-25T11:33:49.505+05:30  INFO 6588 --- [Calender] [main] c.l.calender.CalenderApplicationTests    : No active profile set, falling back to 1 default profile: "default"
2025-08-25T11:33:50.088+05:30  INFO 6588 --- [Calender] [main] .s.d.r.c.RepositoryConfigurationDelegate : Bootstrapping Spring Data JPA repositories in DEFAULT mode.
2025-08-25T11:33:50.154+05:30  INFO 6588 --- [Calender] [main] .s.d.r.c.RepositoryConfigurationDelegate : Finished Spring Data repository scanning in 56 ms. Found 1 JPA repository interface.
2025-08-25T11:33:50.497+05:30  INFO 6588 --- [Calender] [main] com.zaxxer.hikari.HikariDataSource       : HikariPool-1 - Starting...
2025-08-25T11:33:50.730+05:30  INFO 6588 --- [Calender] [main] com.zaxxer.hikari.pool.HikariPool        : HikariPool-1 - Added connection com.mysql.cj.jdbc.ConnectionImpl@75882261
2025-08-25T11:33:50.732+05:30  INFO 6588 --- [Calender] [main] com.zaxxer.hikari.HikariDataSource       : HikariPool-1 - Start completed.
2025-08-25T11:33:50.787+05:30  INFO 6588 --- [Calender] [main] o.hibernate.jpa.internal.util.LogHelper  : HHH000204: Processing PersistenceUnitInfo [name: default]
2025-08-25T11:33:50.845+05:30  INFO 6588 --- [Calender] [main] org.hibernate.Version                    : HHH000412: Hibernate ORM core version 6.6.26.Final
2025-08-25T11:33:50.892+05:30  INFO 6588 --- [Calender] [main] o.h.c.internal.RegionFactoryInitiator    : HHH000026: Second-level cache disabled
2025-08-25T11:33:51.193+05:30  INFO 6588 --- [Calender] [main] o.s.o.j.p.SpringPersistenceUnitInfo      : No LoadTimeWeaver setup: ignoring JPA class transformer
2025-08-25T11:33:51.264+05:30  WARN 6588 --- [Calender] [main] org.hibernate.orm.deprecation            : HHH90000025: MySQL8Dialect does not need to be specified explicitly using 'hibernate.dialect' (remove the property setting and it will be selected by default)
2025-08-25T11:33:51.265+05:30  WARN 6588 --- [Calender] [main] org.hibernate.orm.deprecation            : HHH90000026: MySQL8Dialect has been deprecated; use org.hibernate.dialect.MySQLDialect instead
2025-08-25T11:33:51.281+05:30  INFO 6588 --- [Calender] [main] org.hibernate.orm.connections.pooling    : HHH10001005: Database info:
	Database JDBC URL [Connecting through datasource 'HikariDataSource (HikariPool-1)']
	Database driver: undefined/unknown
	Database version: 8.0
	Autocommit mode: undefined/unknown
	Isolation level: undefined/unknown
	Minimum pool size: undefined/unknown
	Maximum pool size: undefined/unknown
2025-08-25T11:33:51.395+05:30 ERROR 6588 --- [Calender] [main] j.LocalContainerEntityManagerFactoryBean : Failed to initialize JPA EntityManagerFactory: Entity 'com.lits.calender.entity.CalenderEvent' has no identifier (every '@Entity' class must declare or inherit at least one '@Id' or '@EmbeddedId' property)
2025-08-25T11:33:51.396+05:30  WARN 6588 --- [Calender] [main] o.s.w.c.s.GenericWebApplicationContext   : Exception encountered during context initialization - cancelling refresh attempt: org.springframework.beans.factory.BeanCreationException: Error creating bean with name 'entityManagerFactory' defined in class path resource [org/springframework/boot/autoconfigure/orm/jpa/HibernateJpaConfiguration.class]: Entity 'com.lits.calender.entity.CalenderEvent' has no identifier (every '@Entity' class must declare or inherit at least one '@Id' or '@EmbeddedId' property)
2025-08-25T11:33:51.397+05:30  INFO 6588 --- [Calender] [main] com.zaxxer.hikari.HikariDataSource       : HikariPool-1 - Shutdown initiated...
2025-08-25T11:33:51.405+05:30  INFO 6588 --- [Calender] [main] com.zaxxer.hikari.HikariDataSource       : HikariPool-1 - Shutdown completed.
2025-08-25T11:33:51.431+05:30  INFO 6588 --- [Calender] [main] .s.b.a.l.ConditionEvaluationReportLogger : 

Error starting ApplicationContext. To display the condition evaluation report re-run your application with 'debug' enabled.
2025-08-25T11:33:51.452+05:30 ERROR 6588 --- [Calender] [main] o.s.boot.SpringApplication               : Application run failed

org.springframework.beans.factory.BeanCreationException: Error creating bean with name 'entityManagerFactory' defined in class path resource [org/springframework/boot/autoconfigure/orm/jpa/HibernateJpaConfiguration.class]: Entity 'com.lits.calender.entity.CalenderEvent' has no identifier (every '@Entity' class must declare or inherit at least one '@Id' or '@EmbeddedId' property)
	at org.springframework.beans.factory.support.AbstractAutowireCapableBeanFactory.initializeBean(AbstractAutowireCapableBeanFactory.java:1826) ~[spring-beans-6.2.10.jar:6.2.10]
	at org.springframework.beans.factory.support.AbstractAutowireCapableBeanFactory.doCreateBean(AbstractAutowireCapableBeanFactory.java:607) ~[spring-beans-6.2.10.jar:6.2.10]
	at org.springframework.beans.factory.support.AbstractAutowireCapableBeanFactory.createBean(AbstractAutowireCapableBeanFactory.java:529) ~[spring-beans-6.2.10.jar:6.2.10]
	at org.springframework.beans.factory.support.AbstractBeanFactory.lambda$doGetBean$0(AbstractBeanFactory.java:339) ~[spring-beans-6.2.10.jar:6.2.10]
	at org.springframework.beans.factory.support.DefaultSingletonBeanRegistry.getSingleton(DefaultSingletonBeanRegistry.java:373) ~[spring-beans-6.2.10.jar:6.2.10]
	at org.springframework.beans.factory.support.AbstractBeanFactory.doGetBean(AbstractBeanFactory.java:337) ~[spring-beans-6.2.10.jar:6.2.10]
	at org.springframework.beans.factory.support.AbstractBeanFactory.getBean(AbstractBeanFactory.java:207) ~[spring-beans-6.2.10.jar:6.2.10]
	at org.springframework.context.support.AbstractApplicationContext.finishBeanFactoryInitialization(AbstractApplicationContext.java:970) ~[spring-context-6.2.10.jar:6.2.10]
	at org.springframework.context.support.AbstractApplicationContext.refresh(AbstractApplicationContext.java:627) ~[spring-context-6.2.10.jar:6.2.10]
	at org.springframework.boot.SpringApplication.refresh(SpringApplication.java:752) ~[spring-boot-3.5.5.jar:3.5.5]
	at org.springframework.boot.SpringApplication.refreshContext(SpringApplication.java:439) ~[spring-boot-3.5.5.jar:3.5.5]
	at org.springframework.boot.SpringApplication.run(SpringApplication.java:318) ~[spring-boot-3.5.5.jar:3.5.5]
	at org.springframework.boot.test.context.SpringBootContextLoader.lambda$loadContext$3(SpringBootContextLoader.java:144) ~[spring-boot-test-3.5.5.jar:3.5.5]
	at org.springframework.util.function.ThrowingSupplier.get(ThrowingSupplier.java:58) ~[spring-core-6.2.10.jar:6.2.10]
	at org.springframework.util.function.ThrowingSupplier.get(ThrowingSupplier.java:46) ~[spring-core-6.2.10.jar:6.2.10]
	at org.springframework.boot.SpringApplication.withHook(SpringApplication.java:1461) ~[spring-boot-3.5.5.jar:3.5.5]
	at org.springframework.boot.test.context.SpringBootContextLoader$ContextLoaderHook.run(SpringBootContextLoader.java:563) ~[spring-boot-test-3.5.5.jar:3.5.5]
	at org.springframework.boot.test.context.SpringBootContextLoader.loadContext(SpringBootContextLoader.java:144) ~[spring-boot-test-3.5.5.jar:3.5.5]
	at org.springframework.boot.test.context.SpringBootContextLoader.loadContext(SpringBootContextLoader.java:110) ~[spring-boot-test-3.5.5.jar:3.5.5]
	at org.springframework.test.context.cache.DefaultCacheAwareContextLoaderDelegate.loadContextInternal(DefaultCacheAwareContextLoaderDelegate.java:225) ~[spring-test-6.2.10.jar:6.2.10]
	at org.springframework.test.context.cache.DefaultCacheAwareContextLoaderDelegate.loadContext(DefaultCacheAwareContextLoaderDelegate.java:152) ~[spring-test-6.2.10.jar:6.2.10]
	at org.springframework.test.context.support.DefaultTestContext.getApplicationContext(DefaultTestContext.java:130) ~[spring-test-6.2.10.jar:6.2.10]
	at org.springframework.test.context.web.ServletTestExecutionListener.setUpRequestContextIfNecessary(ServletTestExecutionListener.java:200) ~[spring-test-6.2.10.jar:6.2.10]
	at org.springframework.test.context.web.ServletTestExecutionListener.prepareTestInstance(ServletTestExecutionListener.java:139) ~[spring-test-6.2.10.jar:6.2.10]
	at org.springframework.test.context.TestContextManager.prepareTestInstance(TestContextManager.java:260) ~[spring-test-6.2.10.jar:6.2.10]
	at org.springframework.test.context.junit.jupiter.SpringExtension.postProcessTestInstance(SpringExtension.java:159) ~[spring-test-6.2.10.jar:6.2.10]
	at org.junit.jupiter.engine.descriptor.ClassBasedTestDescriptor.lambda$invokeTestInstancePostProcessors$10(ClassBasedTestDescriptor.java:383) ~[junit-jupiter-engine-5.12.2.jar:5.12.2]
	at org.junit.jupiter.engine.descriptor.ClassBasedTestDescriptor.executeAndMaskThrowable(ClassBasedTestDescriptor.java:388) ~[junit-jupiter-engine-5.12.2.jar:5.12.2]
	at org.junit.jupiter.engine.descriptor.ClassBasedTestDescriptor.lambda$invokeTestInstancePostProcessors$11(ClassBasedTestDescriptor.java:382) ~[junit-jupiter-engine-5.12.2.jar:5.12.2]
	at java.base/java.util.stream.ForEachOps$ForEachOp$OfRef.accept(ForEachOps.java:183) ~[na:na]
	at java.base/java.util.stream.ReferencePipeline$3$1.accept(ReferencePipeline.java:197) ~[na:na]
	at java.base/java.util.stream.ReferencePipeline$2$1.accept(ReferencePipeline.java:179) ~[na:na]
	at java.base/java.util.stream.ReferencePipeline$3$1.accept(ReferencePipeline.java:197) ~[na:na]
	at java.base/java.util.ArrayList$ArrayListSpliterator.forEachRemaining(ArrayList.java:1625) ~[na:na]
	at java.base/java.util.stream.AbstractPipeline.copyInto(AbstractPipeline.java:509) ~[na:na]
	at java.base/java.util.stream.AbstractPipeline.wrapAndCopyInto(AbstractPipeline.java:499) ~[na:na]
	at java.base/java.util.stream.ForEachOps$ForEachOp.evaluateSequential(ForEachOps.java:150) ~[na:na]
	at java.base/java.util.stream.ForEachOps$ForEachOp$OfRef.evaluateSequential(ForEachOps.java:173) ~[na:na]
	at java.base/java.util.stream.AbstractPipeline.evaluate(AbstractPipeline.java:234) ~[na:na]
	at java.base/java.util.stream.ReferencePipeline.forEach(ReferencePipeline.java:596) ~[na:na]
	at org.junit.jupiter.engine.descriptor.ClassBasedTestDescriptor.invokeTestInstancePostProcessors(ClassBasedTestDescriptor.java:382) ~[junit-jupiter-engine-5.12.2.jar:5.12.2]
	at org.junit.jupiter.engine.descriptor.ClassBasedTestDescriptor.lambda$instantiateAndPostProcessTestInstance$6(ClassBasedTestDescriptor.java:293) ~[junit-jupiter-engine-5.12.2.jar:5.12.2]
	at org.junit.platform.engine.support.hierarchical.ThrowableCollector.execute(ThrowableCollector.java:73) ~[junit-platform-engine-1.12.2.jar:1.12.2]
	at org.junit.jupiter.engine.descriptor.ClassBasedTestDescriptor.instantiateAndPostProcessTestInstance(ClassBasedTestDescriptor.java:292) ~[junit-jupiter-engine-5.12.2.jar:5.12.2]
	at org.junit.jupiter.engine.descriptor.ClassBasedTestDescriptor.lambda$testInstancesProvider$4(ClassBasedTestDescriptor.java:281) ~[junit-jupiter-engine-5.12.2.jar:5.12.2]
	at java.base/java.util.Optional.orElseGet(Optional.java:364) ~[na:na]
	at org.junit.jupiter.engine.descriptor.ClassBasedTestDescriptor.lambda$testInstancesProvider$5(ClassBasedTestDescriptor.java:280) ~[junit-jupiter-engine-5.12.2.jar:5.12.2]
	at org.junit.jupiter.engine.execution.TestInstancesProvider.getTestInstances(TestInstancesProvider.java:27) ~[junit-jupiter-engine-5.12.2.jar:5.12.2]
	at org.junit.jupiter.engine.descriptor.TestMethodTestDescriptor.lambda$prepare$0(TestMethodTestDescriptor.java:112) ~[junit-jupiter-engine-5.12.2.jar:5.12.2]
	at org.junit.platform.engine.support.hierarchical.ThrowableCollector.execute(ThrowableCollector.java:73) ~[junit-platform-engine-1.12.2.jar:1.12.2]
	at org.junit.jupiter.engine.descriptor.TestMethodTestDescriptor.prepare(TestMethodTestDescriptor.java:111) ~[junit-jupiter-engine-5.12.2.jar:5.12.2]
	at org.junit.jupiter.engine.descriptor.TestMethodTestDescriptor.prepare(TestMethodTestDescriptor.java:69) ~[junit-jupiter-engine-5.12.2.jar:5.12.2]
	at org.junit.platform.engine.support.hierarchical.NodeTestTask.lambda$prepare$2(NodeTestTask.java:128) ~[junit-platform-engine-1.12.2.jar:1.12.2]
	at org.junit.platform.engine.support.hierarchical.ThrowableCollector.execute(ThrowableCollector.java:73) ~[junit-platform-engine-1.12.2.jar:1.12.2]
	at org.junit.platform.engine.support.hierarchical.NodeTestTask.prepare(NodeTestTask.java:128) ~[junit-platform-engine-1.12.2.jar:1.12.2]
	at org.junit.platform.engine.support.hierarchical.NodeTestTask.execute(NodeTestTask.java:95) ~[junit-platform-engine-1.12.2.jar:1.12.2]
	at java.base/java.util.ArrayList.forEach(ArrayList.java:1511) ~[na:na]
	at org.junit.platform.engine.support.hierarchical.SameThreadHierarchicalTestExecutorService.invokeAll(SameThreadHierarchicalTestExecutorService.java:41) ~[junit-platform-engine-1.12.2.jar:1.12.2]
	at org.junit.platform.engine.support.hierarchical.NodeTestTask.lambda$executeRecursively$6(NodeTestTask.java:160) ~[junit-platform-engine-1.12.2.jar:1.12.2]
	at org.junit.platform.engine.support.hierarchical.ThrowableCollector.execute(ThrowableCollector.java:73) ~[junit-platform-engine-1.12.2.jar:1.12.2]
	at org.junit.platform.engine.support.hierarchical.NodeTestTask.lambda$executeRecursively$8(NodeTestTask.java:146) ~[junit-platform-engine-1.12.2.jar:1.12.2]
	at org.junit.platform.engine.support.hierarchical.Node.around(Node.java:137) ~[junit-platform-engine-1.12.2.jar:1.12.2]
	at org.junit.platform.engine.support.hierarchical.NodeTestTask.lambda$executeRecursively$9(NodeTestTask.java:144) ~[junit-platform-engine-1.12.2.jar:1.12.2]
	at org.junit.platform.engine.support.hierarchical.ThrowableCollector.execute(ThrowableCollector.java:73) ~[junit-platform-engine-1.12.2.jar:1.12.2]
	at org.junit.platform.engine.support.hierarchical.NodeTestTask.executeRecursively(NodeTestTask.java:143) ~[junit-platform-engine-1.12.2.jar:1.12.2]
	at org.junit.platform.engine.support.hierarchical.NodeTestTask.execute(NodeTestTask.java:100) ~[junit-platform-engine-1.12.2.jar:1.12.2]
	at java.base/java.util.ArrayList.forEach(ArrayList.java:1511) ~[na:na]
	at org.junit.platform.engine.support.hierarchical.SameThreadHierarchicalTestExecutorService.invokeAll(SameThreadHierarchicalTestExecutorService.java:41) ~[junit-platform-engine-1.12.2.jar:1.12.2]
	at org.junit.platform.engine.support.hierarchical.NodeTestTask.lambda$executeRecursively$6(NodeTestTask.java:160) ~[junit-platform-engine-1.12.2.jar:1.12.2]
	at org.junit.platform.engine.support.hierarchical.ThrowableCollector.execute(ThrowableCollector.java:73) ~[junit-platform-engine-1.12.2.jar:1.12.2]
	at org.junit.platform.engine.support.hierarchical.NodeTestTask.lambda$executeRecursively$8(NodeTestTask.java:146) ~[junit-platform-engine-1.12.2.jar:1.12.2]
	at org.junit.platform.engine.support.hierarchical.Node.around(Node.java:137) ~[junit-platform-engine-1.12.2.jar:1.12.2]
	at org.junit.platform.engine.support.hierarchical.NodeTestTask.lambda$executeRecursively$9(NodeTestTask.java:144) ~[junit-platform-engine-1.12.2.jar:1.12.2]
	at org.junit.platform.engine.support.hierarchical.ThrowableCollector.execute(ThrowableCollector.java:73) ~[junit-platform-engine-1.12.2.jar:1.12.2]
	at org.junit.platform.engine.support.hierarchical.NodeTestTask.executeRecursively(NodeTestTask.java:143) ~[junit-platform-engine-1.12.2.jar:1.12.2]
	at org.junit.platform.engine.support.hierarchical.NodeTestTask.execute(NodeTestTask.java:100) ~[junit-platform-engine-1.12.2.jar:1.12.2]
	at org.junit.platform.engine.support.hierarchical.SameThreadHierarchicalTestExecutorService.submit(SameThreadHierarchicalTestExecutorService.java:35) ~[junit-platform-engine-1.12.2.jar:1.12.2]
	at org.junit.platform.engine.support.hierarchical.HierarchicalTestExecutor.execute(HierarchicalTestExecutor.java:57) ~[junit-platform-engine-1.12.2.jar:1.12.2]
	at org.junit.platform.engine.support.hierarchical.HierarchicalTestEngine.execute(HierarchicalTestEngine.java:54) ~[junit-platform-engine-1.12.2.jar:1.12.2]
	at org.junit.platform.launcher.core.EngineExecutionOrchestrator.execute(EngineExecutionOrchestrator.java:201) ~[junit-platform-launcher-1.12.2.jar:1.12.2]
	at org.junit.platform.launcher.core.EngineExecutionOrchestrator.execute(EngineExecutionOrchestrator.java:170) ~[junit-platform-launcher-1.12.2.jar:1.12.2]
	at org.junit.platform.launcher.core.EngineExecutionOrchestrator.execute(EngineExecutionOrchestrator.java:94) ~[junit-platform-launcher-1.12.2.jar:1.12.2]
	at org.junit.platform.launcher.core.EngineExecutionOrchestrator.lambda$execute$0(EngineExecutionOrchestrator.java:59) ~[junit-platform-launcher-1.12.2.jar:1.12.2]
	at org.junit.platform.launcher.core.EngineExecutionOrchestrator.withInterceptedStreams(EngineExecutionOrchestrator.java:142) ~[junit-platform-launcher-1.12.2.jar:1.12.2]
	at org.junit.platform.launcher.core.EngineExecutionOrchestrator.execute(EngineExecutionOrchestrator.java:58) ~[junit-platform-launcher-1.12.2.jar:1.12.2]
	at org.junit.platform.launcher.core.DefaultLauncher.execute(DefaultLauncher.java:103) ~[junit-platform-launcher-1.12.2.jar:1.12.2]
	at org.junit.platform.launcher.core.DefaultLauncher.execute(DefaultLauncher.java:85) ~[junit-platform-launcher-1.12.2.jar:1.12.2]
	at org.junit.platform.launcher.core.DelegatingLauncher.execute(DelegatingLauncher.java:47) ~[junit-platform-launcher-1.12.2.jar:1.12.2]
	at org.junit.platform.launcher.core.InterceptingLauncher.lambda$execute$1(InterceptingLauncher.java:39) ~[junit-platform-launcher-1.12.2.jar:1.12.2]
	at org.junit.platform.launcher.core.ClasspathAlignmentCheckingLauncherInterceptor.intercept(ClasspathAlignmentCheckingLauncherInterceptor.java:25) ~[junit-platform-launcher-1.12.2.jar:1.12.2]
	at org.junit.platform.launcher.core.InterceptingLauncher.execute(InterceptingLauncher.java:38) ~[junit-platform-launcher-1.12.2.jar:1.12.2]
	at org.junit.platform.launcher.core.DelegatingLauncher.execute(DelegatingLauncher.java:47) ~[junit-platform-launcher-1.12.2.jar:1.12.2]
	at org.apache.maven.surefire.junitplatform.LazyLauncher.execute(LazyLauncher.java:56) ~[surefire-junit-platform-3.5.3.jar:3.5.3]
	at org.apache.maven.surefire.junitplatform.JUnitPlatformProvider.execute(JUnitPlatformProvider.java:194) ~[surefire-junit-platform-3.5.3.jar:3.5.3]
	at org.apache.maven.surefire.junitplatform.JUnitPlatformProvider.invokeAllTests(JUnitPlatformProvider.java:150) ~[surefire-junit-platform-3.5.3.jar:3.5.3]
	at org.apache.maven.surefire.junitplatform.JUnitPlatformProvider.invoke(JUnitPlatformProvider.java:124) ~[surefire-junit-platform-3.5.3.jar:3.5.3]
	at org.apache.maven.surefire.booter.ForkedBooter.runSuitesInProcess(ForkedBooter.java:385) ~[surefire-booter-3.5.3.jar:3.5.3]
	at org.apache.maven.surefire.booter.ForkedBooter.execute(ForkedBooter.java:162) ~[surefire-booter-3.5.3.jar:3.5.3]
	at org.apache.maven.surefire.booter.ForkedBooter.run(ForkedBooter.java:507) ~[surefire-booter-3.5.3.jar:3.5.3]
	at org.apache.maven.surefire.booter.ForkedBooter.main(ForkedBooter.java:495) ~[surefire-booter-3.5.3.jar:3.5.3]
Caused by: org.hibernate.AnnotationException: Entity 'com.lits.calender.entity.CalenderEvent' has no identifier (every '@Entity' class must declare or inherit at least one '@Id' or '@EmbeddedId' property)
	at org.hibernate.boot.model.internal.InheritanceState.determineDefaultAccessType(InheritanceState.java:289) ~[hibernate-core-6.6.26.Final.jar:6.6.26.Final]
	at org.hibernate.boot.model.internal.InheritanceState.getElementsToProcess(InheritanceState.java:226) ~[hibernate-core-6.6.26.Final.jar:6.6.26.Final]
	at org.hibernate.boot.model.internal.InheritanceState.postProcess(InheritanceState.java:162) ~[hibernate-core-6.6.26.Final.jar:6.6.26.Final]
	at org.hibernate.boot.model.internal.EntityBinder.handleIdentifier(EntityBinder.java:410) ~[hibernate-core-6.6.26.Final.jar:6.6.26.Final]
	at org.hibernate.boot.model.internal.EntityBinder.bindEntityClass(EntityBinder.java:251) ~[hibernate-core-6.6.26.Final.jar:6.6.26.Final]
	at org.hibernate.boot.model.internal.AnnotationBinder.bindClass(AnnotationBinder.java:404) ~[hibernate-core-6.6.26.Final.jar:6.6.26.Final]
	at org.hibernate.boot.model.source.internal.annotations.AnnotationMetadataSourceProcessorImpl.processEntityHierarchies(AnnotationMetadataSourceProcessorImpl.java:266) ~[hibernate-core-6.6.26.Final.jar:6.6.26.Final]
	at org.hibernate.boot.model.process.spi.MetadataBuildingProcess$1.processEntityHierarchies(MetadataBuildingProcess.java:281) ~[hibernate-core-6.6.26.Final.jar:6.6.26.Final]
	at org.hibernate.boot.model.process.spi.MetadataBuildingProcess.complete(MetadataBuildingProcess.java:324) ~[hibernate-core-6.6.26.Final.jar:6.6.26.Final]
	at org.hibernate.jpa.boot.internal.EntityManagerFactoryBuilderImpl.metadata(EntityManagerFactoryBuilderImpl.java:1442) ~[hibernate-core-6.6.26.Final.jar:6.6.26.Final]
	at org.hibernate.jpa.boot.internal.EntityManagerFactoryBuilderImpl.build(EntityManagerFactoryBuilderImpl.java:1513) ~[hibernate-core-6.6.26.Final.jar:6.6.26.Final]
	at org.springframework.orm.jpa.vendor.SpringHibernateJpaPersistenceProvider.createContainerEntityManagerFactory(SpringHibernateJpaPersistenceProvider.java:66) ~[spring-orm-6.2.10.jar:6.2.10]
	at org.springframework.orm.jpa.LocalContainerEntityManagerFactoryBean.createNativeEntityManagerFactory(LocalContainerEntityManagerFactoryBean.java:390) ~[spring-orm-6.2.10.jar:6.2.10]
	at org.springframework.orm.jpa.AbstractEntityManagerFactoryBean.buildNativeEntityManagerFactory(AbstractEntityManagerFactoryBean.java:419) ~[spring-orm-6.2.10.jar:6.2.10]
	at org.springframework.orm.jpa.AbstractEntityManagerFactoryBean.afterPropertiesSet(AbstractEntityManagerFactoryBean.java:400) ~[spring-orm-6.2.10.jar:6.2.10]
	at org.springframework.orm.jpa.LocalContainerEntityManagerFactoryBean.afterPropertiesSet(LocalContainerEntityManagerFactoryBean.java:366) ~[spring-orm-6.2.10.jar:6.2.10]
	at org.springframework.beans.factory.support.AbstractAutowireCapableBeanFactory.invokeInitMethods(AbstractAutowireCapableBeanFactory.java:1873) ~[spring-beans-6.2.10.jar:6.2.10]
	at org.springframework.beans.factory.support.AbstractAutowireCapableBeanFactory.initializeBean(AbstractAutowireCapableBeanFactory.java:1822) ~[spring-beans-6.2.10.jar:6.2.10]
	... 99 common frames omitted

2025-08-25T11:33:51.462+05:30  WARN 6588 --- [Calender] [main] o.s.test.context.TestContextManager      : Caught exception while allowing TestExecutionListener [org.springframework.test.context.web.ServletTestExecutionListener] to prepare test instance [com.lits.calender.CalenderApplicationTests@11309dd4]

java.lang.IllegalStateException: Failed to load ApplicationContext for [WebMergedContextConfiguration@14b26e90 testClass = com.lits.calender.CalenderApplicationTests, locations = [], classes = [com.lits.calender.CalenderApplication], contextInitializerClasses = [], activeProfiles = [], propertySourceDescriptors = [], propertySourceProperties = ["org.springframework.boot.test.context.SpringBootTestContextBootstrapper=true"], contextCustomizers = [org.springframework.boot.test.context.filter.ExcludeFilterContextCustomizer@53de625d, org.springframework.boot.test.json.DuplicateJsonObjectContextCustomizerFactory$DuplicateJsonObjectContextCustomizer@24111ef1, org.springframework.boot.test.mock.mockito.MockitoContextCustomizer@0, org.springframework.boot.test.web.client.TestRestTemplateContextCustomizer@7776ab, org.springframework.boot.test.web.reactor.netty.DisableReactorResourceFactoryGlobalResourcesContextCustomizerFactory$DisableReactorResourceFactoryGlobalResourcesContextCustomizerCustomizer@4b1d6571, org.springframework.boot.test.autoconfigure.OnFailureConditionReportContextCustomizerFactory$OnFailureConditionReportContextCustomizer@4f25b795, org.springframework.boot.test.autoconfigure.actuate.observability.ObservabilityContextCustomizerFactory$DisableObservabilityContextCustomizer@1f, org.springframework.boot.test.autoconfigure.properties.PropertyMappingContextCustomizer@0, org.springframework.boot.test.autoconfigure.web.servlet.WebDriverContextCustomizer@7241a47d, org.springframework.test.context.support.DynamicPropertiesContextCustomizer@0, org.springframework.boot.test.context.SpringBootTestAnnotation@a15ac970], resourceBasePath = "src/main/webapp", contextLoader = org.springframework.boot.test.context.SpringBootContextLoader, parent = null]
	at org.springframework.test.context.cache.DefaultCacheAwareContextLoaderDelegate.loadContext(DefaultCacheAwareContextLoaderDelegate.java:180) ~[spring-test-6.2.10.jar:6.2.10]
	at org.springframework.test.context.support.DefaultTestContext.getApplicationContext(DefaultTestContext.java:130) ~[spring-test-6.2.10.jar:6.2.10]
	at org.springframework.test.context.web.ServletTestExecutionListener.setUpRequestContextIfNecessary(ServletTestExecutionListener.java:200) ~[spring-test-6.2.10.jar:6.2.10]
	at org.springframework.test.context.web.ServletTestExecutionListener.prepareTestInstance(ServletTestExecutionListener.java:139) ~[spring-test-6.2.10.jar:6.2.10]
	at org.springframework.test.context.TestContextManager.prepareTestInstance(TestContextManager.java:260) ~[spring-test-6.2.10.jar:6.2.10]
	at org.springframework.test.context.junit.jupiter.SpringExtension.postProcessTestInstance(SpringExtension.java:159) ~[spring-test-6.2.10.jar:6.2.10]
	at org.junit.jupiter.engine.descriptor.ClassBasedTestDescriptor.lambda$invokeTestInstancePostProcessors$10(ClassBasedTestDescriptor.java:383) ~[junit-jupiter-engine-5.12.2.jar:5.12.2]
	at org.junit.jupiter.engine.descriptor.ClassBasedTestDescriptor.executeAndMaskThrowable(ClassBasedTestDescriptor.java:388) ~[junit-jupiter-engine-5.12.2.jar:5.12.2]
	at org.junit.jupiter.engine.descriptor.ClassBasedTestDescriptor.lambda$invokeTestInstancePostProcessors$11(ClassBasedTestDescriptor.java:382) ~[junit-jupiter-engine-5.12.2.jar:5.12.2]
	at java.base/java.util.stream.ForEachOps$ForEachOp$OfRef.accept(ForEachOps.java:183) ~[na:na]
	at java.base/java.util.stream.ReferencePipeline$3$1.accept(ReferencePipeline.java:197) ~[na:na]
	at java.base/java.util.stream.ReferencePipeline$2$1.accept(ReferencePipeline.java:179) ~[na:na]
	at java.base/java.util.stream.ReferencePipeline$3$1.accept(ReferencePipeline.java:197) ~[na:na]
	at java.base/java.util.ArrayList$ArrayListSpliterator.forEachRemaining(ArrayList.java:1625) ~[na:na]
	at java.base/java.util.stream.AbstractPipeline.copyInto(AbstractPipeline.java:509) ~[na:na]
	at java.base/java.util.stream.AbstractPipeline.wrapAndCopyInto(AbstractPipeline.java:499) ~[na:na]
	at java.base/java.util.stream.ForEachOps$ForEachOp.evaluateSequential(ForEachOps.java:150) ~[na:na]
	at java.base/java.util.stream.ForEachOps$ForEachOp$OfRef.evaluateSequential(ForEachOps.java:173) ~[na:na]
	at java.base/java.util.stream.AbstractPipeline.evaluate(AbstractPipeline.java:234) ~[na:na]
	at java.base/java.util.stream.ReferencePipeline.forEach(ReferencePipeline.java:596) ~[na:na]
	at org.junit.jupiter.engine.descriptor.ClassBasedTestDescriptor.invokeTestInstancePostProcessors(ClassBasedTestDescriptor.java:382) ~[junit-jupiter-engine-5.12.2.jar:5.12.2]
	at org.junit.jupiter.engine.descriptor.ClassBasedTestDescriptor.lambda$instantiateAndPostProcessTestInstance$6(ClassBasedTestDescriptor.java:293) ~[junit-jupiter-engine-5.12.2.jar:5.12.2]
	at org.junit.platform.engine.support.hierarchical.ThrowableCollector.execute(ThrowableCollector.java:73) ~[junit-platform-engine-1.12.2.jar:1.12.2]
	at org.junit.jupiter.engine.descriptor.ClassBasedTestDescriptor.instantiateAndPostProcessTestInstance(ClassBasedTestDescriptor.java:292) ~[junit-jupiter-engine-5.12.2.jar:5.12.2]
	at org.junit.jupiter.engine.descriptor.ClassBasedTestDescriptor.lambda$testInstancesProvider$4(ClassBasedTestDescriptor.java:281) ~[junit-jupiter-engine-5.12.2.jar:5.12.2]
	at java.base/java.util.Optional.orElseGet(Optional.java:364) ~[na:na]
	at org.junit.jupiter.engine.descriptor.ClassBasedTestDescriptor.lambda$testInstancesProvider$5(ClassBasedTestDescriptor.java:280) ~[junit-jupiter-engine-5.12.2.jar:5.12.2]
	at org.junit.jupiter.engine.execution.TestInstancesProvider.getTestInstances(TestInstancesProvider.java:27) ~[junit-jupiter-engine-5.12.2.jar:5.12.2]
	at org.junit.jupiter.engine.descriptor.TestMethodTestDescriptor.lambda$prepare$0(TestMethodTestDescriptor.java:112) ~[junit-jupiter-engine-5.12.2.jar:5.12.2]
	at org.junit.platform.engine.support.hierarchical.ThrowableCollector.execute(ThrowableCollector.java:73) ~[junit-platform-engine-1.12.2.jar:1.12.2]
	at org.junit.jupiter.engine.descriptor.TestMethodTestDescriptor.prepare(TestMethodTestDescriptor.java:111) ~[junit-jupiter-engine-5.12.2.jar:5.12.2]
	at org.junit.jupiter.engine.descriptor.TestMethodTestDescriptor.prepare(TestMethodTestDescriptor.java:69) ~[junit-jupiter-engine-5.12.2.jar:5.12.2]
	at org.junit.platform.engine.support.hierarchical.NodeTestTask.lambda$prepare$2(NodeTestTask.java:128) ~[junit-platform-engine-1.12.2.jar:1.12.2]
	at org.junit.platform.engine.support.hierarchical.ThrowableCollector.execute(ThrowableCollector.java:73) ~[junit-platform-engine-1.12.2.jar:1.12.2]
	at org.junit.platform.engine.support.hierarchical.NodeTestTask.prepare(NodeTestTask.java:128) ~[junit-platform-engine-1.12.2.jar:1.12.2]
	at org.junit.platform.engine.support.hierarchical.NodeTestTask.execute(NodeTestTask.java:95) ~[junit-platform-engine-1.12.2.jar:1.12.2]
	at java.base/java.util.ArrayList.forEach(ArrayList.java:1511) ~[na:na]
	at org.junit.platform.engine.support.hierarchical.SameThreadHierarchicalTestExecutorService.invokeAll(SameThreadHierarchicalTestExecutorService.java:41) ~[junit-platform-engine-1.12.2.jar:1.12.2]
	at org.junit.platform.engine.support.hierarchical.NodeTestTask.lambda$executeRecursively$6(NodeTestTask.java:160) ~[junit-platform-engine-1.12.2.jar:1.12.2]
	at org.junit.platform.engine.support.hierarchical.ThrowableCollector.execute(ThrowableCollector.java:73) ~[junit-platform-engine-1.12.2.jar:1.12.2]
	at org.junit.platform.engine.support.hierarchical.NodeTestTask.lambda$executeRecursively$8(NodeTestTask.java:146) ~[junit-platform-engine-1.12.2.jar:1.12.2]
	at org.junit.platform.engine.support.hierarchical.Node.around(Node.java:137) ~[junit-platform-engine-1.12.2.jar:1.12.2]
	at org.junit.platform.engine.support.hierarchical.NodeTestTask.lambda$executeRecursively$9(NodeTestTask.java:144) ~[junit-platform-engine-1.12.2.jar:1.12.2]
	at org.junit.platform.engine.support.hierarchical.ThrowableCollector.execute(ThrowableCollector.java:73) ~[junit-platform-engine-1.12.2.jar:1.12.2]
	at org.junit.platform.engine.support.hierarchical.NodeTestTask.executeRecursively(NodeTestTask.java:143) ~[junit-platform-engine-1.12.2.jar:1.12.2]
	at org.junit.platform.engine.support.hierarchical.NodeTestTask.execute(NodeTestTask.java:100) ~[junit-platform-engine-1.12.2.jar:1.12.2]
	at java.base/java.util.ArrayList.forEach(ArrayList.java:1511) ~[na:na]
	at org.junit.platform.engine.support.hierarchical.SameThreadHierarchicalTestExecutorService.invokeAll(SameThreadHierarchicalTestExecutorService.java:41) ~[junit-platform-engine-1.12.2.jar:1.12.2]
	at org.junit.platform.engine.support.hierarchical.NodeTestTask.lambda$executeRecursively$6(NodeTestTask.java:160) ~[junit-platform-engine-1.12.2.jar:1.12.2]
	at org.junit.platform.engine.support.hierarchical.ThrowableCollector.execute(ThrowableCollector.java:73) ~[junit-platform-engine-1.12.2.jar:1.12.2]
	at org.junit.platform.engine.support.hierarchical.NodeTestTask.lambda$executeRecursively$8(NodeTestTask.java:146) ~[junit-platform-engine-1.12.2.jar:1.12.2]
	at org.junit.platform.engine.support.hierarchical.Node.around(Node.java:137) ~[junit-platform-engine-1.12.2.jar:1.12.2]
	at org.junit.platform.engine.support.hierarchical.NodeTestTask.lambda$executeRecursively$9(NodeTestTask.java:144) ~[junit-platform-engine-1.12.2.jar:1.12.2]
	at org.junit.platform.engine.support.hierarchical.ThrowableCollector.execute(ThrowableCollector.java:73) ~[junit-platform-engine-1.12.2.jar:1.12.2]
	at org.junit.platform.engine.support.hierarchical.NodeTestTask.executeRecursively(NodeTestTask.java:143) ~[junit-platform-engine-1.12.2.jar:1.12.2]
	at org.junit.platform.engine.support.hierarchical.NodeTestTask.execute(NodeTestTask.java:100) ~[junit-platform-engine-1.12.2.jar:1.12.2]
	at org.junit.platform.engine.support.hierarchical.SameThreadHierarchicalTestExecutorService.submit(SameThreadHierarchicalTestExecutorService.java:35) ~[junit-platform-engine-1.12.2.jar:1.12.2]
	at org.junit.platform.engine.support.hierarchical.HierarchicalTestExecutor.execute(HierarchicalTestExecutor.java:57) ~[junit-platform-engine-1.12.2.jar:1.12.2]
	at org.junit.platform.engine.support.hierarchical.HierarchicalTestEngine.execute(HierarchicalTestEngine.java:54) ~[junit-platform-engine-1.12.2.jar:1.12.2]
	at org.junit.platform.launcher.core.EngineExecutionOrchestrator.execute(EngineExecutionOrchestrator.java:201) ~[junit-platform-launcher-1.12.2.jar:1.12.2]
	at org.junit.platform.launcher.core.EngineExecutionOrchestrator.execute(EngineExecutionOrchestrator.java:170) ~[junit-platform-launcher-1.12.2.jar:1.12.2]
	at org.junit.platform.launcher.core.EngineExecutionOrchestrator.execute(EngineExecutionOrchestrator.java:94) ~[junit-platform-launcher-1.12.2.jar:1.12.2]
	at org.junit.platform.launcher.core.EngineExecutionOrchestrator.lambda$execute$0(EngineExecutionOrchestrator.java:59) ~[junit-platform-launcher-1.12.2.jar:1.12.2]
	at org.junit.platform.launcher.core.EngineExecutionOrchestrator.withInterceptedStreams(EngineExecutionOrchestrator.java:142) ~[junit-platform-launcher-1.12.2.jar:1.12.2]
	at org.junit.platform.launcher.core.EngineExecutionOrchestrator.execute(EngineExecutionOrchestrator.java:58) ~[junit-platform-launcher-1.12.2.jar:1.12.2]
	at org.junit.platform.launcher.core.DefaultLauncher.execute(DefaultLauncher.java:103) ~[junit-platform-launcher-1.12.2.jar:1.12.2]
	at org.junit.platform.launcher.core.DefaultLauncher.execute(DefaultLauncher.java:85) ~[junit-platform-launcher-1.12.2.jar:1.12.2]
	at org.junit.platform.launcher.core.DelegatingLauncher.execute(DelegatingLauncher.java:47) ~[junit-platform-launcher-1.12.2.jar:1.12.2]
	at org.junit.platform.launcher.core.InterceptingLauncher.lambda$execute$1(InterceptingLauncher.java:39) ~[junit-platform-launcher-1.12.2.jar:1.12.2]
	at org.junit.platform.launcher.core.ClasspathAlignmentCheckingLauncherInterceptor.intercept(ClasspathAlignmentCheckingLauncherInterceptor.java:25) ~[junit-platform-launcher-1.12.2.jar:1.12.2]
	at org.junit.platform.launcher.core.InterceptingLauncher.execute(InterceptingLauncher.java:38) ~[junit-platform-launcher-1.12.2.jar:1.12.2]
	at org.junit.platform.launcher.core.DelegatingLauncher.execute(DelegatingLauncher.java:47) ~[junit-platform-launcher-1.12.2.jar:1.12.2]
	at org.apache.maven.surefire.junitplatform.LazyLauncher.execute(LazyLauncher.java:56) ~[surefire-junit-platform-3.5.3.jar:3.5.3]
	at org.apache.maven.surefire.junitplatform.JUnitPlatformProvider.execute(JUnitPlatformProvider.java:194) ~[surefire-junit-platform-3.5.3.jar:3.5.3]
	at org.apache.maven.surefire.junitplatform.JUnitPlatformProvider.invokeAllTests(JUnitPlatformProvider.java:150) ~[surefire-junit-platform-3.5.3.jar:3.5.3]
	at org.apache.maven.surefire.junitplatform.JUnitPlatformProvider.invoke(JUnitPlatformProvider.java:124) ~[surefire-junit-platform-3.5.3.jar:3.5.3]
	at org.apache.maven.surefire.booter.ForkedBooter.runSuitesInProcess(ForkedBooter.java:385) ~[surefire-booter-3.5.3.jar:3.5.3]
	at org.apache.maven.surefire.booter.ForkedBooter.execute(ForkedBooter.java:162) ~[surefire-booter-3.5.3.jar:3.5.3]
	at org.apache.maven.surefire.booter.ForkedBooter.run(ForkedBooter.java:507) ~[surefire-booter-3.5.3.jar:3.5.3]
	at org.apache.maven.surefire.booter.ForkedBooter.main(ForkedBooter.java:495) ~[surefire-booter-3.5.3.jar:3.5.3]
Caused by: org.springframework.beans.factory.BeanCreationException: Error creating bean with name 'entityManagerFactory' defined in class path resource [org/springframework/boot/autoconfigure/orm/jpa/HibernateJpaConfiguration.class]: Entity 'com.lits.calender.entity.CalenderEvent' has no identifier (every '@Entity' class must declare or inherit at least one '@Id' or '@EmbeddedId' property)
	at org.springframework.beans.factory.support.AbstractAutowireCapableBeanFactory.initializeBean(AbstractAutowireCapableBeanFactory.java:1826) ~[spring-beans-6.2.10.jar:6.2.10]
	at org.springframework.beans.factory.support.AbstractAutowireCapableBeanFactory.doCreateBean(AbstractAutowireCapableBeanFactory.java:607) ~[spring-beans-6.2.10.jar:6.2.10]
	at org.springframework.beans.factory.support.AbstractAutowireCapableBeanFactory.createBean(AbstractAutowireCapableBeanFactory.java:529) ~[spring-beans-6.2.10.jar:6.2.10]
	at org.springframework.beans.factory.support.AbstractBeanFactory.lambda$doGetBean$0(AbstractBeanFactory.java:339) ~[spring-beans-6.2.10.jar:6.2.10]
	at org.springframework.beans.factory.support.DefaultSingletonBeanRegistry.getSingleton(DefaultSingletonBeanRegistry.java:373) ~[spring-beans-6.2.10.jar:6.2.10]
	at org.springframework.beans.factory.support.AbstractBeanFactory.doGetBean(AbstractBeanFactory.java:337) ~[spring-beans-6.2.10.jar:6.2.10]
	at org.springframework.beans.factory.support.AbstractBeanFactory.getBean(AbstractBeanFactory.java:207) ~[spring-beans-6.2.10.jar:6.2.10]
	at org.springframework.context.support.AbstractApplicationContext.finishBeanFactoryInitialization(AbstractApplicationContext.java:970) ~[spring-context-6.2.10.jar:6.2.10]
	at org.springframework.context.support.AbstractApplicationContext.refresh(AbstractApplicationContext.java:627) ~[spring-context-6.2.10.jar:6.2.10]
	at org.springframework.boot.SpringApplication.refresh(SpringApplication.java:752) ~[spring-boot-3.5.5.jar:3.5.5]
	at org.springframework.boot.SpringApplication.refreshContext(SpringApplication.java:439) ~[spring-boot-3.5.5.jar:3.5.5]
	at org.springframework.boot.SpringApplication.run(SpringApplication.java:318) ~[spring-boot-3.5.5.jar:3.5.5]
	at org.springframework.boot.test.context.SpringBootContextLoader.lambda$loadContext$3(SpringBootContextLoader.java:144) ~[spring-boot-test-3.5.5.jar:3.5.5]
	at org.springframework.util.function.ThrowingSupplier.get(ThrowingSupplier.java:58) ~[spring-core-6.2.10.jar:6.2.10]
	at org.springframework.util.function.ThrowingSupplier.get(ThrowingSupplier.java:46) ~[spring-core-6.2.10.jar:6.2.10]
	at org.springframework.boot.SpringApplication.withHook(SpringApplication.java:1461) ~[spring-boot-3.5.5.jar:3.5.5]
	at org.springframework.boot.test.context.SpringBootContextLoader$ContextLoaderHook.run(SpringBootContextLoader.java:563) ~[spring-boot-test-3.5.5.jar:3.5.5]
	at org.springframework.boot.test.context.SpringBootContextLoader.loadContext(SpringBootContextLoader.java:144) ~[spring-boot-test-3.5.5.jar:3.5.5]
	at org.springframework.boot.test.context.SpringBootContextLoader.loadContext(SpringBootContextLoader.java:110) ~[spring-boot-test-3.5.5.jar:3.5.5]
	at org.springframework.test.context.cache.DefaultCacheAwareContextLoaderDelegate.loadContextInternal(DefaultCacheAwareContextLoaderDelegate.java:225) ~[spring-test-6.2.10.jar:6.2.10]
	at org.springframework.test.context.cache.DefaultCacheAwareContextLoaderDelegate.loadContext(DefaultCacheAwareContextLoaderDelegate.java:152) ~[spring-test-6.2.10.jar:6.2.10]
	... 79 common frames omitted
Caused by: org.hibernate.AnnotationException: Entity 'com.lits.calender.entity.CalenderEvent' has no identifier (every '@Entity' class must declare or inherit at least one '@Id' or '@EmbeddedId' property)
	at org.hibernate.boot.model.internal.InheritanceState.determineDefaultAccessType(InheritanceState.java:289) ~[hibernate-core-6.6.26.Final.jar:6.6.26.Final]
	at org.hibernate.boot.model.internal.InheritanceState.getElementsToProcess(InheritanceState.java:226) ~[hibernate-core-6.6.26.Final.jar:6.6.26.Final]
	at org.hibernate.boot.model.internal.InheritanceState.postProcess(InheritanceState.java:162) ~[hibernate-core-6.6.26.Final.jar:6.6.26.Final]
	at org.hibernate.boot.model.internal.EntityBinder.handleIdentifier(EntityBinder.java:410) ~[hibernate-core-6.6.26.Final.jar:6.6.26.Final]
	at org.hibernate.boot.model.internal.EntityBinder.bindEntityClass(EntityBinder.java:251) ~[hibernate-core-6.6.26.Final.jar:6.6.26.Final]
	at org.hibernate.boot.model.internal.AnnotationBinder.bindClass(AnnotationBinder.java:404) ~[hibernate-core-6.6.26.Final.jar:6.6.26.Final]
	at org.hibernate.boot.model.source.internal.annotations.AnnotationMetadataSourceProcessorImpl.processEntityHierarchies(AnnotationMetadataSourceProcessorImpl.java:266) ~[hibernate-core-6.6.26.Final.jar:6.6.26.Final]
	at org.hibernate.boot.model.process.spi.MetadataBuildingProcess$1.processEntityHierarchies(MetadataBuildingProcess.java:281) ~[hibernate-core-6.6.26.Final.jar:6.6.26.Final]
	at org.hibernate.boot.model.process.spi.MetadataBuildingProcess.complete(MetadataBuildingProcess.java:324) ~[hibernate-core-6.6.26.Final.jar:6.6.26.Final]
	at org.hibernate.jpa.boot.internal.EntityManagerFactoryBuilderImpl.metadata(EntityManagerFactoryBuilderImpl.java:1442) ~[hibernate-core-6.6.26.Final.jar:6.6.26.Final]
	at org.hibernate.jpa.boot.internal.EntityManagerFactoryBuilderImpl.build(EntityManagerFactoryBuilderImpl.java:1513) ~[hibernate-core-6.6.26.Final.jar:6.6.26.Final]
	at org.springframework.orm.jpa.vendor.SpringHibernateJpaPersistenceProvider.createContainerEntityManagerFactory(SpringHibernateJpaPersistenceProvider.java:66) ~[spring-orm-6.2.10.jar:6.2.10]
	at org.springframework.orm.jpa.LocalContainerEntityManagerFactoryBean.createNativeEntityManagerFactory(LocalContainerEntityManagerFactoryBean.java:390) ~[spring-orm-6.2.10.jar:6.2.10]
	at org.springframework.orm.jpa.AbstractEntityManagerFactoryBean.buildNativeEntityManagerFactory(AbstractEntityManagerFactoryBean.java:419) ~[spring-orm-6.2.10.jar:6.2.10]
	at org.springframework.orm.jpa.AbstractEntityManagerFactoryBean.afterPropertiesSet(AbstractEntityManagerFactoryBean.java:400) ~[spring-orm-6.2.10.jar:6.2.10]
	at org.springframework.orm.jpa.LocalContainerEntityManagerFactoryBean.afterPropertiesSet(LocalContainerEntityManagerFactoryBean.java:366) ~[spring-orm-6.2.10.jar:6.2.10]
	at org.springframework.beans.factory.support.AbstractAutowireCapableBeanFactory.invokeInitMethods(AbstractAutowireCapableBeanFactory.java:1873) ~[spring-beans-6.2.10.jar:6.2.10]
	at org.springframework.beans.factory.support.AbstractAutowireCapableBeanFactory.initializeBean(AbstractAutowireCapableBeanFactory.java:1822) ~[spring-beans-6.2.10.jar:6.2.10]
	... 99 common frames omitted

2025-08-25T11:34:46.793+05:30  INFO 7536 --- [Calender] [restartedMain] com.lits.calender.CalenderApplication    : Starting CalenderApplication using Java 17.0.9 with PID 7536 (C:\Users\ADMIN\Documents\workspace-spring-tool-suite-4-4.21.0.RELEASE\Calender\target\classes started by ADMIN in C:\Users\ADMIN\Documents\workspace-spring-tool-suite-4-4.21.0.RELEASE\Calender)
2025-08-25T11:34:46.795+05:30  INFO 7536 --- [Calender] [restartedMain] com.lits.calender.CalenderApplication    : No active profile set, falling back to 1 default profile: "default"
2025-08-25T11:34:46.825+05:30  INFO 7536 --- [Calender] [restartedMain] .e.DevToolsPropertyDefaultsPostProcessor : Devtools property defaults active! Set 'spring.devtools.add-properties' to 'false' to disable
2025-08-25T11:34:46.825+05:30  INFO 7536 --- [Calender] [restartedMain] .e.DevToolsPropertyDefaultsPostProcessor : For additional web related logging consider setting the 'logging.level.web' property to 'DEBUG'
2025-08-25T11:34:47.209+05:30  INFO 7536 --- [Calender] [restartedMain] .s.d.r.c.RepositoryConfigurationDelegate : Bootstrapping Spring Data JPA repositories in DEFAULT mode.
2025-08-25T11:34:47.243+05:30  INFO 7536 --- [Calender] [restartedMain] .s.d.r.c.RepositoryConfigurationDelegate : Finished Spring Data repository scanning in 28 ms. Found 1 JPA repository interface.
2025-08-25T11:34:47.514+05:30  INFO 7536 --- [Calender] [restartedMain] o.s.b.w.embedded.tomcat.TomcatWebServer  : Tomcat initialized with port 8081 (http)
2025-08-25T11:34:47.522+05:30  INFO 7536 --- [Calender] [restartedMain] o.apache.catalina.core.StandardService   : Starting service [Tomcat]
2025-08-25T11:34:47.522+05:30  INFO 7536 --- [Calender] [restartedMain] o.apache.catalina.core.StandardEngine    : Starting Servlet engine: [Apache Tomcat/10.1.44]
2025-08-25T11:34:47.549+05:30  INFO 7536 --- [Calender] [restartedMain] o.a.c.c.C.[Tomcat].[localhost].[/]       : Initializing Spring embedded WebApplicationContext
2025-08-25T11:34:47.549+05:30  INFO 7536 --- [Calender] [restartedMain] w.s.c.ServletWebServerApplicationContext : Root WebApplicationContext: initialization completed in 723 ms
2025-08-25T11:34:47.631+05:30  INFO 7536 --- [Calender] [restartedMain] com.zaxxer.hikari.HikariDataSource       : HikariPool-1 - Starting...
2025-08-25T11:34:47.733+05:30  INFO 7536 --- [Calender] [restartedMain] com.zaxxer.hikari.pool.HikariPool        : HikariPool-1 - Added connection com.mysql.cj.jdbc.ConnectionImpl@4ee4883a
2025-08-25T11:34:47.734+05:30  INFO 7536 --- [Calender] [restartedMain] com.zaxxer.hikari.HikariDataSource       : HikariPool-1 - Start completed.
2025-08-25T11:34:47.758+05:30  INFO 7536 --- [Calender] [restartedMain] o.hibernate.jpa.internal.util.LogHelper  : HHH000204: Processing PersistenceUnitInfo [name: default]
2025-08-25T11:34:47.790+05:30  INFO 7536 --- [Calender] [restartedMain] org.hibernate.Version                    : HHH000412: Hibernate ORM core version 6.6.26.Final
2025-08-25T11:34:47.815+05:30  INFO 7536 --- [Calender] [restartedMain] o.h.c.internal.RegionFactoryInitiator    : HHH000026: Second-level cache disabled
2025-08-25T11:34:47.973+05:30  INFO 7536 --- [Calender] [restartedMain] o.s.o.j.p.SpringPersistenceUnitInfo      : No LoadTimeWeaver setup: ignoring JPA class transformer
2025-08-25T11:34:48.014+05:30  WARN 7536 --- [Calender] [restartedMain] org.hibernate.orm.deprecation            : HHH90000025: MySQL8Dialect does not need to be specified explicitly using 'hibernate.dialect' (remove the property setting and it will be selected by default)
2025-08-25T11:34:48.015+05:30  WARN 7536 --- [Calender] [restartedMain] org.hibernate.orm.deprecation            : HHH90000026: MySQL8Dialect has been deprecated; use org.hibernate.dialect.MySQLDialect instead
2025-08-25T11:34:48.029+05:30  INFO 7536 --- [Calender] [restartedMain] org.hibernate.orm.connections.pooling    : HHH10001005: Database info:
	Database JDBC URL [Connecting through datasource 'HikariDataSource (HikariPool-1)']
	Database driver: undefined/unknown
	Database version: 8.0
	Autocommit mode: undefined/unknown
	Isolation level: undefined/unknown
	Minimum pool size: undefined/unknown
	Maximum pool size: undefined/unknown
2025-08-25T11:34:48.083+05:30 ERROR 7536 --- [Calender] [restartedMain] j.LocalContainerEntityManagerFactoryBean : Failed to initialize JPA EntityManagerFactory: Entity 'com.lits.calender.entity.CalenderEvent' has no identifier (every '@Entity' class must declare or inherit at least one '@Id' or '@EmbeddedId' property)
2025-08-25T11:34:48.084+05:30  WARN 7536 --- [Calender] [restartedMain] ConfigServletWebServerApplicationContext : Exception encountered during context initialization - cancelling refresh attempt: org.springframework.beans.factory.BeanCreationException: Error creating bean with name 'entityManagerFactory' defined in class path resource [org/springframework/boot/autoconfigure/orm/jpa/HibernateJpaConfiguration.class]: Entity 'com.lits.calender.entity.CalenderEvent' has no identifier (every '@Entity' class must declare or inherit at least one '@Id' or '@EmbeddedId' property)
2025-08-25T11:34:48.085+05:30  INFO 7536 --- [Calender] [restartedMain] com.zaxxer.hikari.HikariDataSource       : HikariPool-1 - Shutdown initiated...
2025-08-25T11:34:48.090+05:30  INFO 7536 --- [Calender] [restartedMain] com.zaxxer.hikari.HikariDataSource       : HikariPool-1 - Shutdown completed.
2025-08-25T11:34:48.092+05:30  INFO 7536 --- [Calender] [restartedMain] o.apache.catalina.core.StandardService   : Stopping service [Tomcat]
2025-08-25T11:34:48.099+05:30  INFO 7536 --- [Calender] [restartedMain] .s.b.a.l.ConditionEvaluationReportLogger : 

Error starting ApplicationContext. To display the condition evaluation report re-run your application with 'debug' enabled.
2025-08-25T11:34:48.111+05:30 ERROR 7536 --- [Calender] [restartedMain] o.s.boot.SpringApplication               : Application run failed

org.springframework.beans.factory.BeanCreationException: Error creating bean with name 'entityManagerFactory' defined in class path resource [org/springframework/boot/autoconfigure/orm/jpa/HibernateJpaConfiguration.class]: Entity 'com.lits.calender.entity.CalenderEvent' has no identifier (every '@Entity' class must declare or inherit at least one '@Id' or '@EmbeddedId' property)
	at org.springframework.beans.factory.support.AbstractAutowireCapableBeanFactory.initializeBean(AbstractAutowireCapableBeanFactory.java:1826) ~[spring-beans-6.2.10.jar:6.2.10]
	at org.springframework.beans.factory.support.AbstractAutowireCapableBeanFactory.doCreateBean(AbstractAutowireCapableBeanFactory.java:607) ~[spring-beans-6.2.10.jar:6.2.10]
	at org.springframework.beans.factory.support.AbstractAutowireCapableBeanFactory.createBean(AbstractAutowireCapableBeanFactory.java:529) ~[spring-beans-6.2.10.jar:6.2.10]
	at org.springframework.beans.factory.support.AbstractBeanFactory.lambda$doGetBean$0(AbstractBeanFactory.java:339) ~[spring-beans-6.2.10.jar:6.2.10]
	at org.springframework.beans.factory.support.DefaultSingletonBeanRegistry.getSingleton(DefaultSingletonBeanRegistry.java:373) ~[spring-beans-6.2.10.jar:6.2.10]
	at org.springframework.beans.factory.support.AbstractBeanFactory.doGetBean(AbstractBeanFactory.java:337) ~[spring-beans-6.2.10.jar:6.2.10]
	at org.springframework.beans.factory.support.AbstractBeanFactory.getBean(AbstractBeanFactory.java:207) ~[spring-beans-6.2.10.jar:6.2.10]
	at org.springframework.context.support.AbstractApplicationContext.finishBeanFactoryInitialization(AbstractApplicationContext.java:970) ~[spring-context-6.2.10.jar:6.2.10]
	at org.springframework.context.support.AbstractApplicationContext.refresh(AbstractApplicationContext.java:627) ~[spring-context-6.2.10.jar:6.2.10]
	at org.springframework.boot.web.servlet.context.ServletWebServerApplicationContext.refresh(ServletWebServerApplicationContext.java:146) ~[spring-boot-3.5.5.jar:3.5.5]
	at org.springframework.boot.SpringApplication.refresh(SpringApplication.java:752) ~[spring-boot-3.5.5.jar:3.5.5]
	at org.springframework.boot.SpringApplication.refreshContext(SpringApplication.java:439) ~[spring-boot-3.5.5.jar:3.5.5]
	at org.springframework.boot.SpringApplication.run(SpringApplication.java:318) ~[spring-boot-3.5.5.jar:3.5.5]
	at org.springframework.boot.SpringApplication.run(SpringApplication.java:1361) ~[spring-boot-3.5.5.jar:3.5.5]
	at org.springframework.boot.SpringApplication.run(SpringApplication.java:1350) ~[spring-boot-3.5.5.jar:3.5.5]
	at com.lits.calender.CalenderApplication.main(CalenderApplication.java:10) ~[classes/:na]
	at java.base/jdk.internal.reflect.NativeMethodAccessorImpl.invoke0(Native Method) ~[na:na]
	at java.base/jdk.internal.reflect.NativeMethodAccessorImpl.invoke(NativeMethodAccessorImpl.java:77) ~[na:na]
	at java.base/jdk.internal.reflect.DelegatingMethodAccessorImpl.invoke(DelegatingMethodAccessorImpl.java:43) ~[na:na]
	at java.base/java.lang.reflect.Method.invoke(Method.java:568) ~[na:na]
	at org.springframework.boot.devtools.restart.RestartLauncher.run(RestartLauncher.java:50) ~[spring-boot-devtools-3.5.5.jar:3.5.5]
Caused by: org.hibernate.AnnotationException: Entity 'com.lits.calender.entity.CalenderEvent' has no identifier (every '@Entity' class must declare or inherit at least one '@Id' or '@EmbeddedId' property)
	at org.hibernate.boot.model.internal.InheritanceState.determineDefaultAccessType(InheritanceState.java:289) ~[hibernate-core-6.6.26.Final.jar:6.6.26.Final]
	at org.hibernate.boot.model.internal.InheritanceState.getElementsToProcess(InheritanceState.java:226) ~[hibernate-core-6.6.26.Final.jar:6.6.26.Final]
	at org.hibernate.boot.model.internal.InheritanceState.postProcess(InheritanceState.java:162) ~[hibernate-core-6.6.26.Final.jar:6.6.26.Final]
	at org.hibernate.boot.model.internal.EntityBinder.handleIdentifier(EntityBinder.java:410) ~[hibernate-core-6.6.26.Final.jar:6.6.26.Final]
	at org.hibernate.boot.model.internal.EntityBinder.bindEntityClass(EntityBinder.java:251) ~[hibernate-core-6.6.26.Final.jar:6.6.26.Final]
	at org.hibernate.boot.model.internal.AnnotationBinder.bindClass(AnnotationBinder.java:404) ~[hibernate-core-6.6.26.Final.jar:6.6.26.Final]
	at org.hibernate.boot.model.source.internal.annotations.AnnotationMetadataSourceProcessorImpl.processEntityHierarchies(AnnotationMetadataSourceProcessorImpl.java:266) ~[hibernate-core-6.6.26.Final.jar:6.6.26.Final]
	at org.hibernate.boot.model.process.spi.MetadataBuildingProcess$1.processEntityHierarchies(MetadataBuildingProcess.java:281) ~[hibernate-core-6.6.26.Final.jar:6.6.26.Final]
	at org.hibernate.boot.model.process.spi.MetadataBuildingProcess.complete(MetadataBuildingProcess.java:324) ~[hibernate-core-6.6.26.Final.jar:6.6.26.Final]
	at org.hibernate.jpa.boot.internal.EntityManagerFactoryBuilderImpl.metadata(EntityManagerFactoryBuilderImpl.java:1442) ~[hibernate-core-6.6.26.Final.jar:6.6.26.Final]
	at org.hibernate.jpa.boot.internal.EntityManagerFactoryBuilderImpl.build(EntityManagerFactoryBuilderImpl.java:1513) ~[hibernate-core-6.6.26.Final.jar:6.6.26.Final]
	at org.springframework.orm.jpa.vendor.SpringHibernateJpaPersistenceProvider.createContainerEntityManagerFactory(SpringHibernateJpaPersistenceProvider.java:66) ~[spring-orm-6.2.10.jar:6.2.10]
	at org.springframework.orm.jpa.LocalContainerEntityManagerFactoryBean.createNativeEntityManagerFactory(LocalContainerEntityManagerFactoryBean.java:390) ~[spring-orm-6.2.10.jar:6.2.10]
	at org.springframework.orm.jpa.AbstractEntityManagerFactoryBean.buildNativeEntityManagerFactory(AbstractEntityManagerFactoryBean.java:419) ~[spring-orm-6.2.10.jar:6.2.10]
	at org.springframework.orm.jpa.AbstractEntityManagerFactoryBean.afterPropertiesSet(AbstractEntityManagerFactoryBean.java:400) ~[spring-orm-6.2.10.jar:6.2.10]
	at org.springframework.orm.jpa.LocalContainerEntityManagerFactoryBean.afterPropertiesSet(LocalContainerEntityManagerFactoryBean.java:366) ~[spring-orm-6.2.10.jar:6.2.10]
	at org.springframework.beans.factory.support.AbstractAutowireCapableBeanFactory.invokeInitMethods(AbstractAutowireCapableBeanFactory.java:1873) ~[spring-beans-6.2.10.jar:6.2.10]
	at org.springframework.beans.factory.support.AbstractAutowireCapableBeanFactory.initializeBean(AbstractAutowireCapableBeanFactory.java:1822) ~[spring-beans-6.2.10.jar:6.2.10]
	... 20 common frames omitted

2025-08-25T11:40:44.010+05:30  INFO 10176 --- [Calender] [restartedMain] com.lits.calender.CalenderApplication    : Starting CalenderApplication using Java 17.0.9 with PID 10176 (C:\Users\ADMIN\Documents\workspace-spring-tool-suite-4-4.21.0.RELEASE\Calender\target\classes started by ADMIN in C:\Users\ADMIN\Documents\workspace-spring-tool-suite-4-4.21.0.RELEASE\Calender)
2025-08-25T11:40:44.011+05:30  INFO 10176 --- [Calender] [restartedMain] com.lits.calender.CalenderApplication    : No active profile set, falling back to 1 default profile: "default"
2025-08-25T11:40:44.093+05:30  INFO 10176 --- [Calender] [restartedMain] .s.d.r.c.RepositoryConfigurationDelegate : Bootstrapping Spring Data JPA repositories in DEFAULT mode.
2025-08-25T11:40:44.104+05:30  INFO 10176 --- [Calender] [restartedMain] .s.d.r.c.RepositoryConfigurationDelegate : Finished Spring Data repository scanning in 9 ms. Found 1 JPA repository interface.
2025-08-25T11:40:44.156+05:30  INFO 10176 --- [Calender] [restartedMain] o.s.b.w.embedded.tomcat.TomcatWebServer  : Tomcat initialized with port 8081 (http)
2025-08-25T11:40:44.157+05:30  INFO 10176 --- [Calender] [restartedMain] o.apache.catalina.core.StandardService   : Starting service [Tomcat]
2025-08-25T11:40:44.157+05:30  INFO 10176 --- [Calender] [restartedMain] o.apache.catalina.core.StandardEngine    : Starting Servlet engine: [Apache Tomcat/10.1.44]
2025-08-25T11:40:44.170+05:30  INFO 10176 --- [Calender] [restartedMain] o.a.c.c.C.[Tomcat-1].[localhost].[/]     : Initializing Spring embedded WebApplicationContext
2025-08-25T11:40:44.171+05:30  INFO 10176 --- [Calender] [restartedMain] w.s.c.ServletWebServerApplicationContext : Root WebApplicationContext: initialization completed in 159 ms
2025-08-25T11:40:44.193+05:30  INFO 10176 --- [Calender] [restartedMain] com.zaxxer.hikari.HikariDataSource       : HikariPool-3 - Starting...
2025-08-25T11:40:44.197+05:30  INFO 10176 --- [Calender] [restartedMain] com.zaxxer.hikari.pool.HikariPool        : HikariPool-3 - Added connection com.mysql.cj.jdbc.ConnectionImpl@38b16427
2025-08-25T11:40:44.197+05:30  INFO 10176 --- [Calender] [restartedMain] com.zaxxer.hikari.HikariDataSource       : HikariPool-3 - Start completed.
2025-08-25T11:40:44.198+05:30  INFO 10176 --- [Calender] [restartedMain] o.hibernate.jpa.internal.util.LogHelper  : HHH000204: Processing PersistenceUnitInfo [name: default]
2025-08-25T11:40:44.200+05:30  INFO 10176 --- [Calender] [restartedMain] o.h.c.internal.RegionFactoryInitiator    : HHH000026: Second-level cache disabled
2025-08-25T11:40:44.205+05:30  INFO 10176 --- [Calender] [restartedMain] o.s.o.j.p.SpringPersistenceUnitInfo      : No LoadTimeWeaver setup: ignoring JPA class transformer
2025-08-25T11:40:44.206+05:30  WARN 10176 --- [Calender] [restartedMain] org.hibernate.orm.deprecation            : HHH90000025: MySQL8Dialect does not need to be specified explicitly using 'hibernate.dialect' (remove the property setting and it will be selected by default)
2025-08-25T11:40:44.207+05:30  WARN 10176 --- [Calender] [restartedMain] org.hibernate.orm.deprecation            : HHH90000026: MySQL8Dialect has been deprecated; use org.hibernate.dialect.MySQLDialect instead
2025-08-25T11:40:44.207+05:30  INFO 10176 --- [Calender] [restartedMain] org.hibernate.orm.connections.pooling    : HHH10001005: Database info:
	Database JDBC URL [Connecting through datasource 'HikariDataSource (HikariPool-3)']
	Database driver: undefined/unknown
	Database version: 8.0
	Autocommit mode: undefined/unknown
	Isolation level: undefined/unknown
	Minimum pool size: undefined/unknown
	Maximum pool size: undefined/unknown
2025-08-25T11:40:44.208+05:30 ERROR 10176 --- [Calender] [restartedMain] j.LocalContainerEntityManagerFactoryBean : Failed to initialize JPA EntityManagerFactory: Entity 'com.lits.calender.entity.CalenderEvent' has no identifier (every '@Entity' class must declare or inherit at least one '@Id' or '@EmbeddedId' property)
2025-08-25T11:40:44.209+05:30  WARN 10176 --- [Calender] [restartedMain] ConfigServletWebServerApplicationContext : Exception encountered during context initialization - cancelling refresh attempt: org.springframework.beans.factory.BeanCreationException: Error creating bean with name 'entityManagerFactory' defined in class path resource [org/springframework/boot/autoconfigure/orm/jpa/HibernateJpaConfiguration.class]: Entity 'com.lits.calender.entity.CalenderEvent' has no identifier (every '@Entity' class must declare or inherit at least one '@Id' or '@EmbeddedId' property)
2025-08-25T11:40:44.209+05:30  INFO 10176 --- [Calender] [restartedMain] com.zaxxer.hikari.HikariDataSource       : HikariPool-3 - Shutdown initiated...
2025-08-25T11:40:44.210+05:30  INFO 10176 --- [Calender] [restartedMain] com.zaxxer.hikari.HikariDataSource       : HikariPool-3 - Shutdown completed.
2025-08-25T11:40:44.210+05:30  INFO 10176 --- [Calender] [restartedMain] o.apache.catalina.core.StandardService   : Stopping service [Tomcat]
2025-08-25T11:40:44.213+05:30  INFO 10176 --- [Calender] [restartedMain] .s.b.a.l.ConditionEvaluationReportLogger : 

Error starting ApplicationContext. To display the condition evaluation report re-run your application with 'debug' enabled.
2025-08-25T11:40:44.215+05:30 ERROR 10176 --- [Calender] [restartedMain] o.s.boot.SpringApplication               : Application run failed

org.springframework.beans.factory.BeanCreationException: Error creating bean with name 'entityManagerFactory' defined in class path resource [org/springframework/boot/autoconfigure/orm/jpa/HibernateJpaConfiguration.class]: Entity 'com.lits.calender.entity.CalenderEvent' has no identifier (every '@Entity' class must declare or inherit at least one '@Id' or '@EmbeddedId' property)
	at org.springframework.beans.factory.support.AbstractAutowireCapableBeanFactory.initializeBean(AbstractAutowireCapableBeanFactory.java:1826) ~[spring-beans-6.2.10.jar:6.2.10]
	at org.springframework.beans.factory.support.AbstractAutowireCapableBeanFactory.doCreateBean(AbstractAutowireCapableBeanFactory.java:607) ~[spring-beans-6.2.10.jar:6.2.10]
	at org.springframework.beans.factory.support.AbstractAutowireCapableBeanFactory.createBean(AbstractAutowireCapableBeanFactory.java:529) ~[spring-beans-6.2.10.jar:6.2.10]
	at org.springframework.beans.factory.support.AbstractBeanFactory.lambda$doGetBean$0(AbstractBeanFactory.java:339) ~[spring-beans-6.2.10.jar:6.2.10]
	at org.springframework.beans.factory.support.DefaultSingletonBeanRegistry.getSingleton(DefaultSingletonBeanRegistry.java:373) ~[spring-beans-6.2.10.jar:6.2.10]
	at org.springframework.beans.factory.support.AbstractBeanFactory.doGetBean(AbstractBeanFactory.java:337) ~[spring-beans-6.2.10.jar:6.2.10]
	at org.springframework.beans.factory.support.AbstractBeanFactory.getBean(AbstractBeanFactory.java:207) ~[spring-beans-6.2.10.jar:6.2.10]
	at org.springframework.context.support.AbstractApplicationContext.finishBeanFactoryInitialization(AbstractApplicationContext.java:970) ~[spring-context-6.2.10.jar:6.2.10]
	at org.springframework.context.support.AbstractApplicationContext.refresh(AbstractApplicationContext.java:627) ~[spring-context-6.2.10.jar:6.2.10]
	at org.springframework.boot.web.servlet.context.ServletWebServerApplicationContext.refresh(ServletWebServerApplicationContext.java:146) ~[spring-boot-3.5.5.jar:3.5.5]
	at org.springframework.boot.SpringApplication.refresh(SpringApplication.java:752) ~[spring-boot-3.5.5.jar:3.5.5]
	at org.springframework.boot.SpringApplication.refreshContext(SpringApplication.java:439) ~[spring-boot-3.5.5.jar:3.5.5]
	at org.springframework.boot.SpringApplication.run(SpringApplication.java:318) ~[spring-boot-3.5.5.jar:3.5.5]
	at org.springframework.boot.SpringApplication.run(SpringApplication.java:1361) ~[spring-boot-3.5.5.jar:3.5.5]
	at org.springframework.boot.SpringApplication.run(SpringApplication.java:1350) ~[spring-boot-3.5.5.jar:3.5.5]
	at com.lits.calender.CalenderApplication.main(CalenderApplication.java:10) ~[classes/:na]
	at java.base/jdk.internal.reflect.NativeMethodAccessorImpl.invoke0(Native Method) ~[na:na]
	at java.base/jdk.internal.reflect.NativeMethodAccessorImpl.invoke(NativeMethodAccessorImpl.java:77) ~[na:na]
	at java.base/jdk.internal.reflect.DelegatingMethodAccessorImpl.invoke(DelegatingMethodAccessorImpl.java:43) ~[na:na]
	at java.base/java.lang.reflect.Method.invoke(Method.java:568) ~[na:na]
	at org.springframework.boot.devtools.restart.RestartLauncher.run(RestartLauncher.java:50) ~[spring-boot-devtools-3.5.5.jar:3.5.5]
Caused by: org.hibernate.AnnotationException: Entity 'com.lits.calender.entity.CalenderEvent' has no identifier (every '@Entity' class must declare or inherit at least one '@Id' or '@EmbeddedId' property)
	at org.hibernate.boot.model.internal.InheritanceState.determineDefaultAccessType(InheritanceState.java:289) ~[hibernate-core-6.6.26.Final.jar:6.6.26.Final]
	at org.hibernate.boot.model.internal.InheritanceState.getElementsToProcess(InheritanceState.java:226) ~[hibernate-core-6.6.26.Final.jar:6.6.26.Final]
	at org.hibernate.boot.model.internal.InheritanceState.postProcess(InheritanceState.java:162) ~[hibernate-core-6.6.26.Final.jar:6.6.26.Final]
	at org.hibernate.boot.model.internal.EntityBinder.handleIdentifier(EntityBinder.java:410) ~[hibernate-core-6.6.26.Final.jar:6.6.26.Final]
	at org.hibernate.boot.model.internal.EntityBinder.bindEntityClass(EntityBinder.java:251) ~[hibernate-core-6.6.26.Final.jar:6.6.26.Final]
	at org.hibernate.boot.model.internal.AnnotationBinder.bindClass(AnnotationBinder.java:404) ~[hibernate-core-6.6.26.Final.jar:6.6.26.Final]
	at org.hibernate.boot.model.source.internal.annotations.AnnotationMetadataSourceProcessorImpl.processEntityHierarchies(AnnotationMetadataSourceProcessorImpl.java:266) ~[hibernate-core-6.6.26.Final.jar:6.6.26.Final]
	at org.hibernate.boot.model.process.spi.MetadataBuildingProcess$1.processEntityHierarchies(MetadataBuildingProcess.java:281) ~[hibernate-core-6.6.26.Final.jar:6.6.26.Final]
	at org.hibernate.boot.model.process.spi.MetadataBuildingProcess.complete(MetadataBuildingProcess.java:324) ~[hibernate-core-6.6.26.Final.jar:6.6.26.Final]
	at org.hibernate.jpa.boot.internal.EntityManagerFactoryBuilderImpl.metadata(EntityManagerFactoryBuilderImpl.java:1442) ~[hibernate-core-6.6.26.Final.jar:6.6.26.Final]
	at org.hibernate.jpa.boot.internal.EntityManagerFactoryBuilderImpl.build(EntityManagerFactoryBuilderImpl.java:1513) ~[hibernate-core-6.6.26.Final.jar:6.6.26.Final]
	at org.springframework.orm.jpa.vendor.SpringHibernateJpaPersistenceProvider.createContainerEntityManagerFactory(SpringHibernateJpaPersistenceProvider.java:66) ~[spring-orm-6.2.10.jar:6.2.10]
	at org.springframework.orm.jpa.LocalContainerEntityManagerFactoryBean.createNativeEntityManagerFactory(LocalContainerEntityManagerFactoryBean.java:390) ~[spring-orm-6.2.10.jar:6.2.10]
	at org.springframework.orm.jpa.AbstractEntityManagerFactoryBean.buildNativeEntityManagerFactory(AbstractEntityManagerFactoryBean.java:419) ~[spring-orm-6.2.10.jar:6.2.10]
	at org.springframework.orm.jpa.AbstractEntityManagerFactoryBean.afterPropertiesSet(AbstractEntityManagerFactoryBean.java:400) ~[spring-orm-6.2.10.jar:6.2.10]
	at org.springframework.orm.jpa.LocalContainerEntityManagerFactoryBean.afterPropertiesSet(LocalContainerEntityManagerFactoryBean.java:366) ~[spring-orm-6.2.10.jar:6.2.10]
	at org.springframework.beans.factory.support.AbstractAutowireCapableBeanFactory.invokeInitMethods(AbstractAutowireCapableBeanFactory.java:1873) ~[spring-beans-6.2.10.jar:6.2.10]
	at org.springframework.beans.factory.support.AbstractAutowireCapableBeanFactory.initializeBean(AbstractAutowireCapableBeanFactory.java:1822) ~[spring-beans-6.2.10.jar:6.2.10]
	... 20 common frames omitted

2025-08-25T11:40:45.029+05:30  INFO 17284 --- [Calender] [restartedMain] com.lits.calender.CalenderApplication    : Starting CalenderApplication using Java 17.0.9 with PID 17284 (C:\Users\ADMIN\Documents\workspace-spring-tool-suite-4-4.21.0.RELEASE\Calender\target\classes started by ADMIN in C:\Users\ADMIN\Documents\workspace-spring-tool-suite-4-4.21.0.RELEASE\Calender)
2025-08-25T11:40:45.031+05:30  INFO 17284 --- [Calender] [restartedMain] com.lits.calender.CalenderApplication    : No active profile set, falling back to 1 default profile: "default"
2025-08-25T11:40:45.058+05:30  INFO 17284 --- [Calender] [restartedMain] .e.DevToolsPropertyDefaultsPostProcessor : Devtools property defaults active! Set 'spring.devtools.add-properties' to 'false' to disable
2025-08-25T11:40:45.059+05:30  INFO 17284 --- [Calender] [restartedMain] .e.DevToolsPropertyDefaultsPostProcessor : For additional web related logging consider setting the 'logging.level.web' property to 'DEBUG'
2025-08-25T11:40:45.445+05:30  INFO 17284 --- [Calender] [restartedMain] .s.d.r.c.RepositoryConfigurationDelegate : Bootstrapping Spring Data JPA repositories in DEFAULT mode.
2025-08-25T11:40:45.479+05:30  INFO 17284 --- [Calender] [restartedMain] .s.d.r.c.RepositoryConfigurationDelegate : Finished Spring Data repository scanning in 28 ms. Found 1 JPA repository interface.
2025-08-25T11:40:45.755+05:30  INFO 17284 --- [Calender] [restartedMain] o.s.b.w.embedded.tomcat.TomcatWebServer  : Tomcat initialized with port 8081 (http)
2025-08-25T11:40:45.763+05:30  INFO 17284 --- [Calender] [restartedMain] o.apache.catalina.core.StandardService   : Starting service [Tomcat]
2025-08-25T11:40:45.763+05:30  INFO 17284 --- [Calender] [restartedMain] o.apache.catalina.core.StandardEngine    : Starting Servlet engine: [Apache Tomcat/10.1.44]
2025-08-25T11:40:45.788+05:30  INFO 17284 --- [Calender] [restartedMain] o.a.c.c.C.[Tomcat].[localhost].[/]       : Initializing Spring embedded WebApplicationContext
2025-08-25T11:40:45.788+05:30  INFO 17284 --- [Calender] [restartedMain] w.s.c.ServletWebServerApplicationContext : Root WebApplicationContext: initialization completed in 729 ms
2025-08-25T11:40:45.880+05:30  INFO 17284 --- [Calender] [restartedMain] com.zaxxer.hikari.HikariDataSource       : HikariPool-1 - Starting...
2025-08-25T11:40:45.983+05:30  INFO 17284 --- [Calender] [restartedMain] com.zaxxer.hikari.pool.HikariPool        : HikariPool-1 - Added connection com.mysql.cj.jdbc.ConnectionImpl@1112d946
2025-08-25T11:40:45.984+05:30  INFO 17284 --- [Calender] [restartedMain] com.zaxxer.hikari.HikariDataSource       : HikariPool-1 - Start completed.
2025-08-25T11:40:46.007+05:30  INFO 17284 --- [Calender] [restartedMain] o.hibernate.jpa.internal.util.LogHelper  : HHH000204: Processing PersistenceUnitInfo [name: default]
2025-08-25T11:40:46.046+05:30  INFO 17284 --- [Calender] [restartedMain] org.hibernate.Version                    : HHH000412: Hibernate ORM core version 6.6.26.Final
2025-08-25T11:40:46.066+05:30  INFO 17284 --- [Calender] [restartedMain] o.h.c.internal.RegionFactoryInitiator    : HHH000026: Second-level cache disabled
2025-08-25T11:40:46.245+05:30  INFO 17284 --- [Calender] [restartedMain] o.s.o.j.p.SpringPersistenceUnitInfo      : No LoadTimeWeaver setup: ignoring JPA class transformer
2025-08-25T11:40:46.300+05:30  WARN 17284 --- [Calender] [restartedMain] org.hibernate.orm.deprecation            : HHH90000025: MySQL8Dialect does not need to be specified explicitly using 'hibernate.dialect' (remove the property setting and it will be selected by default)
2025-08-25T11:40:46.300+05:30  WARN 17284 --- [Calender] [restartedMain] org.hibernate.orm.deprecation            : HHH90000026: MySQL8Dialect has been deprecated; use org.hibernate.dialect.MySQLDialect instead
2025-08-25T11:40:46.311+05:30  INFO 17284 --- [Calender] [restartedMain] org.hibernate.orm.connections.pooling    : HHH10001005: Database info:
	Database JDBC URL [Connecting through datasource 'HikariDataSource (HikariPool-1)']
	Database driver: undefined/unknown
	Database version: 8.0
	Autocommit mode: undefined/unknown
	Isolation level: undefined/unknown
	Minimum pool size: undefined/unknown
	Maximum pool size: undefined/unknown
2025-08-25T11:40:46.378+05:30 ERROR 17284 --- [Calender] [restartedMain] j.LocalContainerEntityManagerFactoryBean : Failed to initialize JPA EntityManagerFactory: Entity 'com.lits.calender.entity.CalenderEvent' has no identifier (every '@Entity' class must declare or inherit at least one '@Id' or '@EmbeddedId' property)
2025-08-25T11:40:46.379+05:30  WARN 17284 --- [Calender] [restartedMain] ConfigServletWebServerApplicationContext : Exception encountered during context initialization - cancelling refresh attempt: org.springframework.beans.factory.BeanCreationException: Error creating bean with name 'entityManagerFactory' defined in class path resource [org/springframework/boot/autoconfigure/orm/jpa/HibernateJpaConfiguration.class]: Entity 'com.lits.calender.entity.CalenderEvent' has no identifier (every '@Entity' class must declare or inherit at least one '@Id' or '@EmbeddedId' property)
2025-08-25T11:40:46.381+05:30  INFO 17284 --- [Calender] [restartedMain] com.zaxxer.hikari.HikariDataSource       : HikariPool-1 - Shutdown initiated...
2025-08-25T11:40:46.386+05:30  INFO 17284 --- [Calender] [restartedMain] com.zaxxer.hikari.HikariDataSource       : HikariPool-1 - Shutdown completed.
2025-08-25T11:40:46.389+05:30  INFO 17284 --- [Calender] [restartedMain] o.apache.catalina.core.StandardService   : Stopping service [Tomcat]
2025-08-25T11:40:46.399+05:30  INFO 17284 --- [Calender] [restartedMain] .s.b.a.l.ConditionEvaluationReportLogger : 

Error starting ApplicationContext. To display the condition evaluation report re-run your application with 'debug' enabled.
2025-08-25T11:40:46.415+05:30 ERROR 17284 --- [Calender] [restartedMain] o.s.boot.SpringApplication               : Application run failed

org.springframework.beans.factory.BeanCreationException: Error creating bean with name 'entityManagerFactory' defined in class path resource [org/springframework/boot/autoconfigure/orm/jpa/HibernateJpaConfiguration.class]: Entity 'com.lits.calender.entity.CalenderEvent' has no identifier (every '@Entity' class must declare or inherit at least one '@Id' or '@EmbeddedId' property)
	at org.springframework.beans.factory.support.AbstractAutowireCapableBeanFactory.initializeBean(AbstractAutowireCapableBeanFactory.java:1826) ~[spring-beans-6.2.10.jar:6.2.10]
	at org.springframework.beans.factory.support.AbstractAutowireCapableBeanFactory.doCreateBean(AbstractAutowireCapableBeanFactory.java:607) ~[spring-beans-6.2.10.jar:6.2.10]
	at org.springframework.beans.factory.support.AbstractAutowireCapableBeanFactory.createBean(AbstractAutowireCapableBeanFactory.java:529) ~[spring-beans-6.2.10.jar:6.2.10]
	at org.springframework.beans.factory.support.AbstractBeanFactory.lambda$doGetBean$0(AbstractBeanFactory.java:339) ~[spring-beans-6.2.10.jar:6.2.10]
	at org.springframework.beans.factory.support.DefaultSingletonBeanRegistry.getSingleton(DefaultSingletonBeanRegistry.java:373) ~[spring-beans-6.2.10.jar:6.2.10]
	at org.springframework.beans.factory.support.AbstractBeanFactory.doGetBean(AbstractBeanFactory.java:337) ~[spring-beans-6.2.10.jar:6.2.10]
	at org.springframework.beans.factory.support.AbstractBeanFactory.getBean(AbstractBeanFactory.java:207) ~[spring-beans-6.2.10.jar:6.2.10]
	at org.springframework.context.support.AbstractApplicationContext.finishBeanFactoryInitialization(AbstractApplicationContext.java:970) ~[spring-context-6.2.10.jar:6.2.10]
	at org.springframework.context.support.AbstractApplicationContext.refresh(AbstractApplicationContext.java:627) ~[spring-context-6.2.10.jar:6.2.10]
	at org.springframework.boot.web.servlet.context.ServletWebServerApplicationContext.refresh(ServletWebServerApplicationContext.java:146) ~[spring-boot-3.5.5.jar:3.5.5]
	at org.springframework.boot.SpringApplication.refresh(SpringApplication.java:752) ~[spring-boot-3.5.5.jar:3.5.5]
	at org.springframework.boot.SpringApplication.refreshContext(SpringApplication.java:439) ~[spring-boot-3.5.5.jar:3.5.5]
	at org.springframework.boot.SpringApplication.run(SpringApplication.java:318) ~[spring-boot-3.5.5.jar:3.5.5]
	at org.springframework.boot.SpringApplication.run(SpringApplication.java:1361) ~[spring-boot-3.5.5.jar:3.5.5]
	at org.springframework.boot.SpringApplication.run(SpringApplication.java:1350) ~[spring-boot-3.5.5.jar:3.5.5]
	at com.lits.calender.CalenderApplication.main(CalenderApplication.java:10) ~[classes/:na]
	at java.base/jdk.internal.reflect.NativeMethodAccessorImpl.invoke0(Native Method) ~[na:na]
	at java.base/jdk.internal.reflect.NativeMethodAccessorImpl.invoke(NativeMethodAccessorImpl.java:77) ~[na:na]
	at java.base/jdk.internal.reflect.DelegatingMethodAccessorImpl.invoke(DelegatingMethodAccessorImpl.java:43) ~[na:na]
	at java.base/java.lang.reflect.Method.invoke(Method.java:568) ~[na:na]
	at org.springframework.boot.devtools.restart.RestartLauncher.run(RestartLauncher.java:50) ~[spring-boot-devtools-3.5.5.jar:3.5.5]
Caused by: org.hibernate.AnnotationException: Entity 'com.lits.calender.entity.CalenderEvent' has no identifier (every '@Entity' class must declare or inherit at least one '@Id' or '@EmbeddedId' property)
	at org.hibernate.boot.model.internal.InheritanceState.determineDefaultAccessType(InheritanceState.java:289) ~[hibernate-core-6.6.26.Final.jar:6.6.26.Final]
	at org.hibernate.boot.model.internal.InheritanceState.getElementsToProcess(InheritanceState.java:226) ~[hibernate-core-6.6.26.Final.jar:6.6.26.Final]
	at org.hibernate.boot.model.internal.InheritanceState.postProcess(InheritanceState.java:162) ~[hibernate-core-6.6.26.Final.jar:6.6.26.Final]
	at org.hibernate.boot.model.internal.EntityBinder.handleIdentifier(EntityBinder.java:410) ~[hibernate-core-6.6.26.Final.jar:6.6.26.Final]
	at org.hibernate.boot.model.internal.EntityBinder.bindEntityClass(EntityBinder.java:251) ~[hibernate-core-6.6.26.Final.jar:6.6.26.Final]
	at org.hibernate.boot.model.internal.AnnotationBinder.bindClass(AnnotationBinder.java:404) ~[hibernate-core-6.6.26.Final.jar:6.6.26.Final]
	at org.hibernate.boot.model.source.internal.annotations.AnnotationMetadataSourceProcessorImpl.processEntityHierarchies(AnnotationMetadataSourceProcessorImpl.java:266) ~[hibernate-core-6.6.26.Final.jar:6.6.26.Final]
	at org.hibernate.boot.model.process.spi.MetadataBuildingProcess$1.processEntityHierarchies(MetadataBuildingProcess.java:281) ~[hibernate-core-6.6.26.Final.jar:6.6.26.Final]
	at org.hibernate.boot.model.process.spi.MetadataBuildingProcess.complete(MetadataBuildingProcess.java:324) ~[hibernate-core-6.6.26.Final.jar:6.6.26.Final]
	at org.hibernate.jpa.boot.internal.EntityManagerFactoryBuilderImpl.metadata(EntityManagerFactoryBuilderImpl.java:1442) ~[hibernate-core-6.6.26.Final.jar:6.6.26.Final]
	at org.hibernate.jpa.boot.internal.EntityManagerFactoryBuilderImpl.build(EntityManagerFactoryBuilderImpl.java:1513) ~[hibernate-core-6.6.26.Final.jar:6.6.26.Final]
	at org.springframework.orm.jpa.vendor.SpringHibernateJpaPersistenceProvider.createContainerEntityManagerFactory(SpringHibernateJpaPersistenceProvider.java:66) ~[spring-orm-6.2.10.jar:6.2.10]
	at org.springframework.orm.jpa.LocalContainerEntityManagerFactoryBean.createNativeEntityManagerFactory(LocalContainerEntityManagerFactoryBean.java:390) ~[spring-orm-6.2.10.jar:6.2.10]
	at org.springframework.orm.jpa.AbstractEntityManagerFactoryBean.buildNativeEntityManagerFactory(AbstractEntityManagerFactoryBean.java:419) ~[spring-orm-6.2.10.jar:6.2.10]
	at org.springframework.orm.jpa.AbstractEntityManagerFactoryBean.afterPropertiesSet(AbstractEntityManagerFactoryBean.java:400) ~[spring-orm-6.2.10.jar:6.2.10]
	at org.springframework.orm.jpa.LocalContainerEntityManagerFactoryBean.afterPropertiesSet(LocalContainerEntityManagerFactoryBean.java:366) ~[spring-orm-6.2.10.jar:6.2.10]
	at org.springframework.beans.factory.support.AbstractAutowireCapableBeanFactory.invokeInitMethods(AbstractAutowireCapableBeanFactory.java:1873) ~[spring-beans-6.2.10.jar:6.2.10]
	at org.springframework.beans.factory.support.AbstractAutowireCapableBeanFactory.initializeBean(AbstractAutowireCapableBeanFactory.java:1822) ~[spring-beans-6.2.10.jar:6.2.10]
	... 20 common frames omitted

2025-08-25T11:41:17.210+05:30  INFO 10176 --- [Calender] [restartedMain] com.lits.calender.CalenderApplication    : Starting CalenderApplication using Java 17.0.9 with PID 10176 (C:\Users\ADMIN\Documents\workspace-spring-tool-suite-4-4.21.0.RELEASE\Calender\target\classes started by ADMIN in C:\Users\ADMIN\Documents\workspace-spring-tool-suite-4-4.21.0.RELEASE\Calender)
2025-08-25T11:41:17.210+05:30  INFO 10176 --- [Calender] [restartedMain] com.lits.calender.CalenderApplication    : No active profile set, falling back to 1 default profile: "default"
2025-08-25T11:41:17.308+05:30  INFO 10176 --- [Calender] [restartedMain] .s.d.r.c.RepositoryConfigurationDelegate : Bootstrapping Spring Data JPA repositories in DEFAULT mode.
2025-08-25T11:41:17.313+05:30  INFO 10176 --- [Calender] [restartedMain] .s.d.r.c.RepositoryConfigurationDelegate : Finished Spring Data repository scanning in 4 ms. Found 1 JPA repository interface.
2025-08-25T11:41:17.362+05:30  INFO 10176 --- [Calender] [restartedMain] o.s.b.w.embedded.tomcat.TomcatWebServer  : Tomcat initialized with port 8081 (http)
2025-08-25T11:41:17.362+05:30  INFO 10176 --- [Calender] [restartedMain] o.apache.catalina.core.StandardService   : Starting service [Tomcat]
2025-08-25T11:41:17.362+05:30  INFO 10176 --- [Calender] [restartedMain] o.apache.catalina.core.StandardEngine    : Starting Servlet engine: [Apache Tomcat/10.1.44]
2025-08-25T11:41:17.371+05:30  INFO 10176 --- [Calender] [restartedMain] o.a.c.c.C.[Tomcat-2].[localhost].[/]     : Initializing Spring embedded WebApplicationContext
2025-08-25T11:41:17.371+05:30  INFO 10176 --- [Calender] [restartedMain] w.s.c.ServletWebServerApplicationContext : Root WebApplicationContext: initialization completed in 160 ms
2025-08-25T11:41:17.386+05:30  INFO 10176 --- [Calender] [restartedMain] com.zaxxer.hikari.HikariDataSource       : HikariPool-4 - Starting...
2025-08-25T11:41:17.390+05:30  INFO 10176 --- [Calender] [restartedMain] com.zaxxer.hikari.pool.HikariPool        : HikariPool-4 - Added connection com.mysql.cj.jdbc.ConnectionImpl@56714218
2025-08-25T11:41:17.390+05:30  INFO 10176 --- [Calender] [restartedMain] com.zaxxer.hikari.HikariDataSource       : HikariPool-4 - Start completed.
2025-08-25T11:41:17.391+05:30  INFO 10176 --- [Calender] [restartedMain] o.hibernate.jpa.internal.util.LogHelper  : HHH000204: Processing PersistenceUnitInfo [name: default]
2025-08-25T11:41:17.393+05:30  INFO 10176 --- [Calender] [restartedMain] o.h.c.internal.RegionFactoryInitiator    : HHH000026: Second-level cache disabled
2025-08-25T11:41:17.398+05:30  INFO 10176 --- [Calender] [restartedMain] o.s.o.j.p.SpringPersistenceUnitInfo      : No LoadTimeWeaver setup: ignoring JPA class transformer
2025-08-25T11:41:17.399+05:30  WARN 10176 --- [Calender] [restartedMain] org.hibernate.orm.deprecation            : HHH90000025: MySQL8Dialect does not need to be specified explicitly using 'hibernate.dialect' (remove the property setting and it will be selected by default)
2025-08-25T11:41:17.399+05:30  WARN 10176 --- [Calender] [restartedMain] org.hibernate.orm.deprecation            : HHH90000026: MySQL8Dialect has been deprecated; use org.hibernate.dialect.MySQLDialect instead
2025-08-25T11:41:17.399+05:30  INFO 10176 --- [Calender] [restartedMain] org.hibernate.orm.connections.pooling    : HHH10001005: Database info:
	Database JDBC URL [Connecting through datasource 'HikariDataSource (HikariPool-4)']
	Database driver: undefined/unknown
	Database version: 8.0
	Autocommit mode: undefined/unknown
	Isolation level: undefined/unknown
	Minimum pool size: undefined/unknown
	Maximum pool size: undefined/unknown
2025-08-25T11:41:17.400+05:30 ERROR 10176 --- [Calender] [restartedMain] j.LocalContainerEntityManagerFactoryBean : Failed to initialize JPA EntityManagerFactory: Entity 'com.lits.calender.entity.CalenderEvent' has no identifier (every '@Entity' class must declare or inherit at least one '@Id' or '@EmbeddedId' property)
2025-08-25T11:41:17.400+05:30  WARN 10176 --- [Calender] [restartedMain] ConfigServletWebServerApplicationContext : Exception encountered during context initialization - cancelling refresh attempt: org.springframework.beans.factory.BeanCreationException: Error creating bean with name 'entityManagerFactory' defined in class path resource [org/springframework/boot/autoconfigure/orm/jpa/HibernateJpaConfiguration.class]: Entity 'com.lits.calender.entity.CalenderEvent' has no identifier (every '@Entity' class must declare or inherit at least one '@Id' or '@EmbeddedId' property)
2025-08-25T11:41:17.401+05:30  INFO 10176 --- [Calender] [restartedMain] com.zaxxer.hikari.HikariDataSource       : HikariPool-4 - Shutdown initiated...
2025-08-25T11:41:17.401+05:30  INFO 10176 --- [Calender] [restartedMain] com.zaxxer.hikari.HikariDataSource       : HikariPool-4 - Shutdown completed.
2025-08-25T11:41:17.402+05:30  INFO 10176 --- [Calender] [restartedMain] o.apache.catalina.core.StandardService   : Stopping service [Tomcat]
2025-08-25T11:41:17.406+05:30  INFO 10176 --- [Calender] [restartedMain] .s.b.a.l.ConditionEvaluationReportLogger : 

Error starting ApplicationContext. To display the condition evaluation report re-run your application with 'debug' enabled.
2025-08-25T11:41:17.408+05:30 ERROR 10176 --- [Calender] [restartedMain] o.s.boot.SpringApplication               : Application run failed

org.springframework.beans.factory.BeanCreationException: Error creating bean with name 'entityManagerFactory' defined in class path resource [org/springframework/boot/autoconfigure/orm/jpa/HibernateJpaConfiguration.class]: Entity 'com.lits.calender.entity.CalenderEvent' has no identifier (every '@Entity' class must declare or inherit at least one '@Id' or '@EmbeddedId' property)
	at org.springframework.beans.factory.support.AbstractAutowireCapableBeanFactory.initializeBean(AbstractAutowireCapableBeanFactory.java:1826) ~[spring-beans-6.2.10.jar:6.2.10]
	at org.springframework.beans.factory.support.AbstractAutowireCapableBeanFactory.doCreateBean(AbstractAutowireCapableBeanFactory.java:607) ~[spring-beans-6.2.10.jar:6.2.10]
	at org.springframework.beans.factory.support.AbstractAutowireCapableBeanFactory.createBean(AbstractAutowireCapableBeanFactory.java:529) ~[spring-beans-6.2.10.jar:6.2.10]
	at org.springframework.beans.factory.support.AbstractBeanFactory.lambda$doGetBean$0(AbstractBeanFactory.java:339) ~[spring-beans-6.2.10.jar:6.2.10]
	at org.springframework.beans.factory.support.DefaultSingletonBeanRegistry.getSingleton(DefaultSingletonBeanRegistry.java:373) ~[spring-beans-6.2.10.jar:6.2.10]
	at org.springframework.beans.factory.support.AbstractBeanFactory.doGetBean(AbstractBeanFactory.java:337) ~[spring-beans-6.2.10.jar:6.2.10]
	at org.springframework.beans.factory.support.AbstractBeanFactory.getBean(AbstractBeanFactory.java:207) ~[spring-beans-6.2.10.jar:6.2.10]
	at org.springframework.context.support.AbstractApplicationContext.finishBeanFactoryInitialization(AbstractApplicationContext.java:970) ~[spring-context-6.2.10.jar:6.2.10]
	at org.springframework.context.support.AbstractApplicationContext.refresh(AbstractApplicationContext.java:627) ~[spring-context-6.2.10.jar:6.2.10]
	at org.springframework.boot.web.servlet.context.ServletWebServerApplicationContext.refresh(ServletWebServerApplicationContext.java:146) ~[spring-boot-3.5.5.jar:3.5.5]
	at org.springframework.boot.SpringApplication.refresh(SpringApplication.java:752) ~[spring-boot-3.5.5.jar:3.5.5]
	at org.springframework.boot.SpringApplication.refreshContext(SpringApplication.java:439) ~[spring-boot-3.5.5.jar:3.5.5]
	at org.springframework.boot.SpringApplication.run(SpringApplication.java:318) ~[spring-boot-3.5.5.jar:3.5.5]
	at org.springframework.boot.SpringApplication.run(SpringApplication.java:1361) ~[spring-boot-3.5.5.jar:3.5.5]
	at org.springframework.boot.SpringApplication.run(SpringApplication.java:1350) ~[spring-boot-3.5.5.jar:3.5.5]
	at com.lits.calender.CalenderApplication.main(CalenderApplication.java:10) ~[classes/:na]
	at java.base/jdk.internal.reflect.NativeMethodAccessorImpl.invoke0(Native Method) ~[na:na]
	at java.base/jdk.internal.reflect.NativeMethodAccessorImpl.invoke(NativeMethodAccessorImpl.java:77) ~[na:na]
	at java.base/jdk.internal.reflect.DelegatingMethodAccessorImpl.invoke(DelegatingMethodAccessorImpl.java:43) ~[na:na]
	at java.base/java.lang.reflect.Method.invoke(Method.java:568) ~[na:na]
	at org.springframework.boot.devtools.restart.RestartLauncher.run(RestartLauncher.java:50) ~[spring-boot-devtools-3.5.5.jar:3.5.5]
Caused by: org.hibernate.AnnotationException: Entity 'com.lits.calender.entity.CalenderEvent' has no identifier (every '@Entity' class must declare or inherit at least one '@Id' or '@EmbeddedId' property)
	at org.hibernate.boot.model.internal.InheritanceState.determineDefaultAccessType(InheritanceState.java:289) ~[hibernate-core-6.6.26.Final.jar:6.6.26.Final]
	at org.hibernate.boot.model.internal.InheritanceState.getElementsToProcess(InheritanceState.java:226) ~[hibernate-core-6.6.26.Final.jar:6.6.26.Final]
	at org.hibernate.boot.model.internal.InheritanceState.postProcess(InheritanceState.java:162) ~[hibernate-core-6.6.26.Final.jar:6.6.26.Final]
	at org.hibernate.boot.model.internal.EntityBinder.handleIdentifier(EntityBinder.java:410) ~[hibernate-core-6.6.26.Final.jar:6.6.26.Final]
	at org.hibernate.boot.model.internal.EntityBinder.bindEntityClass(EntityBinder.java:251) ~[hibernate-core-6.6.26.Final.jar:6.6.26.Final]
	at org.hibernate.boot.model.internal.AnnotationBinder.bindClass(AnnotationBinder.java:404) ~[hibernate-core-6.6.26.Final.jar:6.6.26.Final]
	at org.hibernate.boot.model.source.internal.annotations.AnnotationMetadataSourceProcessorImpl.processEntityHierarchies(AnnotationMetadataSourceProcessorImpl.java:266) ~[hibernate-core-6.6.26.Final.jar:6.6.26.Final]
	at org.hibernate.boot.model.process.spi.MetadataBuildingProcess$1.processEntityHierarchies(MetadataBuildingProcess.java:281) ~[hibernate-core-6.6.26.Final.jar:6.6.26.Final]
	at org.hibernate.boot.model.process.spi.MetadataBuildingProcess.complete(MetadataBuildingProcess.java:324) ~[hibernate-core-6.6.26.Final.jar:6.6.26.Final]
	at org.hibernate.jpa.boot.internal.EntityManagerFactoryBuilderImpl.metadata(EntityManagerFactoryBuilderImpl.java:1442) ~[hibernate-core-6.6.26.Final.jar:6.6.26.Final]
	at org.hibernate.jpa.boot.internal.EntityManagerFactoryBuilderImpl.build(EntityManagerFactoryBuilderImpl.java:1513) ~[hibernate-core-6.6.26.Final.jar:6.6.26.Final]
	at org.springframework.orm.jpa.vendor.SpringHibernateJpaPersistenceProvider.createContainerEntityManagerFactory(SpringHibernateJpaPersistenceProvider.java:66) ~[spring-orm-6.2.10.jar:6.2.10]
	at org.springframework.orm.jpa.LocalContainerEntityManagerFactoryBean.createNativeEntityManagerFactory(LocalContainerEntityManagerFactoryBean.java:390) ~[spring-orm-6.2.10.jar:6.2.10]
	at org.springframework.orm.jpa.AbstractEntityManagerFactoryBean.buildNativeEntityManagerFactory(AbstractEntityManagerFactoryBean.java:419) ~[spring-orm-6.2.10.jar:6.2.10]
	at org.springframework.orm.jpa.AbstractEntityManagerFactoryBean.afterPropertiesSet(AbstractEntityManagerFactoryBean.java:400) ~[spring-orm-6.2.10.jar:6.2.10]
	at org.springframework.orm.jpa.LocalContainerEntityManagerFactoryBean.afterPropertiesSet(LocalContainerEntityManagerFactoryBean.java:366) ~[spring-orm-6.2.10.jar:6.2.10]
	at org.springframework.beans.factory.support.AbstractAutowireCapableBeanFactory.invokeInitMethods(AbstractAutowireCapableBeanFactory.java:1873) ~[spring-beans-6.2.10.jar:6.2.10]
	at org.springframework.beans.factory.support.AbstractAutowireCapableBeanFactory.initializeBean(AbstractAutowireCapableBeanFactory.java:1822) ~[spring-beans-6.2.10.jar:6.2.10]
	... 20 common frames omitted

2025-08-25T11:41:29.198+05:30  INFO 8436 --- [Calender] [restartedMain] com.lits.calender.CalenderApplication    : Starting CalenderApplication using Java 17.0.9 with PID 8436 (C:\Users\ADMIN\Documents\workspace-spring-tool-suite-4-4.21.0.RELEASE\Calender\target\classes started by ADMIN in C:\Users\ADMIN\Documents\workspace-spring-tool-suite-4-4.21.0.RELEASE\Calender)
2025-08-25T11:41:29.200+05:30  INFO 8436 --- [Calender] [restartedMain] com.lits.calender.CalenderApplication    : No active profile set, falling back to 1 default profile: "default"
2025-08-25T11:41:29.226+05:30  INFO 8436 --- [Calender] [restartedMain] .e.DevToolsPropertyDefaultsPostProcessor : Devtools property defaults active! Set 'spring.devtools.add-properties' to 'false' to disable
2025-08-25T11:41:29.226+05:30  INFO 8436 --- [Calender] [restartedMain] .e.DevToolsPropertyDefaultsPostProcessor : For additional web related logging consider setting the 'logging.level.web' property to 'DEBUG'
2025-08-25T11:41:29.599+05:30  INFO 8436 --- [Calender] [restartedMain] .s.d.r.c.RepositoryConfigurationDelegate : Bootstrapping Spring Data JPA repositories in DEFAULT mode.
2025-08-25T11:41:29.637+05:30  INFO 8436 --- [Calender] [restartedMain] .s.d.r.c.RepositoryConfigurationDelegate : Finished Spring Data repository scanning in 31 ms. Found 1 JPA repository interface.
2025-08-25T11:41:29.898+05:30  INFO 8436 --- [Calender] [restartedMain] o.s.b.w.embedded.tomcat.TomcatWebServer  : Tomcat initialized with port 8081 (http)
2025-08-25T11:41:29.906+05:30  INFO 8436 --- [Calender] [restartedMain] o.apache.catalina.core.StandardService   : Starting service [Tomcat]
2025-08-25T11:41:29.906+05:30  INFO 8436 --- [Calender] [restartedMain] o.apache.catalina.core.StandardEngine    : Starting Servlet engine: [Apache Tomcat/10.1.44]
2025-08-25T11:41:29.936+05:30  INFO 8436 --- [Calender] [restartedMain] o.a.c.c.C.[Tomcat].[localhost].[/]       : Initializing Spring embedded WebApplicationContext
2025-08-25T11:41:29.936+05:30  INFO 8436 --- [Calender] [restartedMain] w.s.c.ServletWebServerApplicationContext : Root WebApplicationContext: initialization completed in 709 ms
2025-08-25T11:41:30.013+05:30  INFO 8436 --- [Calender] [restartedMain] com.zaxxer.hikari.HikariDataSource       : HikariPool-1 - Starting...
2025-08-25T11:41:30.116+05:30  INFO 8436 --- [Calender] [restartedMain] com.zaxxer.hikari.pool.HikariPool        : HikariPool-1 - Added connection com.mysql.cj.jdbc.ConnectionImpl@25ee579f
2025-08-25T11:41:30.118+05:30  INFO 8436 --- [Calender] [restartedMain] com.zaxxer.hikari.HikariDataSource       : HikariPool-1 - Start completed.
2025-08-25T11:41:30.140+05:30  INFO 8436 --- [Calender] [restartedMain] o.hibernate.jpa.internal.util.LogHelper  : HHH000204: Processing PersistenceUnitInfo [name: default]
2025-08-25T11:41:30.173+05:30  INFO 8436 --- [Calender] [restartedMain] org.hibernate.Version                    : HHH000412: Hibernate ORM core version 6.6.26.Final
2025-08-25T11:41:30.192+05:30  INFO 8436 --- [Calender] [restartedMain] o.h.c.internal.RegionFactoryInitiator    : HHH000026: Second-level cache disabled
2025-08-25T11:41:30.352+05:30  INFO 8436 --- [Calender] [restartedMain] o.s.o.j.p.SpringPersistenceUnitInfo      : No LoadTimeWeaver setup: ignoring JPA class transformer
2025-08-25T11:41:30.398+05:30  WARN 8436 --- [Calender] [restartedMain] org.hibernate.orm.deprecation            : HHH90000025: MySQL8Dialect does not need to be specified explicitly using 'hibernate.dialect' (remove the property setting and it will be selected by default)
2025-08-25T11:41:30.400+05:30  WARN 8436 --- [Calender] [restartedMain] org.hibernate.orm.deprecation            : HHH90000026: MySQL8Dialect has been deprecated; use org.hibernate.dialect.MySQLDialect instead
2025-08-25T11:41:30.409+05:30  INFO 8436 --- [Calender] [restartedMain] org.hibernate.orm.connections.pooling    : HHH10001005: Database info:
	Database JDBC URL [Connecting through datasource 'HikariDataSource (HikariPool-1)']
	Database driver: undefined/unknown
	Database version: 8.0
	Autocommit mode: undefined/unknown
	Isolation level: undefined/unknown
	Minimum pool size: undefined/unknown
	Maximum pool size: undefined/unknown
2025-08-25T11:41:30.475+05:30 ERROR 8436 --- [Calender] [restartedMain] j.LocalContainerEntityManagerFactoryBean : Failed to initialize JPA EntityManagerFactory: Entity 'com.lits.calender.entity.CalenderEvent' has no identifier (every '@Entity' class must declare or inherit at least one '@Id' or '@EmbeddedId' property)
2025-08-25T11:41:30.476+05:30  WARN 8436 --- [Calender] [restartedMain] ConfigServletWebServerApplicationContext : Exception encountered during context initialization - cancelling refresh attempt: org.springframework.beans.factory.BeanCreationException: Error creating bean with name 'entityManagerFactory' defined in class path resource [org/springframework/boot/autoconfigure/orm/jpa/HibernateJpaConfiguration.class]: Entity 'com.lits.calender.entity.CalenderEvent' has no identifier (every '@Entity' class must declare or inherit at least one '@Id' or '@EmbeddedId' property)
2025-08-25T11:41:30.477+05:30  INFO 8436 --- [Calender] [restartedMain] com.zaxxer.hikari.HikariDataSource       : HikariPool-1 - Shutdown initiated...
2025-08-25T11:41:30.511+05:30  INFO 8436 --- [Calender] [restartedMain] com.zaxxer.hikari.HikariDataSource       : HikariPool-1 - Shutdown completed.
2025-08-25T11:41:30.513+05:30  INFO 8436 --- [Calender] [restartedMain] o.apache.catalina.core.StandardService   : Stopping service [Tomcat]
2025-08-25T11:41:30.521+05:30  INFO 8436 --- [Calender] [restartedMain] .s.b.a.l.ConditionEvaluationReportLogger : 

Error starting ApplicationContext. To display the condition evaluation report re-run your application with 'debug' enabled.
2025-08-25T11:41:30.532+05:30 ERROR 8436 --- [Calender] [restartedMain] o.s.boot.SpringApplication               : Application run failed

org.springframework.beans.factory.BeanCreationException: Error creating bean with name 'entityManagerFactory' defined in class path resource [org/springframework/boot/autoconfigure/orm/jpa/HibernateJpaConfiguration.class]: Entity 'com.lits.calender.entity.CalenderEvent' has no identifier (every '@Entity' class must declare or inherit at least one '@Id' or '@EmbeddedId' property)
	at org.springframework.beans.factory.support.AbstractAutowireCapableBeanFactory.initializeBean(AbstractAutowireCapableBeanFactory.java:1826) ~[spring-beans-6.2.10.jar:6.2.10]
	at org.springframework.beans.factory.support.AbstractAutowireCapableBeanFactory.doCreateBean(AbstractAutowireCapableBeanFactory.java:607) ~[spring-beans-6.2.10.jar:6.2.10]
	at org.springframework.beans.factory.support.AbstractAutowireCapableBeanFactory.createBean(AbstractAutowireCapableBeanFactory.java:529) ~[spring-beans-6.2.10.jar:6.2.10]
	at org.springframework.beans.factory.support.AbstractBeanFactory.lambda$doGetBean$0(AbstractBeanFactory.java:339) ~[spring-beans-6.2.10.jar:6.2.10]
	at org.springframework.beans.factory.support.DefaultSingletonBeanRegistry.getSingleton(DefaultSingletonBeanRegistry.java:373) ~[spring-beans-6.2.10.jar:6.2.10]
	at org.springframework.beans.factory.support.AbstractBeanFactory.doGetBean(AbstractBeanFactory.java:337) ~[spring-beans-6.2.10.jar:6.2.10]
	at org.springframework.beans.factory.support.AbstractBeanFactory.getBean(AbstractBeanFactory.java:207) ~[spring-beans-6.2.10.jar:6.2.10]
	at org.springframework.context.support.AbstractApplicationContext.finishBeanFactoryInitialization(AbstractApplicationContext.java:970) ~[spring-context-6.2.10.jar:6.2.10]
	at org.springframework.context.support.AbstractApplicationContext.refresh(AbstractApplicationContext.java:627) ~[spring-context-6.2.10.jar:6.2.10]
	at org.springframework.boot.web.servlet.context.ServletWebServerApplicationContext.refresh(ServletWebServerApplicationContext.java:146) ~[spring-boot-3.5.5.jar:3.5.5]
	at org.springframework.boot.SpringApplication.refresh(SpringApplication.java:752) ~[spring-boot-3.5.5.jar:3.5.5]
	at org.springframework.boot.SpringApplication.refreshContext(SpringApplication.java:439) ~[spring-boot-3.5.5.jar:3.5.5]
	at org.springframework.boot.SpringApplication.run(SpringApplication.java:318) ~[spring-boot-3.5.5.jar:3.5.5]
	at org.springframework.boot.SpringApplication.run(SpringApplication.java:1361) ~[spring-boot-3.5.5.jar:3.5.5]
	at org.springframework.boot.SpringApplication.run(SpringApplication.java:1350) ~[spring-boot-3.5.5.jar:3.5.5]
	at com.lits.calender.CalenderApplication.main(CalenderApplication.java:10) ~[classes/:na]
	at java.base/jdk.internal.reflect.NativeMethodAccessorImpl.invoke0(Native Method) ~[na:na]
	at java.base/jdk.internal.reflect.NativeMethodAccessorImpl.invoke(NativeMethodAccessorImpl.java:77) ~[na:na]
	at java.base/jdk.internal.reflect.DelegatingMethodAccessorImpl.invoke(DelegatingMethodAccessorImpl.java:43) ~[na:na]
	at java.base/java.lang.reflect.Method.invoke(Method.java:568) ~[na:na]
	at org.springframework.boot.devtools.restart.RestartLauncher.run(RestartLauncher.java:50) ~[spring-boot-devtools-3.5.5.jar:3.5.5]
Caused by: org.hibernate.AnnotationException: Entity 'com.lits.calender.entity.CalenderEvent' has no identifier (every '@Entity' class must declare or inherit at least one '@Id' or '@EmbeddedId' property)
	at org.hibernate.boot.model.internal.InheritanceState.determineDefaultAccessType(InheritanceState.java:289) ~[hibernate-core-6.6.26.Final.jar:6.6.26.Final]
	at org.hibernate.boot.model.internal.InheritanceState.getElementsToProcess(InheritanceState.java:226) ~[hibernate-core-6.6.26.Final.jar:6.6.26.Final]
	at org.hibernate.boot.model.internal.InheritanceState.postProcess(InheritanceState.java:162) ~[hibernate-core-6.6.26.Final.jar:6.6.26.Final]
	at org.hibernate.boot.model.internal.EntityBinder.handleIdentifier(EntityBinder.java:410) ~[hibernate-core-6.6.26.Final.jar:6.6.26.Final]
	at org.hibernate.boot.model.internal.EntityBinder.bindEntityClass(EntityBinder.java:251) ~[hibernate-core-6.6.26.Final.jar:6.6.26.Final]
	at org.hibernate.boot.model.internal.AnnotationBinder.bindClass(AnnotationBinder.java:404) ~[hibernate-core-6.6.26.Final.jar:6.6.26.Final]
	at org.hibernate.boot.model.source.internal.annotations.AnnotationMetadataSourceProcessorImpl.processEntityHierarchies(AnnotationMetadataSourceProcessorImpl.java:266) ~[hibernate-core-6.6.26.Final.jar:6.6.26.Final]
	at org.hibernate.boot.model.process.spi.MetadataBuildingProcess$1.processEntityHierarchies(MetadataBuildingProcess.java:281) ~[hibernate-core-6.6.26.Final.jar:6.6.26.Final]
	at org.hibernate.boot.model.process.spi.MetadataBuildingProcess.complete(MetadataBuildingProcess.java:324) ~[hibernate-core-6.6.26.Final.jar:6.6.26.Final]
	at org.hibernate.jpa.boot.internal.EntityManagerFactoryBuilderImpl.metadata(EntityManagerFactoryBuilderImpl.java:1442) ~[hibernate-core-6.6.26.Final.jar:6.6.26.Final]
	at org.hibernate.jpa.boot.internal.EntityManagerFactoryBuilderImpl.build(EntityManagerFactoryBuilderImpl.java:1513) ~[hibernate-core-6.6.26.Final.jar:6.6.26.Final]
	at org.springframework.orm.jpa.vendor.SpringHibernateJpaPersistenceProvider.createContainerEntityManagerFactory(SpringHibernateJpaPersistenceProvider.java:66) ~[spring-orm-6.2.10.jar:6.2.10]
	at org.springframework.orm.jpa.LocalContainerEntityManagerFactoryBean.createNativeEntityManagerFactory(LocalContainerEntityManagerFactoryBean.java:390) ~[spring-orm-6.2.10.jar:6.2.10]
	at org.springframework.orm.jpa.AbstractEntityManagerFactoryBean.buildNativeEntityManagerFactory(AbstractEntityManagerFactoryBean.java:419) ~[spring-orm-6.2.10.jar:6.2.10]
	at org.springframework.orm.jpa.AbstractEntityManagerFactoryBean.afterPropertiesSet(AbstractEntityManagerFactoryBean.java:400) ~[spring-orm-6.2.10.jar:6.2.10]
	at org.springframework.orm.jpa.LocalContainerEntityManagerFactoryBean.afterPropertiesSet(LocalContainerEntityManagerFactoryBean.java:366) ~[spring-orm-6.2.10.jar:6.2.10]
	at org.springframework.beans.factory.support.AbstractAutowireCapableBeanFactory.invokeInitMethods(AbstractAutowireCapableBeanFactory.java:1873) ~[spring-beans-6.2.10.jar:6.2.10]
	at org.springframework.beans.factory.support.AbstractAutowireCapableBeanFactory.initializeBean(AbstractAutowireCapableBeanFactory.java:1822) ~[spring-beans-6.2.10.jar:6.2.10]
	... 20 common frames omitted

2025-08-25T11:44:13.120+05:30  INFO 10160 --- [Calender] [restartedMain] com.lits.calender.CalenderApplication    : Starting CalenderApplication using Java 17.0.9 with PID 10160 (C:\Users\ADMIN\Documents\workspace-spring-tool-suite-4-4.21.0.RELEASE\Calender\target\classes started by ADMIN in C:\Users\ADMIN\Documents\workspace-spring-tool-suite-4-4.21.0.RELEASE\Calender)
2025-08-25T11:44:13.122+05:30  INFO 10160 --- [Calender] [restartedMain] com.lits.calender.CalenderApplication    : No active profile set, falling back to 1 default profile: "default"
2025-08-25T11:44:13.150+05:30  INFO 10160 --- [Calender] [restartedMain] .e.DevToolsPropertyDefaultsPostProcessor : Devtools property defaults active! Set 'spring.devtools.add-properties' to 'false' to disable
2025-08-25T11:44:13.150+05:30  INFO 10160 --- [Calender] [restartedMain] .e.DevToolsPropertyDefaultsPostProcessor : For additional web related logging consider setting the 'logging.level.web' property to 'DEBUG'
2025-08-25T11:44:13.522+05:30  INFO 10160 --- [Calender] [restartedMain] .s.d.r.c.RepositoryConfigurationDelegate : Bootstrapping Spring Data JPA repositories in DEFAULT mode.
2025-08-25T11:44:13.556+05:30  INFO 10160 --- [Calender] [restartedMain] .s.d.r.c.RepositoryConfigurationDelegate : Finished Spring Data repository scanning in 27 ms. Found 1 JPA repository interface.
2025-08-25T11:44:13.823+05:30  INFO 10160 --- [Calender] [restartedMain] o.s.b.w.embedded.tomcat.TomcatWebServer  : Tomcat initialized with port 8081 (http)
2025-08-25T11:44:13.832+05:30  INFO 10160 --- [Calender] [restartedMain] o.apache.catalina.core.StandardService   : Starting service [Tomcat]
2025-08-25T11:44:13.832+05:30  INFO 10160 --- [Calender] [restartedMain] o.apache.catalina.core.StandardEngine    : Starting Servlet engine: [Apache Tomcat/10.1.44]
2025-08-25T11:44:13.859+05:30  INFO 10160 --- [Calender] [restartedMain] o.a.c.c.C.[Tomcat].[localhost].[/]       : Initializing Spring embedded WebApplicationContext
2025-08-25T11:44:13.859+05:30  INFO 10160 --- [Calender] [restartedMain] w.s.c.ServletWebServerApplicationContext : Root WebApplicationContext: initialization completed in 708 ms
2025-08-25T11:44:13.939+05:30  INFO 10160 --- [Calender] [restartedMain] com.zaxxer.hikari.HikariDataSource       : HikariPool-1 - Starting...
2025-08-25T11:44:14.038+05:30  INFO 10160 --- [Calender] [restartedMain] com.zaxxer.hikari.pool.HikariPool        : HikariPool-1 - Added connection com.mysql.cj.jdbc.ConnectionImpl@5df7327c
2025-08-25T11:44:14.039+05:30  INFO 10160 --- [Calender] [restartedMain] com.zaxxer.hikari.HikariDataSource       : HikariPool-1 - Start completed.
2025-08-25T11:44:14.067+05:30  INFO 10160 --- [Calender] [restartedMain] o.hibernate.jpa.internal.util.LogHelper  : HHH000204: Processing PersistenceUnitInfo [name: default]
2025-08-25T11:44:14.102+05:30  INFO 10160 --- [Calender] [restartedMain] org.hibernate.Version                    : HHH000412: Hibernate ORM core version 6.6.26.Final
2025-08-25T11:44:14.130+05:30  INFO 10160 --- [Calender] [restartedMain] o.h.c.internal.RegionFactoryInitiator    : HHH000026: Second-level cache disabled
2025-08-25T11:44:14.303+05:30  INFO 10160 --- [Calender] [restartedMain] o.s.o.j.p.SpringPersistenceUnitInfo      : No LoadTimeWeaver setup: ignoring JPA class transformer
2025-08-25T11:44:14.347+05:30  WARN 10160 --- [Calender] [restartedMain] org.hibernate.orm.deprecation            : HHH90000025: MySQL8Dialect does not need to be specified explicitly using 'hibernate.dialect' (remove the property setting and it will be selected by default)
2025-08-25T11:44:14.348+05:30  WARN 10160 --- [Calender] [restartedMain] org.hibernate.orm.deprecation            : HHH90000026: MySQL8Dialect has been deprecated; use org.hibernate.dialect.MySQLDialect instead
2025-08-25T11:44:14.359+05:30  INFO 10160 --- [Calender] [restartedMain] org.hibernate.orm.connections.pooling    : HHH10001005: Database info:
	Database JDBC URL [Connecting through datasource 'HikariDataSource (HikariPool-1)']
	Database driver: undefined/unknown
	Database version: 8.0
	Autocommit mode: undefined/unknown
	Isolation level: undefined/unknown
	Minimum pool size: undefined/unknown
	Maximum pool size: undefined/unknown
2025-08-25T11:44:14.843+05:30  INFO 10160 --- [Calender] [restartedMain] o.h.e.t.j.p.i.JtaPlatformInitiator       : HHH000489: No JTA platform available (set 'hibernate.transaction.jta.platform' to enable JTA platform integration)
2025-08-25T11:44:14.846+05:30  INFO 10160 --- [Calender] [restartedMain] j.LocalContainerEntityManagerFactoryBean : Initialized JPA EntityManagerFactory for persistence unit 'default'
2025-08-25T11:44:15.054+05:30  WARN 10160 --- [Calender] [restartedMain] JpaBaseConfiguration$JpaWebConfiguration : spring.jpa.open-in-view is enabled by default. Therefore, database queries may be performed during view rendering. Explicitly configure spring.jpa.open-in-view to disable this warning
2025-08-25T11:44:15.249+05:30  INFO 10160 --- [Calender] [restartedMain] o.s.b.d.a.OptionalLiveReloadServer       : LiveReload server is running on port 35729
2025-08-25T11:44:15.275+05:30  INFO 10160 --- [Calender] [restartedMain] o.s.b.w.embedded.tomcat.TomcatWebServer  : Tomcat started on port 8081 (http) with context path '/'
2025-08-25T11:44:15.281+05:30  INFO 10160 --- [Calender] [restartedMain] com.lits.calender.CalenderApplication    : Started CalenderApplication in 2.443 seconds (process running for 2.909)
2025-08-25T11:50:00.086+05:30  INFO 10160 --- [Calender] [RMI TCP Connection(15)-127.0.0.1] inMXBeanRegistrar$SpringApplicationAdmin : Application shutdown requested.
2025-08-25T11:50:00.088+05:30  INFO 10160 --- [Calender] [RMI TCP Connection(15)-127.0.0.1] o.s.b.w.e.tomcat.GracefulShutdown        : Commencing graceful shutdown. Waiting for active requests to complete
2025-08-25T11:50:00.172+05:30  INFO 10160 --- [Calender] [tomcat-shutdown] o.s.b.w.e.tomcat.GracefulShutdown        : Graceful shutdown complete
2025-08-25T11:50:00.179+05:30  INFO 10160 --- [Calender] [RMI TCP Connection(15)-127.0.0.1] j.LocalContainerEntityManagerFactoryBean : Closing JPA EntityManagerFactory for persistence unit 'default'
2025-08-25T11:50:00.182+05:30  INFO 10160 --- [Calender] [RMI TCP Connection(15)-127.0.0.1] com.zaxxer.hikari.HikariDataSource       : HikariPool-1 - Shutdown initiated...
2025-08-25T11:50:00.189+05:30  INFO 10160 --- [Calender] [RMI TCP Connection(15)-127.0.0.1] com.zaxxer.hikari.HikariDataSource       : HikariPool-1 - Shutdown completed.
2025-08-25T11:50:22.371+05:30  INFO 9084 --- [Calender] [restartedMain] com.lits.calender.CalenderApplication    : Starting CalenderApplication using Java 17.0.9 with PID 9084 (C:\Users\ADMIN\Documents\workspace-spring-tool-suite-4-4.21.0.RELEASE\Calender\target\classes started by ADMIN in C:\Users\ADMIN\Documents\workspace-spring-tool-suite-4-4.21.0.RELEASE\Calender)
2025-08-25T11:50:22.373+05:30  INFO 9084 --- [Calender] [restartedMain] com.lits.calender.CalenderApplication    : No active profile set, falling back to 1 default profile: "default"
2025-08-25T11:50:22.404+05:30  INFO 9084 --- [Calender] [restartedMain] .e.DevToolsPropertyDefaultsPostProcessor : Devtools property defaults active! Set 'spring.devtools.add-properties' to 'false' to disable
2025-08-25T11:50:22.404+05:30  INFO 9084 --- [Calender] [restartedMain] .e.DevToolsPropertyDefaultsPostProcessor : For additional web related logging consider setting the 'logging.level.web' property to 'DEBUG'
2025-08-25T11:50:22.778+05:30  INFO 9084 --- [Calender] [restartedMain] .s.d.r.c.RepositoryConfigurationDelegate : Bootstrapping Spring Data JPA repositories in DEFAULT mode.
2025-08-25T11:50:22.814+05:30  INFO 9084 --- [Calender] [restartedMain] .s.d.r.c.RepositoryConfigurationDelegate : Finished Spring Data repository scanning in 30 ms. Found 1 JPA repository interface.
2025-08-25T11:50:23.093+05:30  INFO 9084 --- [Calender] [restartedMain] o.s.b.w.embedded.tomcat.TomcatWebServer  : Tomcat initialized with port 8081 (http)
2025-08-25T11:50:23.102+05:30  INFO 9084 --- [Calender] [restartedMain] o.apache.catalina.core.StandardService   : Starting service [Tomcat]
2025-08-25T11:50:23.103+05:30  INFO 9084 --- [Calender] [restartedMain] o.apache.catalina.core.StandardEngine    : Starting Servlet engine: [Apache Tomcat/10.1.44]
2025-08-25T11:50:23.133+05:30  INFO 9084 --- [Calender] [restartedMain] o.a.c.c.C.[Tomcat].[localhost].[/]       : Initializing Spring embedded WebApplicationContext
2025-08-25T11:50:23.134+05:30  INFO 9084 --- [Calender] [restartedMain] w.s.c.ServletWebServerApplicationContext : Root WebApplicationContext: initialization completed in 729 ms
2025-08-25T11:50:23.218+05:30  INFO 9084 --- [Calender] [restartedMain] com.zaxxer.hikari.HikariDataSource       : HikariPool-1 - Starting...
2025-08-25T11:50:23.325+05:30  INFO 9084 --- [Calender] [restartedMain] com.zaxxer.hikari.pool.HikariPool        : HikariPool-1 - Added connection com.mysql.cj.jdbc.ConnectionImpl@102018a2
2025-08-25T11:50:23.326+05:30  INFO 9084 --- [Calender] [restartedMain] com.zaxxer.hikari.HikariDataSource       : HikariPool-1 - Start completed.
2025-08-25T11:50:23.353+05:30  INFO 9084 --- [Calender] [restartedMain] o.hibernate.jpa.internal.util.LogHelper  : HHH000204: Processing PersistenceUnitInfo [name: default]
2025-08-25T11:50:23.395+05:30  INFO 9084 --- [Calender] [restartedMain] org.hibernate.Version                    : HHH000412: Hibernate ORM core version 6.6.26.Final
2025-08-25T11:50:23.422+05:30  INFO 9084 --- [Calender] [restartedMain] o.h.c.internal.RegionFactoryInitiator    : HHH000026: Second-level cache disabled
2025-08-25T11:50:23.607+05:30  INFO 9084 --- [Calender] [restartedMain] o.s.o.j.p.SpringPersistenceUnitInfo      : No LoadTimeWeaver setup: ignoring JPA class transformer
2025-08-25T11:50:23.661+05:30  WARN 9084 --- [Calender] [restartedMain] org.hibernate.orm.deprecation            : HHH90000025: MySQL8Dialect does not need to be specified explicitly using 'hibernate.dialect' (remove the property setting and it will be selected by default)
2025-08-25T11:50:23.662+05:30  WARN 9084 --- [Calender] [restartedMain] org.hibernate.orm.deprecation            : HHH90000026: MySQL8Dialect has been deprecated; use org.hibernate.dialect.MySQLDialect instead
2025-08-25T11:50:23.674+05:30  INFO 9084 --- [Calender] [restartedMain] org.hibernate.orm.connections.pooling    : HHH10001005: Database info:
	Database JDBC URL [Connecting through datasource 'HikariDataSource (HikariPool-1)']
	Database driver: undefined/unknown
	Database version: 8.0
	Autocommit mode: undefined/unknown
	Isolation level: undefined/unknown
	Minimum pool size: undefined/unknown
	Maximum pool size: undefined/unknown
2025-08-25T11:50:24.189+05:30  INFO 9084 --- [Calender] [restartedMain] o.h.e.t.j.p.i.JtaPlatformInitiator       : HHH000489: No JTA platform available (set 'hibernate.transaction.jta.platform' to enable JTA platform integration)
2025-08-25T11:50:24.191+05:30  INFO 9084 --- [Calender] [restartedMain] j.LocalContainerEntityManagerFactoryBean : Initialized JPA EntityManagerFactory for persistence unit 'default'
2025-08-25T11:50:24.377+05:30  WARN 9084 --- [Calender] [restartedMain] JpaBaseConfiguration$JpaWebConfiguration : spring.jpa.open-in-view is enabled by default. Therefore, database queries may be performed during view rendering. Explicitly configure spring.jpa.open-in-view to disable this warning
2025-08-25T11:50:24.573+05:30  INFO 9084 --- [Calender] [restartedMain] o.s.b.d.a.OptionalLiveReloadServer       : LiveReload server is running on port 35729
2025-08-25T11:50:24.609+05:30  INFO 9084 --- [Calender] [restartedMain] o.s.b.w.embedded.tomcat.TomcatWebServer  : Tomcat started on port 8081 (http) with context path '/'
2025-08-25T11:50:24.615+05:30  INFO 9084 --- [Calender] [restartedMain] com.lits.calender.CalenderApplication    : Started CalenderApplication in 2.528 seconds (process running for 2.978)
2025-08-25T11:54:51.267+05:30  INFO 9084 --- [Calender] [File Watcher] rtingClassPathChangeChangedEventListener : Restarting due to 2 class path changes (0 additions, 0 deletions, 2 modifications)
2025-08-25T11:54:51.269+05:30  INFO 9084 --- [Calender] [Thread-5] o.s.b.w.e.tomcat.GracefulShutdown        : Commencing graceful shutdown. Waiting for active requests to complete
2025-08-25T11:54:51.357+05:30  INFO 9084 --- [Calender] [tomcat-shutdown] o.s.b.w.e.tomcat.GracefulShutdown        : Graceful shutdown complete
2025-08-25T11:54:51.360+05:30  INFO 9084 --- [Calender] [Thread-5] j.LocalContainerEntityManagerFactoryBean : Closing JPA EntityManagerFactory for persistence unit 'default'
2025-08-25T11:54:51.362+05:30  INFO 9084 --- [Calender] [Thread-5] com.zaxxer.hikari.HikariDataSource       : HikariPool-1 - Shutdown initiated...
2025-08-25T11:54:51.367+05:30  INFO 9084 --- [Calender] [Thread-5] com.zaxxer.hikari.HikariDataSource       : HikariPool-1 - Shutdown completed.
2025-08-25T11:54:51.423+05:30  INFO 9084 --- [Calender] [restartedMain] com.lits.calender.CalenderApplication    : Starting CalenderApplication using Java 17.0.9 with PID 9084 (C:\Users\ADMIN\Documents\workspace-spring-tool-suite-4-4.21.0.RELEASE\Calender\target\classes started by ADMIN in C:\Users\ADMIN\Documents\workspace-spring-tool-suite-4-4.21.0.RELEASE\Calender)
2025-08-25T11:54:51.423+05:30  INFO 9084 --- [Calender] [restartedMain] com.lits.calender.CalenderApplication    : No active profile set, falling back to 1 default profile: "default"
2025-08-25T11:54:51.510+05:30  INFO 9084 --- [Calender] [restartedMain] .s.d.r.c.RepositoryConfigurationDelegate : Bootstrapping Spring Data JPA repositories in DEFAULT mode.
2025-08-25T11:54:51.515+05:30  INFO 9084 --- [Calender] [restartedMain] .s.d.r.c.RepositoryConfigurationDelegate : Finished Spring Data repository scanning in 4 ms. Found 1 JPA repository interface.
2025-08-25T11:54:51.568+05:30  INFO 9084 --- [Calender] [restartedMain] o.s.b.w.embedded.tomcat.TomcatWebServer  : Tomcat initialized with port 8081 (http)
2025-08-25T11:54:51.568+05:30  INFO 9084 --- [Calender] [restartedMain] o.apache.catalina.core.StandardService   : Starting service [Tomcat]
2025-08-25T11:54:51.568+05:30  INFO 9084 --- [Calender] [restartedMain] o.apache.catalina.core.StandardEngine    : Starting Servlet engine: [Apache Tomcat/10.1.44]
2025-08-25T11:54:51.578+05:30  INFO 9084 --- [Calender] [restartedMain] o.a.c.c.C.[Tomcat].[localhost].[/]       : Initializing Spring embedded WebApplicationContext
2025-08-25T11:54:51.578+05:30  INFO 9084 --- [Calender] [restartedMain] w.s.c.ServletWebServerApplicationContext : Root WebApplicationContext: initialization completed in 153 ms
2025-08-25T11:54:51.595+05:30  INFO 9084 --- [Calender] [restartedMain] com.zaxxer.hikari.HikariDataSource       : HikariPool-2 - Starting...
2025-08-25T11:54:51.599+05:30  INFO 9084 --- [Calender] [restartedMain] com.zaxxer.hikari.pool.HikariPool        : HikariPool-2 - Added connection com.mysql.cj.jdbc.ConnectionImpl@2384a2cb
2025-08-25T11:54:51.599+05:30  INFO 9084 --- [Calender] [restartedMain] com.zaxxer.hikari.HikariDataSource       : HikariPool-2 - Start completed.
2025-08-25T11:54:51.600+05:30  INFO 9084 --- [Calender] [restartedMain] o.hibernate.jpa.internal.util.LogHelper  : HHH000204: Processing PersistenceUnitInfo [name: default]
2025-08-25T11:54:51.602+05:30  INFO 9084 --- [Calender] [restartedMain] o.h.c.internal.RegionFactoryInitiator    : HHH000026: Second-level cache disabled
2025-08-25T11:54:51.609+05:30  INFO 9084 --- [Calender] [restartedMain] o.s.o.j.p.SpringPersistenceUnitInfo      : No LoadTimeWeaver setup: ignoring JPA class transformer
2025-08-25T11:54:51.610+05:30  WARN 9084 --- [Calender] [restartedMain] org.hibernate.orm.deprecation            : HHH90000025: MySQL8Dialect does not need to be specified explicitly using 'hibernate.dialect' (remove the property setting and it will be selected by default)
2025-08-25T11:54:51.610+05:30  WARN 9084 --- [Calender] [restartedMain] org.hibernate.orm.deprecation            : HHH90000026: MySQL8Dialect has been deprecated; use org.hibernate.dialect.MySQLDialect instead
2025-08-25T11:54:51.610+05:30  INFO 9084 --- [Calender] [restartedMain] org.hibernate.orm.connections.pooling    : HHH10001005: Database info:
	Database JDBC URL [Connecting through datasource 'HikariDataSource (HikariPool-2)']
	Database driver: undefined/unknown
	Database version: 8.0
	Autocommit mode: undefined/unknown
	Isolation level: undefined/unknown
	Minimum pool size: undefined/unknown
	Maximum pool size: undefined/unknown
2025-08-25T11:54:51.631+05:30  INFO 9084 --- [Calender] [restartedMain] o.h.e.t.j.p.i.JtaPlatformInitiator       : HHH000489: No JTA platform available (set 'hibernate.transaction.jta.platform' to enable JTA platform integration)
2025-08-25T11:54:51.631+05:30  INFO 9084 --- [Calender] [restartedMain] j.LocalContainerEntityManagerFactoryBean : Initialized JPA EntityManagerFactory for persistence unit 'default'
2025-08-25T11:54:51.657+05:30  WARN 9084 --- [Calender] [restartedMain] ConfigServletWebServerApplicationContext : Exception encountered during context initialization - cancelling refresh attempt: org.springframework.beans.factory.UnsatisfiedDependencyException: Error creating bean with name 'calenderEventController': Unsatisfied dependency expressed through field 'calenderEventService': Error creating bean with name 'calenderEventService': Unsatisfied dependency expressed through field 'repo': Error creating bean with name 'calenderEventRepository' defined in com.lits.calender.repository.CalenderEventRepository defined in @EnableJpaRepositories declared on JpaRepositoriesRegistrar.EnableJpaRepositoriesConfiguration: Could not create query for public abstract java.util.List com.lits.calender.repository.CalenderEventRepository.findByStartDateBetween(java.time.LocalDateTime,java.time.LocalDateTime); Reason: Failed to create query for method public abstract java.util.List com.lits.calender.repository.CalenderEventRepository.findByStartDateBetween(java.time.LocalDateTime,java.time.LocalDateTime); No property 'startDate' found for type 'CalenderEvent'
2025-08-25T11:54:51.658+05:30  INFO 9084 --- [Calender] [restartedMain] j.LocalContainerEntityManagerFactoryBean : Closing JPA EntityManagerFactory for persistence unit 'default'
2025-08-25T11:54:51.658+05:30  INFO 9084 --- [Calender] [restartedMain] com.zaxxer.hikari.HikariDataSource       : HikariPool-2 - Shutdown initiated...
2025-08-25T11:54:51.659+05:30  INFO 9084 --- [Calender] [restartedMain] com.zaxxer.hikari.HikariDataSource       : HikariPool-2 - Shutdown completed.
2025-08-25T11:54:51.659+05:30  INFO 9084 --- [Calender] [restartedMain] o.apache.catalina.core.StandardService   : Stopping service [Tomcat]
2025-08-25T11:54:51.663+05:30  INFO 9084 --- [Calender] [restartedMain] .s.b.a.l.ConditionEvaluationReportLogger : 

Error starting ApplicationContext. To display the condition evaluation report re-run your application with 'debug' enabled.
2025-08-25T11:54:51.676+05:30 ERROR 9084 --- [Calender] [restartedMain] o.s.boot.SpringApplication               : Application run failed

org.springframework.beans.factory.UnsatisfiedDependencyException: Error creating bean with name 'calenderEventController': Unsatisfied dependency expressed through field 'calenderEventService': Error creating bean with name 'calenderEventService': Unsatisfied dependency expressed through field 'repo': Error creating bean with name 'calenderEventRepository' defined in com.lits.calender.repository.CalenderEventRepository defined in @EnableJpaRepositories declared on JpaRepositoriesRegistrar.EnableJpaRepositoriesConfiguration: Could not create query for public abstract java.util.List com.lits.calender.repository.CalenderEventRepository.findByStartDateBetween(java.time.LocalDateTime,java.time.LocalDateTime); Reason: Failed to create query for method public abstract java.util.List com.lits.calender.repository.CalenderEventRepository.findByStartDateBetween(java.time.LocalDateTime,java.time.LocalDateTime); No property 'startDate' found for type 'CalenderEvent'
	at org.springframework.beans.factory.annotation.AutowiredAnnotationBeanPostProcessor$AutowiredFieldElement.resolveFieldValue(AutowiredAnnotationBeanPostProcessor.java:788) ~[spring-beans-6.2.10.jar:6.2.10]
	at org.springframework.beans.factory.annotation.AutowiredAnnotationBeanPostProcessor$AutowiredFieldElement.inject(AutowiredAnnotationBeanPostProcessor.java:768) ~[spring-beans-6.2.10.jar:6.2.10]
	at org.springframework.beans.factory.annotation.InjectionMetadata.inject(InjectionMetadata.java:146) ~[spring-beans-6.2.10.jar:6.2.10]
	at org.springframework.beans.factory.annotation.AutowiredAnnotationBeanPostProcessor.postProcessProperties(AutowiredAnnotationBeanPostProcessor.java:509) ~[spring-beans-6.2.10.jar:6.2.10]
	at org.springframework.beans.factory.support.AbstractAutowireCapableBeanFactory.populateBean(AbstractAutowireCapableBeanFactory.java:1459) ~[spring-beans-6.2.10.jar:6.2.10]
	at org.springframework.beans.factory.support.AbstractAutowireCapableBeanFactory.doCreateBean(AbstractAutowireCapableBeanFactory.java:606) ~[spring-beans-6.2.10.jar:6.2.10]
	at org.springframework.beans.factory.support.AbstractAutowireCapableBeanFactory.createBean(AbstractAutowireCapableBeanFactory.java:529) ~[spring-beans-6.2.10.jar:6.2.10]
	at org.springframework.beans.factory.support.AbstractBeanFactory.lambda$doGetBean$0(AbstractBeanFactory.java:339) ~[spring-beans-6.2.10.jar:6.2.10]
	at org.springframework.beans.factory.support.DefaultSingletonBeanRegistry.getSingleton(DefaultSingletonBeanRegistry.java:373) ~[spring-beans-6.2.10.jar:6.2.10]
	at org.springframework.beans.factory.support.AbstractBeanFactory.doGetBean(AbstractBeanFactory.java:337) ~[spring-beans-6.2.10.jar:6.2.10]
	at org.springframework.beans.factory.support.AbstractBeanFactory.getBean(AbstractBeanFactory.java:202) ~[spring-beans-6.2.10.jar:6.2.10]
	at org.springframework.beans.factory.support.DefaultListableBeanFactory.instantiateSingleton(DefaultListableBeanFactory.java:1222) ~[spring-beans-6.2.10.jar:6.2.10]
	at org.springframework.beans.factory.support.DefaultListableBeanFactory.preInstantiateSingleton(DefaultListableBeanFactory.java:1188) ~[spring-beans-6.2.10.jar:6.2.10]
	at org.springframework.beans.factory.support.DefaultListableBeanFactory.preInstantiateSingletons(DefaultListableBeanFactory.java:1123) ~[spring-beans-6.2.10.jar:6.2.10]
	at org.springframework.context.support.AbstractApplicationContext.finishBeanFactoryInitialization(AbstractApplicationContext.java:987) ~[spring-context-6.2.10.jar:6.2.10]
	at org.springframework.context.support.AbstractApplicationContext.refresh(AbstractApplicationContext.java:627) ~[spring-context-6.2.10.jar:6.2.10]
	at org.springframework.boot.web.servlet.context.ServletWebServerApplicationContext.refresh(ServletWebServerApplicationContext.java:146) ~[spring-boot-3.5.5.jar:3.5.5]
	at org.springframework.boot.SpringApplication.refresh(SpringApplication.java:752) ~[spring-boot-3.5.5.jar:3.5.5]
	at org.springframework.boot.SpringApplication.refreshContext(SpringApplication.java:439) ~[spring-boot-3.5.5.jar:3.5.5]
	at org.springframework.boot.SpringApplication.run(SpringApplication.java:318) ~[spring-boot-3.5.5.jar:3.5.5]
	at org.springframework.boot.SpringApplication.run(SpringApplication.java:1361) ~[spring-boot-3.5.5.jar:3.5.5]
	at org.springframework.boot.SpringApplication.run(SpringApplication.java:1350) ~[spring-boot-3.5.5.jar:3.5.5]
	at com.lits.calender.CalenderApplication.main(CalenderApplication.java:10) ~[classes/:na]
	at java.base/jdk.internal.reflect.NativeMethodAccessorImpl.invoke0(Native Method) ~[na:na]
	at java.base/jdk.internal.reflect.NativeMethodAccessorImpl.invoke(NativeMethodAccessorImpl.java:77) ~[na:na]
	at java.base/jdk.internal.reflect.DelegatingMethodAccessorImpl.invoke(DelegatingMethodAccessorImpl.java:43) ~[na:na]
	at java.base/java.lang.reflect.Method.invoke(Method.java:568) ~[na:na]
	at org.springframework.boot.devtools.restart.RestartLauncher.run(RestartLauncher.java:50) ~[spring-boot-devtools-3.5.5.jar:3.5.5]
Caused by: org.springframework.beans.factory.UnsatisfiedDependencyException: Error creating bean with name 'calenderEventService': Unsatisfied dependency expressed through field 'repo': Error creating bean with name 'calenderEventRepository' defined in com.lits.calender.repository.CalenderEventRepository defined in @EnableJpaRepositories declared on JpaRepositoriesRegistrar.EnableJpaRepositoriesConfiguration: Could not create query for public abstract java.util.List com.lits.calender.repository.CalenderEventRepository.findByStartDateBetween(java.time.LocalDateTime,java.time.LocalDateTime); Reason: Failed to create query for method public abstract java.util.List com.lits.calender.repository.CalenderEventRepository.findByStartDateBetween(java.time.LocalDateTime,java.time.LocalDateTime); No property 'startDate' found for type 'CalenderEvent'
	at org.springframework.beans.factory.annotation.AutowiredAnnotationBeanPostProcessor$AutowiredFieldElement.resolveFieldValue(AutowiredAnnotationBeanPostProcessor.java:788) ~[spring-beans-6.2.10.jar:6.2.10]
	at org.springframework.beans.factory.annotation.AutowiredAnnotationBeanPostProcessor$AutowiredFieldElement.inject(AutowiredAnnotationBeanPostProcessor.java:768) ~[spring-beans-6.2.10.jar:6.2.10]
	at org.springframework.beans.factory.annotation.InjectionMetadata.inject(InjectionMetadata.java:146) ~[spring-beans-6.2.10.jar:6.2.10]
	at org.springframework.beans.factory.annotation.AutowiredAnnotationBeanPostProcessor.postProcessProperties(AutowiredAnnotationBeanPostProcessor.java:509) ~[spring-beans-6.2.10.jar:6.2.10]
	at org.springframework.beans.factory.support.AbstractAutowireCapableBeanFactory.populateBean(AbstractAutowireCapableBeanFactory.java:1459) ~[spring-beans-6.2.10.jar:6.2.10]
	at org.springframework.beans.factory.support.AbstractAutowireCapableBeanFactory.doCreateBean(AbstractAutowireCapableBeanFactory.java:606) ~[spring-beans-6.2.10.jar:6.2.10]
	at org.springframework.beans.factory.support.AbstractAutowireCapableBeanFactory.createBean(AbstractAutowireCapableBeanFactory.java:529) ~[spring-beans-6.2.10.jar:6.2.10]
	at org.springframework.beans.factory.support.AbstractBeanFactory.lambda$doGetBean$0(AbstractBeanFactory.java:339) ~[spring-beans-6.2.10.jar:6.2.10]
	at org.springframework.beans.factory.support.DefaultSingletonBeanRegistry.getSingleton(DefaultSingletonBeanRegistry.java:373) ~[spring-beans-6.2.10.jar:6.2.10]
	at org.springframework.beans.factory.support.AbstractBeanFactory.doGetBean(AbstractBeanFactory.java:337) ~[spring-beans-6.2.10.jar:6.2.10]
	at org.springframework.beans.factory.support.AbstractBeanFactory.getBean(AbstractBeanFactory.java:202) ~[spring-beans-6.2.10.jar:6.2.10]
	at org.springframework.beans.factory.support.DefaultListableBeanFactory.doResolveDependency(DefaultListableBeanFactory.java:1690) ~[spring-beans-6.2.10.jar:6.2.10]
	at org.springframework.beans.factory.support.DefaultListableBeanFactory.resolveDependency(DefaultListableBeanFactory.java:1635) ~[spring-beans-6.2.10.jar:6.2.10]
	at org.springframework.beans.factory.annotation.AutowiredAnnotationBeanPostProcessor$AutowiredFieldElement.resolveFieldValue(AutowiredAnnotationBeanPostProcessor.java:785) ~[spring-beans-6.2.10.jar:6.2.10]
	... 27 common frames omitted
Caused by: org.springframework.beans.factory.BeanCreationException: Error creating bean with name 'calenderEventRepository' defined in com.lits.calender.repository.CalenderEventRepository defined in @EnableJpaRepositories declared on JpaRepositoriesRegistrar.EnableJpaRepositoriesConfiguration: Could not create query for public abstract java.util.List com.lits.calender.repository.CalenderEventRepository.findByStartDateBetween(java.time.LocalDateTime,java.time.LocalDateTime); Reason: Failed to create query for method public abstract java.util.List com.lits.calender.repository.CalenderEventRepository.findByStartDateBetween(java.time.LocalDateTime,java.time.LocalDateTime); No property 'startDate' found for type 'CalenderEvent'
	at org.springframework.beans.factory.support.AbstractAutowireCapableBeanFactory.initializeBean(AbstractAutowireCapableBeanFactory.java:1826) ~[spring-beans-6.2.10.jar:6.2.10]
	at org.springframework.beans.factory.support.AbstractAutowireCapableBeanFactory.doCreateBean(AbstractAutowireCapableBeanFactory.java:607) ~[spring-beans-6.2.10.jar:6.2.10]
	at org.springframework.beans.factory.support.AbstractAutowireCapableBeanFactory.createBean(AbstractAutowireCapableBeanFactory.java:529) ~[spring-beans-6.2.10.jar:6.2.10]
	at org.springframework.beans.factory.support.AbstractBeanFactory.lambda$doGetBean$0(AbstractBeanFactory.java:339) ~[spring-beans-6.2.10.jar:6.2.10]
	at org.springframework.beans.factory.support.DefaultSingletonBeanRegistry.getSingleton(DefaultSingletonBeanRegistry.java:373) ~[spring-beans-6.2.10.jar:6.2.10]
	at org.springframework.beans.factory.support.AbstractBeanFactory.doGetBean(AbstractBeanFactory.java:337) ~[spring-beans-6.2.10.jar:6.2.10]
	at org.springframework.beans.factory.support.AbstractBeanFactory.getBean(AbstractBeanFactory.java:202) ~[spring-beans-6.2.10.jar:6.2.10]
	at org.springframework.beans.factory.config.DependencyDescriptor.resolveCandidate(DependencyDescriptor.java:254) ~[spring-beans-6.2.10.jar:6.2.10]
	at org.springframework.beans.factory.support.DefaultListableBeanFactory.doResolveDependency(DefaultListableBeanFactory.java:1752) ~[spring-beans-6.2.10.jar:6.2.10]
	at org.springframework.beans.factory.support.DefaultListableBeanFactory.resolveDependency(DefaultListableBeanFactory.java:1635) ~[spring-beans-6.2.10.jar:6.2.10]
	at org.springframework.beans.factory.annotation.AutowiredAnnotationBeanPostProcessor$AutowiredFieldElement.resolveFieldValue(AutowiredAnnotationBeanPostProcessor.java:785) ~[spring-beans-6.2.10.jar:6.2.10]
	... 40 common frames omitted
Caused by: org.springframework.data.repository.query.QueryCreationException: Could not create query for public abstract java.util.List com.lits.calender.repository.CalenderEventRepository.findByStartDateBetween(java.time.LocalDateTime,java.time.LocalDateTime); Reason: Failed to create query for method public abstract java.util.List com.lits.calender.repository.CalenderEventRepository.findByStartDateBetween(java.time.LocalDateTime,java.time.LocalDateTime); No property 'startDate' found for type 'CalenderEvent'
	at org.springframework.data.repository.query.QueryCreationException.create(QueryCreationException.java:101) ~[spring-data-commons-3.5.3.jar:3.5.3]
	at org.springframework.data.repository.core.support.QueryExecutorMethodInterceptor.lookupQuery(QueryExecutorMethodInterceptor.java:120) ~[spring-data-commons-3.5.3.jar:3.5.3]
	at org.springframework.data.repository.core.support.QueryExecutorMethodInterceptor.mapMethodsToQuery(QueryExecutorMethodInterceptor.java:104) ~[spring-data-commons-3.5.3.jar:3.5.3]
	at org.springframework.data.repository.core.support.QueryExecutorMethodInterceptor.lambda$new$0(QueryExecutorMethodInterceptor.java:92) ~[spring-data-commons-3.5.3.jar:3.5.3]
	at java.base/java.util.Optional.map(Optional.java:260) ~[na:na]
	at org.springframework.data.repository.core.support.QueryExecutorMethodInterceptor.<init>(QueryExecutorMethodInterceptor.java:92) ~[spring-data-commons-3.5.3.jar:3.5.3]
	at org.springframework.data.repository.core.support.RepositoryFactorySupport.getRepository(RepositoryFactorySupport.java:434) ~[spring-data-commons-3.5.3.jar:3.5.3]
	at org.springframework.data.repository.core.support.RepositoryFactoryBeanSupport.lambda$afterPropertiesSet$4(RepositoryFactoryBeanSupport.java:350) ~[spring-data-commons-3.5.3.jar:3.5.3]
	at org.springframework.data.util.Lazy.getNullable(Lazy.java:135) ~[spring-data-commons-3.5.3.jar:3.5.3]
	at org.springframework.data.util.Lazy.get(Lazy.java:113) ~[spring-data-commons-3.5.3.jar:3.5.3]
	at org.springframework.data.repository.core.support.RepositoryFactoryBeanSupport.afterPropertiesSet(RepositoryFactoryBeanSupport.java:356) ~[spring-data-commons-3.5.3.jar:3.5.3]
	at org.springframework.data.jpa.repository.support.JpaRepositoryFactoryBean.afterPropertiesSet(JpaRepositoryFactoryBean.java:132) ~[spring-data-jpa-3.5.3.jar:3.5.3]
	at org.springframework.beans.factory.support.AbstractAutowireCapableBeanFactory.invokeInitMethods(AbstractAutowireCapableBeanFactory.java:1873) ~[spring-beans-6.2.10.jar:6.2.10]
	at org.springframework.beans.factory.support.AbstractAutowireCapableBeanFactory.initializeBean(AbstractAutowireCapableBeanFactory.java:1822) ~[spring-beans-6.2.10.jar:6.2.10]
	... 50 common frames omitted
Caused by: java.lang.IllegalArgumentException: Failed to create query for method public abstract java.util.List com.lits.calender.repository.CalenderEventRepository.findByStartDateBetween(java.time.LocalDateTime,java.time.LocalDateTime); No property 'startDate' found for type 'CalenderEvent'
	at org.springframework.data.jpa.repository.query.PartTreeJpaQuery.<init>(PartTreeJpaQuery.java:107) ~[spring-data-jpa-3.5.3.jar:3.5.3]
	at org.springframework.data.jpa.repository.query.JpaQueryLookupStrategy$CreateQueryLookupStrategy.resolveQuery(JpaQueryLookupStrategy.java:128) ~[spring-data-jpa-3.5.3.jar:3.5.3]
	at org.springframework.data.jpa.repository.query.JpaQueryLookupStrategy$CreateIfNotFoundQueryLookupStrategy.resolveQuery(JpaQueryLookupStrategy.java:260) ~[spring-data-jpa-3.5.3.jar:3.5.3]
	at org.springframework.data.jpa.repository.query.JpaQueryLookupStrategy$AbstractQueryLookupStrategy.resolveQuery(JpaQueryLookupStrategy.java:99) ~[spring-data-jpa-3.5.3.jar:3.5.3]
	at org.springframework.data.repository.core.support.QueryExecutorMethodInterceptor.lookupQuery(QueryExecutorMethodInterceptor.java:116) ~[spring-data-commons-3.5.3.jar:3.5.3]
	... 62 common frames omitted
Caused by: org.springframework.data.mapping.PropertyReferenceException: No property 'startDate' found for type 'CalenderEvent'
	at org.springframework.data.mapping.PropertyPath.<init>(PropertyPath.java:94) ~[spring-data-commons-3.5.3.jar:3.5.3]
	at org.springframework.data.mapping.PropertyPath.create(PropertyPath.java:455) ~[spring-data-commons-3.5.3.jar:3.5.3]
	at org.springframework.data.mapping.PropertyPath.create(PropertyPath.java:431) ~[spring-data-commons-3.5.3.jar:3.5.3]
	at org.springframework.data.mapping.PropertyPath.lambda$from$0(PropertyPath.java:384) ~[spring-data-commons-3.5.3.jar:3.5.3]
	at java.base/java.util.concurrent.ConcurrentMap.computeIfAbsent(ConcurrentMap.java:330) ~[na:na]
	at org.springframework.data.mapping.PropertyPath.from(PropertyPath.java:366) ~[spring-data-commons-3.5.3.jar:3.5.3]
	at org.springframework.data.mapping.PropertyPath.from(PropertyPath.java:344) ~[spring-data-commons-3.5.3.jar:3.5.3]
	at org.springframework.data.repository.query.parser.Part.<init>(Part.java:81) ~[spring-data-commons-3.5.3.jar:3.5.3]
	at org.springframework.data.repository.query.parser.PartTree$OrPart.lambda$new$0(PartTree.java:259) ~[spring-data-commons-3.5.3.jar:3.5.3]
	at java.base/java.util.stream.ReferencePipeline$3$1.accept(ReferencePipeline.java:197) ~[na:na]
	at java.base/java.util.stream.ReferencePipeline$2$1.accept(ReferencePipeline.java:179) ~[na:na]
	at java.base/java.util.Spliterators$ArraySpliterator.forEachRemaining(Spliterators.java:992) ~[na:na]
	at java.base/java.util.stream.AbstractPipeline.copyInto(AbstractPipeline.java:509) ~[na:na]
	at java.base/java.util.stream.AbstractPipeline.wrapAndCopyInto(AbstractPipeline.java:499) ~[na:na]
	at java.base/java.util.stream.ReduceOps$ReduceOp.evaluateSequential(ReduceOps.java:921) ~[na:na]
	at java.base/java.util.stream.AbstractPipeline.evaluate(AbstractPipeline.java:234) ~[na:na]
	at java.base/java.util.stream.ReferencePipeline.collect(ReferencePipeline.java:682) ~[na:na]
	at org.springframework.data.repository.query.parser.PartTree$OrPart.<init>(PartTree.java:260) ~[spring-data-commons-3.5.3.jar:3.5.3]
	at org.springframework.data.repository.query.parser.PartTree$Predicate.lambda$new$0(PartTree.java:389) ~[spring-data-commons-3.5.3.jar:3.5.3]
	at java.base/java.util.stream.ReferencePipeline$3$1.accept(ReferencePipeline.java:197) ~[na:na]
	at java.base/java.util.stream.ReferencePipeline$2$1.accept(ReferencePipeline.java:179) ~[na:na]
	at java.base/java.util.Spliterators$ArraySpliterator.forEachRemaining(Spliterators.java:992) ~[na:na]
	at java.base/java.util.stream.AbstractPipeline.copyInto(AbstractPipeline.java:509) ~[na:na]
	at java.base/java.util.stream.AbstractPipeline.wrapAndCopyInto(AbstractPipeline.java:499) ~[na:na]
	at java.base/java.util.stream.ReduceOps$ReduceOp.evaluateSequential(ReduceOps.java:921) ~[na:na]
	at java.base/java.util.stream.AbstractPipeline.evaluate(AbstractPipeline.java:234) ~[na:na]
	at java.base/java.util.stream.ReferencePipeline.collect(ReferencePipeline.java:682) ~[na:na]
	at org.springframework.data.repository.query.parser.PartTree$Predicate.<init>(PartTree.java:390) ~[spring-data-commons-3.5.3.jar:3.5.3]
	at org.springframework.data.repository.query.parser.PartTree.<init>(PartTree.java:103) ~[spring-data-commons-3.5.3.jar:3.5.3]
	at org.springframework.data.jpa.repository.query.PartTreeJpaQuery.<init>(PartTreeJpaQuery.java:101) ~[spring-data-jpa-3.5.3.jar:3.5.3]
	... 66 common frames omitted

2025-08-25T11:54:59.236+05:30  INFO 9084 --- [Calender] [restartedMain] com.lits.calender.CalenderApplication    : Starting CalenderApplication using Java 17.0.9 with PID 9084 (C:\Users\ADMIN\Documents\workspace-spring-tool-suite-4-4.21.0.RELEASE\Calender\target\classes started by ADMIN in C:\Users\ADMIN\Documents\workspace-spring-tool-suite-4-4.21.0.RELEASE\Calender)
2025-08-25T11:54:59.237+05:30  INFO 9084 --- [Calender] [restartedMain] com.lits.calender.CalenderApplication    : No active profile set, falling back to 1 default profile: "default"
2025-08-25T11:54:59.319+05:30  INFO 9084 --- [Calender] [restartedMain] .s.d.r.c.RepositoryConfigurationDelegate : Bootstrapping Spring Data JPA repositories in DEFAULT mode.
2025-08-25T11:54:59.333+05:30  INFO 9084 --- [Calender] [restartedMain] .s.d.r.c.RepositoryConfigurationDelegate : Finished Spring Data repository scanning in 12 ms. Found 1 JPA repository interface.
2025-08-25T11:54:59.372+05:30  INFO 9084 --- [Calender] [restartedMain] o.s.b.w.embedded.tomcat.TomcatWebServer  : Tomcat initialized with port 8081 (http)
2025-08-25T11:54:59.373+05:30  INFO 9084 --- [Calender] [restartedMain] o.apache.catalina.core.StandardService   : Starting service [Tomcat]
2025-08-25T11:54:59.373+05:30  INFO 9084 --- [Calender] [restartedMain] o.apache.catalina.core.StandardEngine    : Starting Servlet engine: [Apache Tomcat/10.1.44]
2025-08-25T11:54:59.382+05:30  INFO 9084 --- [Calender] [restartedMain] o.a.c.c.C.[Tomcat-1].[localhost].[/]     : Initializing Spring embedded WebApplicationContext
2025-08-25T11:54:59.382+05:30  INFO 9084 --- [Calender] [restartedMain] w.s.c.ServletWebServerApplicationContext : Root WebApplicationContext: initialization completed in 143 ms
2025-08-25T11:54:59.398+05:30  INFO 9084 --- [Calender] [restartedMain] com.zaxxer.hikari.HikariDataSource       : HikariPool-3 - Starting...
2025-08-25T11:54:59.401+05:30  INFO 9084 --- [Calender] [restartedMain] com.zaxxer.hikari.pool.HikariPool        : HikariPool-3 - Added connection com.mysql.cj.jdbc.ConnectionImpl@1b60e1
2025-08-25T11:54:59.401+05:30  INFO 9084 --- [Calender] [restartedMain] com.zaxxer.hikari.HikariDataSource       : HikariPool-3 - Start completed.
2025-08-25T11:54:59.402+05:30  INFO 9084 --- [Calender] [restartedMain] o.hibernate.jpa.internal.util.LogHelper  : HHH000204: Processing PersistenceUnitInfo [name: default]
2025-08-25T11:54:59.404+05:30  INFO 9084 --- [Calender] [restartedMain] o.h.c.internal.RegionFactoryInitiator    : HHH000026: Second-level cache disabled
2025-08-25T11:54:59.409+05:30  INFO 9084 --- [Calender] [restartedMain] o.s.o.j.p.SpringPersistenceUnitInfo      : No LoadTimeWeaver setup: ignoring JPA class transformer
2025-08-25T11:54:59.410+05:30  WARN 9084 --- [Calender] [restartedMain] org.hibernate.orm.deprecation            : HHH90000025: MySQL8Dialect does not need to be specified explicitly using 'hibernate.dialect' (remove the property setting and it will be selected by default)
2025-08-25T11:54:59.410+05:30  WARN 9084 --- [Calender] [restartedMain] org.hibernate.orm.deprecation            : HHH90000026: MySQL8Dialect has been deprecated; use org.hibernate.dialect.MySQLDialect instead
2025-08-25T11:54:59.410+05:30  INFO 9084 --- [Calender] [restartedMain] org.hibernate.orm.connections.pooling    : HHH10001005: Database info:
	Database JDBC URL [Connecting through datasource 'HikariDataSource (HikariPool-3)']
	Database driver: undefined/unknown
	Database version: 8.0
	Autocommit mode: undefined/unknown
	Isolation level: undefined/unknown
	Minimum pool size: undefined/unknown
	Maximum pool size: undefined/unknown
2025-08-25T11:54:59.435+05:30  INFO 9084 --- [Calender] [restartedMain] o.h.e.t.j.p.i.JtaPlatformInitiator       : HHH000489: No JTA platform available (set 'hibernate.transaction.jta.platform' to enable JTA platform integration)
2025-08-25T11:54:59.436+05:30  INFO 9084 --- [Calender] [restartedMain] j.LocalContainerEntityManagerFactoryBean : Initialized JPA EntityManagerFactory for persistence unit 'default'
2025-08-25T11:54:59.455+05:30  WARN 9084 --- [Calender] [restartedMain] ConfigServletWebServerApplicationContext : Exception encountered during context initialization - cancelling refresh attempt: org.springframework.beans.factory.UnsatisfiedDependencyException: Error creating bean with name 'calenderEventController': Unsatisfied dependency expressed through field 'calenderEventService': Error creating bean with name 'calenderEventService': Unsatisfied dependency expressed through field 'repo': Error creating bean with name 'calenderEventRepository' defined in com.lits.calender.repository.CalenderEventRepository defined in @EnableJpaRepositories declared on JpaRepositoriesRegistrar.EnableJpaRepositoriesConfiguration: Could not create query for public abstract java.util.List com.lits.calender.repository.CalenderEventRepository.findByStartDateBetween(java.time.LocalDateTime,java.time.LocalDateTime); Reason: Failed to create query for method public abstract java.util.List com.lits.calender.repository.CalenderEventRepository.findByStartDateBetween(java.time.LocalDateTime,java.time.LocalDateTime); No property 'startDate' found for type 'CalenderEvent'
2025-08-25T11:54:59.455+05:30  INFO 9084 --- [Calender] [restartedMain] j.LocalContainerEntityManagerFactoryBean : Closing JPA EntityManagerFactory for persistence unit 'default'
2025-08-25T11:54:59.455+05:30  INFO 9084 --- [Calender] [restartedMain] com.zaxxer.hikari.HikariDataSource       : HikariPool-3 - Shutdown initiated...
2025-08-25T11:54:59.456+05:30  INFO 9084 --- [Calender] [restartedMain] com.zaxxer.hikari.HikariDataSource       : HikariPool-3 - Shutdown completed.
2025-08-25T11:54:59.457+05:30  INFO 9084 --- [Calender] [restartedMain] o.apache.catalina.core.StandardService   : Stopping service [Tomcat]
2025-08-25T11:54:59.459+05:30  INFO 9084 --- [Calender] [restartedMain] .s.b.a.l.ConditionEvaluationReportLogger : 

Error starting ApplicationContext. To display the condition evaluation report re-run your application with 'debug' enabled.
2025-08-25T11:54:59.461+05:30 ERROR 9084 --- [Calender] [restartedMain] o.s.boot.SpringApplication               : Application run failed

org.springframework.beans.factory.UnsatisfiedDependencyException: Error creating bean with name 'calenderEventController': Unsatisfied dependency expressed through field 'calenderEventService': Error creating bean with name 'calenderEventService': Unsatisfied dependency expressed through field 'repo': Error creating bean with name 'calenderEventRepository' defined in com.lits.calender.repository.CalenderEventRepository defined in @EnableJpaRepositories declared on JpaRepositoriesRegistrar.EnableJpaRepositoriesConfiguration: Could not create query for public abstract java.util.List com.lits.calender.repository.CalenderEventRepository.findByStartDateBetween(java.time.LocalDateTime,java.time.LocalDateTime); Reason: Failed to create query for method public abstract java.util.List com.lits.calender.repository.CalenderEventRepository.findByStartDateBetween(java.time.LocalDateTime,java.time.LocalDateTime); No property 'startDate' found for type 'CalenderEvent'
	at org.springframework.beans.factory.annotation.AutowiredAnnotationBeanPostProcessor$AutowiredFieldElement.resolveFieldValue(AutowiredAnnotationBeanPostProcessor.java:788) ~[spring-beans-6.2.10.jar:6.2.10]
	at org.springframework.beans.factory.annotation.AutowiredAnnotationBeanPostProcessor$AutowiredFieldElement.inject(AutowiredAnnotationBeanPostProcessor.java:768) ~[spring-beans-6.2.10.jar:6.2.10]
	at org.springframework.beans.factory.annotation.InjectionMetadata.inject(InjectionMetadata.java:146) ~[spring-beans-6.2.10.jar:6.2.10]
	at org.springframework.beans.factory.annotation.AutowiredAnnotationBeanPostProcessor.postProcessProperties(AutowiredAnnotationBeanPostProcessor.java:509) ~[spring-beans-6.2.10.jar:6.2.10]
	at org.springframework.beans.factory.support.AbstractAutowireCapableBeanFactory.populateBean(AbstractAutowireCapableBeanFactory.java:1459) ~[spring-beans-6.2.10.jar:6.2.10]
	at org.springframework.beans.factory.support.AbstractAutowireCapableBeanFactory.doCreateBean(AbstractAutowireCapableBeanFactory.java:606) ~[spring-beans-6.2.10.jar:6.2.10]
	at org.springframework.beans.factory.support.AbstractAutowireCapableBeanFactory.createBean(AbstractAutowireCapableBeanFactory.java:529) ~[spring-beans-6.2.10.jar:6.2.10]
	at org.springframework.beans.factory.support.AbstractBeanFactory.lambda$doGetBean$0(AbstractBeanFactory.java:339) ~[spring-beans-6.2.10.jar:6.2.10]
	at org.springframework.beans.factory.support.DefaultSingletonBeanRegistry.getSingleton(DefaultSingletonBeanRegistry.java:373) ~[spring-beans-6.2.10.jar:6.2.10]
	at org.springframework.beans.factory.support.AbstractBeanFactory.doGetBean(AbstractBeanFactory.java:337) ~[spring-beans-6.2.10.jar:6.2.10]
	at org.springframework.beans.factory.support.AbstractBeanFactory.getBean(AbstractBeanFactory.java:202) ~[spring-beans-6.2.10.jar:6.2.10]
	at org.springframework.beans.factory.support.DefaultListableBeanFactory.instantiateSingleton(DefaultListableBeanFactory.java:1222) ~[spring-beans-6.2.10.jar:6.2.10]
	at org.springframework.beans.factory.support.DefaultListableBeanFactory.preInstantiateSingleton(DefaultListableBeanFactory.java:1188) ~[spring-beans-6.2.10.jar:6.2.10]
	at org.springframework.beans.factory.support.DefaultListableBeanFactory.preInstantiateSingletons(DefaultListableBeanFactory.java:1123) ~[spring-beans-6.2.10.jar:6.2.10]
	at org.springframework.context.support.AbstractApplicationContext.finishBeanFactoryInitialization(AbstractApplicationContext.java:987) ~[spring-context-6.2.10.jar:6.2.10]
	at org.springframework.context.support.AbstractApplicationContext.refresh(AbstractApplicationContext.java:627) ~[spring-context-6.2.10.jar:6.2.10]
	at org.springframework.boot.web.servlet.context.ServletWebServerApplicationContext.refresh(ServletWebServerApplicationContext.java:146) ~[spring-boot-3.5.5.jar:3.5.5]
	at org.springframework.boot.SpringApplication.refresh(SpringApplication.java:752) ~[spring-boot-3.5.5.jar:3.5.5]
	at org.springframework.boot.SpringApplication.refreshContext(SpringApplication.java:439) ~[spring-boot-3.5.5.jar:3.5.5]
	at org.springframework.boot.SpringApplication.run(SpringApplication.java:318) ~[spring-boot-3.5.5.jar:3.5.5]
	at org.springframework.boot.SpringApplication.run(SpringApplication.java:1361) ~[spring-boot-3.5.5.jar:3.5.5]
	at org.springframework.boot.SpringApplication.run(SpringApplication.java:1350) ~[spring-boot-3.5.5.jar:3.5.5]
	at com.lits.calender.CalenderApplication.main(CalenderApplication.java:10) ~[classes/:na]
	at java.base/jdk.internal.reflect.NativeMethodAccessorImpl.invoke0(Native Method) ~[na:na]
	at java.base/jdk.internal.reflect.NativeMethodAccessorImpl.invoke(NativeMethodAccessorImpl.java:77) ~[na:na]
	at java.base/jdk.internal.reflect.DelegatingMethodAccessorImpl.invoke(DelegatingMethodAccessorImpl.java:43) ~[na:na]
	at java.base/java.lang.reflect.Method.invoke(Method.java:568) ~[na:na]
	at org.springframework.boot.devtools.restart.RestartLauncher.run(RestartLauncher.java:50) ~[spring-boot-devtools-3.5.5.jar:3.5.5]
Caused by: org.springframework.beans.factory.UnsatisfiedDependencyException: Error creating bean with name 'calenderEventService': Unsatisfied dependency expressed through field 'repo': Error creating bean with name 'calenderEventRepository' defined in com.lits.calender.repository.CalenderEventRepository defined in @EnableJpaRepositories declared on JpaRepositoriesRegistrar.EnableJpaRepositoriesConfiguration: Could not create query for public abstract java.util.List com.lits.calender.repository.CalenderEventRepository.findByStartDateBetween(java.time.LocalDateTime,java.time.LocalDateTime); Reason: Failed to create query for method public abstract java.util.List com.lits.calender.repository.CalenderEventRepository.findByStartDateBetween(java.time.LocalDateTime,java.time.LocalDateTime); No property 'startDate' found for type 'CalenderEvent'
	at org.springframework.beans.factory.annotation.AutowiredAnnotationBeanPostProcessor$AutowiredFieldElement.resolveFieldValue(AutowiredAnnotationBeanPostProcessor.java:788) ~[spring-beans-6.2.10.jar:6.2.10]
	at org.springframework.beans.factory.annotation.AutowiredAnnotationBeanPostProcessor$AutowiredFieldElement.inject(AutowiredAnnotationBeanPostProcessor.java:768) ~[spring-beans-6.2.10.jar:6.2.10]
	at org.springframework.beans.factory.annotation.InjectionMetadata.inject(InjectionMetadata.java:146) ~[spring-beans-6.2.10.jar:6.2.10]
	at org.springframework.beans.factory.annotation.AutowiredAnnotationBeanPostProcessor.postProcessProperties(AutowiredAnnotationBeanPostProcessor.java:509) ~[spring-beans-6.2.10.jar:6.2.10]
	at org.springframework.beans.factory.support.AbstractAutowireCapableBeanFactory.populateBean(AbstractAutowireCapableBeanFactory.java:1459) ~[spring-beans-6.2.10.jar:6.2.10]
	at org.springframework.beans.factory.support.AbstractAutowireCapableBeanFactory.doCreateBean(AbstractAutowireCapableBeanFactory.java:606) ~[spring-beans-6.2.10.jar:6.2.10]
	at org.springframework.beans.factory.support.AbstractAutowireCapableBeanFactory.createBean(AbstractAutowireCapableBeanFactory.java:529) ~[spring-beans-6.2.10.jar:6.2.10]
	at org.springframework.beans.factory.support.AbstractBeanFactory.lambda$doGetBean$0(AbstractBeanFactory.java:339) ~[spring-beans-6.2.10.jar:6.2.10]
	at org.springframework.beans.factory.support.DefaultSingletonBeanRegistry.getSingleton(DefaultSingletonBeanRegistry.java:373) ~[spring-beans-6.2.10.jar:6.2.10]
	at org.springframework.beans.factory.support.AbstractBeanFactory.doGetBean(AbstractBeanFactory.java:337) ~[spring-beans-6.2.10.jar:6.2.10]
	at org.springframework.beans.factory.support.AbstractBeanFactory.getBean(AbstractBeanFactory.java:202) ~[spring-beans-6.2.10.jar:6.2.10]
	at org.springframework.beans.factory.support.DefaultListableBeanFactory.doResolveDependency(DefaultListableBeanFactory.java:1690) ~[spring-beans-6.2.10.jar:6.2.10]
	at org.springframework.beans.factory.support.DefaultListableBeanFactory.resolveDependency(DefaultListableBeanFactory.java:1635) ~[spring-beans-6.2.10.jar:6.2.10]
	at org.springframework.beans.factory.annotation.AutowiredAnnotationBeanPostProcessor$AutowiredFieldElement.resolveFieldValue(AutowiredAnnotationBeanPostProcessor.java:785) ~[spring-beans-6.2.10.jar:6.2.10]
	... 27 common frames omitted
Caused by: org.springframework.beans.factory.BeanCreationException: Error creating bean with name 'calenderEventRepository' defined in com.lits.calender.repository.CalenderEventRepository defined in @EnableJpaRepositories declared on JpaRepositoriesRegistrar.EnableJpaRepositoriesConfiguration: Could not create query for public abstract java.util.List com.lits.calender.repository.CalenderEventRepository.findByStartDateBetween(java.time.LocalDateTime,java.time.LocalDateTime); Reason: Failed to create query for method public abstract java.util.List com.lits.calender.repository.CalenderEventRepository.findByStartDateBetween(java.time.LocalDateTime,java.time.LocalDateTime); No property 'startDate' found for type 'CalenderEvent'
	at org.springframework.beans.factory.support.AbstractAutowireCapableBeanFactory.initializeBean(AbstractAutowireCapableBeanFactory.java:1826) ~[spring-beans-6.2.10.jar:6.2.10]
	at org.springframework.beans.factory.support.AbstractAutowireCapableBeanFactory.doCreateBean(AbstractAutowireCapableBeanFactory.java:607) ~[spring-beans-6.2.10.jar:6.2.10]
	at org.springframework.beans.factory.support.AbstractAutowireCapableBeanFactory.createBean(AbstractAutowireCapableBeanFactory.java:529) ~[spring-beans-6.2.10.jar:6.2.10]
	at org.springframework.beans.factory.support.AbstractBeanFactory.lambda$doGetBean$0(AbstractBeanFactory.java:339) ~[spring-beans-6.2.10.jar:6.2.10]
	at org.springframework.beans.factory.support.DefaultSingletonBeanRegistry.getSingleton(DefaultSingletonBeanRegistry.java:373) ~[spring-beans-6.2.10.jar:6.2.10]
	at org.springframework.beans.factory.support.AbstractBeanFactory.doGetBean(AbstractBeanFactory.java:337) ~[spring-beans-6.2.10.jar:6.2.10]
	at org.springframework.beans.factory.support.AbstractBeanFactory.getBean(AbstractBeanFactory.java:202) ~[spring-beans-6.2.10.jar:6.2.10]
	at org.springframework.beans.factory.config.DependencyDescriptor.resolveCandidate(DependencyDescriptor.java:254) ~[spring-beans-6.2.10.jar:6.2.10]
	at org.springframework.beans.factory.support.DefaultListableBeanFactory.doResolveDependency(DefaultListableBeanFactory.java:1752) ~[spring-beans-6.2.10.jar:6.2.10]
	at org.springframework.beans.factory.support.DefaultListableBeanFactory.resolveDependency(DefaultListableBeanFactory.java:1635) ~[spring-beans-6.2.10.jar:6.2.10]
	at org.springframework.beans.factory.annotation.AutowiredAnnotationBeanPostProcessor$AutowiredFieldElement.resolveFieldValue(AutowiredAnnotationBeanPostProcessor.java:785) ~[spring-beans-6.2.10.jar:6.2.10]
	... 40 common frames omitted
Caused by: org.springframework.data.repository.query.QueryCreationException: Could not create query for public abstract java.util.List com.lits.calender.repository.CalenderEventRepository.findByStartDateBetween(java.time.LocalDateTime,java.time.LocalDateTime); Reason: Failed to create query for method public abstract java.util.List com.lits.calender.repository.CalenderEventRepository.findByStartDateBetween(java.time.LocalDateTime,java.time.LocalDateTime); No property 'startDate' found for type 'CalenderEvent'
	at org.springframework.data.repository.query.QueryCreationException.create(QueryCreationException.java:101) ~[spring-data-commons-3.5.3.jar:3.5.3]
	at org.springframework.data.repository.core.support.QueryExecutorMethodInterceptor.lookupQuery(QueryExecutorMethodInterceptor.java:120) ~[spring-data-commons-3.5.3.jar:3.5.3]
	at org.springframework.data.repository.core.support.QueryExecutorMethodInterceptor.mapMethodsToQuery(QueryExecutorMethodInterceptor.java:104) ~[spring-data-commons-3.5.3.jar:3.5.3]
	at org.springframework.data.repository.core.support.QueryExecutorMethodInterceptor.lambda$new$0(QueryExecutorMethodInterceptor.java:92) ~[spring-data-commons-3.5.3.jar:3.5.3]
	at java.base/java.util.Optional.map(Optional.java:260) ~[na:na]
	at org.springframework.data.repository.core.support.QueryExecutorMethodInterceptor.<init>(QueryExecutorMethodInterceptor.java:92) ~[spring-data-commons-3.5.3.jar:3.5.3]
	at org.springframework.data.repository.core.support.RepositoryFactorySupport.getRepository(RepositoryFactorySupport.java:434) ~[spring-data-commons-3.5.3.jar:3.5.3]
	at org.springframework.data.repository.core.support.RepositoryFactoryBeanSupport.lambda$afterPropertiesSet$4(RepositoryFactoryBeanSupport.java:350) ~[spring-data-commons-3.5.3.jar:3.5.3]
	at org.springframework.data.util.Lazy.getNullable(Lazy.java:135) ~[spring-data-commons-3.5.3.jar:3.5.3]
	at org.springframework.data.util.Lazy.get(Lazy.java:113) ~[spring-data-commons-3.5.3.jar:3.5.3]
	at org.springframework.data.repository.core.support.RepositoryFactoryBeanSupport.afterPropertiesSet(RepositoryFactoryBeanSupport.java:356) ~[spring-data-commons-3.5.3.jar:3.5.3]
	at org.springframework.data.jpa.repository.support.JpaRepositoryFactoryBean.afterPropertiesSet(JpaRepositoryFactoryBean.java:132) ~[spring-data-jpa-3.5.3.jar:3.5.3]
	at org.springframework.beans.factory.support.AbstractAutowireCapableBeanFactory.invokeInitMethods(AbstractAutowireCapableBeanFactory.java:1873) ~[spring-beans-6.2.10.jar:6.2.10]
	at org.springframework.beans.factory.support.AbstractAutowireCapableBeanFactory.initializeBean(AbstractAutowireCapableBeanFactory.java:1822) ~[spring-beans-6.2.10.jar:6.2.10]
	... 50 common frames omitted
Caused by: java.lang.IllegalArgumentException: Failed to create query for method public abstract java.util.List com.lits.calender.repository.CalenderEventRepository.findByStartDateBetween(java.time.LocalDateTime,java.time.LocalDateTime); No property 'startDate' found for type 'CalenderEvent'
	at org.springframework.data.jpa.repository.query.PartTreeJpaQuery.<init>(PartTreeJpaQuery.java:107) ~[spring-data-jpa-3.5.3.jar:3.5.3]
	at org.springframework.data.jpa.repository.query.JpaQueryLookupStrategy$CreateQueryLookupStrategy.resolveQuery(JpaQueryLookupStrategy.java:128) ~[spring-data-jpa-3.5.3.jar:3.5.3]
	at org.springframework.data.jpa.repository.query.JpaQueryLookupStrategy$CreateIfNotFoundQueryLookupStrategy.resolveQuery(JpaQueryLookupStrategy.java:260) ~[spring-data-jpa-3.5.3.jar:3.5.3]
	at org.springframework.data.jpa.repository.query.JpaQueryLookupStrategy$AbstractQueryLookupStrategy.resolveQuery(JpaQueryLookupStrategy.java:99) ~[spring-data-jpa-3.5.3.jar:3.5.3]
	at org.springframework.data.repository.core.support.QueryExecutorMethodInterceptor.lookupQuery(QueryExecutorMethodInterceptor.java:116) ~[spring-data-commons-3.5.3.jar:3.5.3]
	... 62 common frames omitted
Caused by: org.springframework.data.mapping.PropertyReferenceException: No property 'startDate' found for type 'CalenderEvent'
	at org.springframework.data.mapping.PropertyPath.<init>(PropertyPath.java:94) ~[spring-data-commons-3.5.3.jar:3.5.3]
	at org.springframework.data.mapping.PropertyPath.create(PropertyPath.java:455) ~[spring-data-commons-3.5.3.jar:3.5.3]
	at org.springframework.data.mapping.PropertyPath.create(PropertyPath.java:431) ~[spring-data-commons-3.5.3.jar:3.5.3]
	at org.springframework.data.mapping.PropertyPath.lambda$from$0(PropertyPath.java:384) ~[spring-data-commons-3.5.3.jar:3.5.3]
	at java.base/java.util.concurrent.ConcurrentMap.computeIfAbsent(ConcurrentMap.java:330) ~[na:na]
	at org.springframework.data.mapping.PropertyPath.from(PropertyPath.java:366) ~[spring-data-commons-3.5.3.jar:3.5.3]
	at org.springframework.data.mapping.PropertyPath.from(PropertyPath.java:344) ~[spring-data-commons-3.5.3.jar:3.5.3]
	at org.springframework.data.repository.query.parser.Part.<init>(Part.java:81) ~[spring-data-commons-3.5.3.jar:3.5.3]
	at org.springframework.data.repository.query.parser.PartTree$OrPart.lambda$new$0(PartTree.java:259) ~[spring-data-commons-3.5.3.jar:3.5.3]
	at java.base/java.util.stream.ReferencePipeline$3$1.accept(ReferencePipeline.java:197) ~[na:na]
	at java.base/java.util.stream.ReferencePipeline$2$1.accept(ReferencePipeline.java:179) ~[na:na]
	at java.base/java.util.Spliterators$ArraySpliterator.forEachRemaining(Spliterators.java:992) ~[na:na]
	at java.base/java.util.stream.AbstractPipeline.copyInto(AbstractPipeline.java:509) ~[na:na]
	at java.base/java.util.stream.AbstractPipeline.wrapAndCopyInto(AbstractPipeline.java:499) ~[na:na]
	at java.base/java.util.stream.ReduceOps$ReduceOp.evaluateSequential(ReduceOps.java:921) ~[na:na]
	at java.base/java.util.stream.AbstractPipeline.evaluate(AbstractPipeline.java:234) ~[na:na]
	at java.base/java.util.stream.ReferencePipeline.collect(ReferencePipeline.java:682) ~[na:na]
	at org.springframework.data.repository.query.parser.PartTree$OrPart.<init>(PartTree.java:260) ~[spring-data-commons-3.5.3.jar:3.5.3]
	at org.springframework.data.repository.query.parser.PartTree$Predicate.lambda$new$0(PartTree.java:389) ~[spring-data-commons-3.5.3.jar:3.5.3]
	at java.base/java.util.stream.ReferencePipeline$3$1.accept(ReferencePipeline.java:197) ~[na:na]
	at java.base/java.util.stream.ReferencePipeline$2$1.accept(ReferencePipeline.java:179) ~[na:na]
	at java.base/java.util.Spliterators$ArraySpliterator.forEachRemaining(Spliterators.java:992) ~[na:na]
	at java.base/java.util.stream.AbstractPipeline.copyInto(AbstractPipeline.java:509) ~[na:na]
	at java.base/java.util.stream.AbstractPipeline.wrapAndCopyInto(AbstractPipeline.java:499) ~[na:na]
	at java.base/java.util.stream.ReduceOps$ReduceOp.evaluateSequential(ReduceOps.java:921) ~[na:na]
	at java.base/java.util.stream.AbstractPipeline.evaluate(AbstractPipeline.java:234) ~[na:na]
	at java.base/java.util.stream.ReferencePipeline.collect(ReferencePipeline.java:682) ~[na:na]
	at org.springframework.data.repository.query.parser.PartTree$Predicate.<init>(PartTree.java:390) ~[spring-data-commons-3.5.3.jar:3.5.3]
	at org.springframework.data.repository.query.parser.PartTree.<init>(PartTree.java:103) ~[spring-data-commons-3.5.3.jar:3.5.3]
	at org.springframework.data.jpa.repository.query.PartTreeJpaQuery.<init>(PartTreeJpaQuery.java:101) ~[spring-data-jpa-3.5.3.jar:3.5.3]
	... 66 common frames omitted

2025-08-25T11:56:06.208+05:30  INFO 2660 --- [Calender] [restartedMain] com.lits.calender.CalenderApplication    : Starting CalenderApplication using Java 17.0.9 with PID 2660 (C:\Users\ADMIN\Documents\workspace-spring-tool-suite-4-4.21.0.RELEASE\Calender\target\classes started by ADMIN in C:\Users\ADMIN\Documents\workspace-spring-tool-suite-4-4.21.0.RELEASE\Calender)
2025-08-25T11:56:06.210+05:30  INFO 2660 --- [Calender] [restartedMain] com.lits.calender.CalenderApplication    : No active profile set, falling back to 1 default profile: "default"
2025-08-25T11:56:06.239+05:30  INFO 2660 --- [Calender] [restartedMain] .e.DevToolsPropertyDefaultsPostProcessor : Devtools property defaults active! Set 'spring.devtools.add-properties' to 'false' to disable
2025-08-25T11:56:06.240+05:30  INFO 2660 --- [Calender] [restartedMain] .e.DevToolsPropertyDefaultsPostProcessor : For additional web related logging consider setting the 'logging.level.web' property to 'DEBUG'
2025-08-25T11:56:06.614+05:30  INFO 2660 --- [Calender] [restartedMain] .s.d.r.c.RepositoryConfigurationDelegate : Bootstrapping Spring Data JPA repositories in DEFAULT mode.
2025-08-25T11:56:06.652+05:30  INFO 2660 --- [Calender] [restartedMain] .s.d.r.c.RepositoryConfigurationDelegate : Finished Spring Data repository scanning in 31 ms. Found 1 JPA repository interface.
2025-08-25T11:56:06.925+05:30  INFO 2660 --- [Calender] [restartedMain] o.s.b.w.embedded.tomcat.TomcatWebServer  : Tomcat initialized with port 8081 (http)
2025-08-25T11:56:06.933+05:30  INFO 2660 --- [Calender] [restartedMain] o.apache.catalina.core.StandardService   : Starting service [Tomcat]
2025-08-25T11:56:06.934+05:30  INFO 2660 --- [Calender] [restartedMain] o.apache.catalina.core.StandardEngine    : Starting Servlet engine: [Apache Tomcat/10.1.44]
2025-08-25T11:56:06.959+05:30  INFO 2660 --- [Calender] [restartedMain] o.a.c.c.C.[Tomcat].[localhost].[/]       : Initializing Spring embedded WebApplicationContext
2025-08-25T11:56:06.960+05:30  INFO 2660 --- [Calender] [restartedMain] w.s.c.ServletWebServerApplicationContext : Root WebApplicationContext: initialization completed in 720 ms
2025-08-25T11:56:07.039+05:30  INFO 2660 --- [Calender] [restartedMain] com.zaxxer.hikari.HikariDataSource       : HikariPool-1 - Starting...
2025-08-25T11:56:07.142+05:30  INFO 2660 --- [Calender] [restartedMain] com.zaxxer.hikari.pool.HikariPool        : HikariPool-1 - Added connection com.mysql.cj.jdbc.ConnectionImpl@4c2a0cb
2025-08-25T11:56:07.144+05:30  INFO 2660 --- [Calender] [restartedMain] com.zaxxer.hikari.HikariDataSource       : HikariPool-1 - Start completed.
2025-08-25T11:56:07.169+05:30  INFO 2660 --- [Calender] [restartedMain] o.hibernate.jpa.internal.util.LogHelper  : HHH000204: Processing PersistenceUnitInfo [name: default]
2025-08-25T11:56:07.198+05:30  INFO 2660 --- [Calender] [restartedMain] org.hibernate.Version                    : HHH000412: Hibernate ORM core version 6.6.26.Final
2025-08-25T11:56:07.220+05:30  INFO 2660 --- [Calender] [restartedMain] o.h.c.internal.RegionFactoryInitiator    : HHH000026: Second-level cache disabled
2025-08-25T11:56:07.385+05:30  INFO 2660 --- [Calender] [restartedMain] o.s.o.j.p.SpringPersistenceUnitInfo      : No LoadTimeWeaver setup: ignoring JPA class transformer
2025-08-25T11:56:07.432+05:30  WARN 2660 --- [Calender] [restartedMain] org.hibernate.orm.deprecation            : HHH90000025: MySQL8Dialect does not need to be specified explicitly using 'hibernate.dialect' (remove the property setting and it will be selected by default)
2025-08-25T11:56:07.433+05:30  WARN 2660 --- [Calender] [restartedMain] org.hibernate.orm.deprecation            : HHH90000026: MySQL8Dialect has been deprecated; use org.hibernate.dialect.MySQLDialect instead
2025-08-25T11:56:07.444+05:30  INFO 2660 --- [Calender] [restartedMain] org.hibernate.orm.connections.pooling    : HHH10001005: Database info:
	Database JDBC URL [Connecting through datasource 'HikariDataSource (HikariPool-1)']
	Database driver: undefined/unknown
	Database version: 8.0
	Autocommit mode: undefined/unknown
	Isolation level: undefined/unknown
	Minimum pool size: undefined/unknown
	Maximum pool size: undefined/unknown
2025-08-25T11:56:07.888+05:30  INFO 2660 --- [Calender] [restartedMain] o.h.e.t.j.p.i.JtaPlatformInitiator       : HHH000489: No JTA platform available (set 'hibernate.transaction.jta.platform' to enable JTA platform integration)
2025-08-25T11:56:07.890+05:30  INFO 2660 --- [Calender] [restartedMain] j.LocalContainerEntityManagerFactoryBean : Initialized JPA EntityManagerFactory for persistence unit 'default'
2025-08-25T11:56:08.030+05:30  WARN 2660 --- [Calender] [restartedMain] ConfigServletWebServerApplicationContext : Exception encountered during context initialization - cancelling refresh attempt: org.springframework.beans.factory.UnsatisfiedDependencyException: Error creating bean with name 'calenderEventController': Unsatisfied dependency expressed through field 'calenderEventService': Error creating bean with name 'calenderEventService': Unsatisfied dependency expressed through field 'repo': Error creating bean with name 'calenderEventRepository' defined in com.lits.calender.repository.CalenderEventRepository defined in @EnableJpaRepositories declared on JpaRepositoriesRegistrar.EnableJpaRepositoriesConfiguration: Could not create query for public abstract java.util.List com.lits.calender.repository.CalenderEventRepository.findByStartDateBetween(java.time.LocalDateTime,java.time.LocalDateTime); Reason: Failed to create query for method public abstract java.util.List com.lits.calender.repository.CalenderEventRepository.findByStartDateBetween(java.time.LocalDateTime,java.time.LocalDateTime); No property 'startDate' found for type 'CalenderEvent'
2025-08-25T11:56:08.030+05:30  INFO 2660 --- [Calender] [restartedMain] j.LocalContainerEntityManagerFactoryBean : Closing JPA EntityManagerFactory for persistence unit 'default'
2025-08-25T11:56:08.033+05:30  INFO 2660 --- [Calender] [restartedMain] com.zaxxer.hikari.HikariDataSource       : HikariPool-1 - Shutdown initiated...
2025-08-25T11:56:08.040+05:30  INFO 2660 --- [Calender] [restartedMain] com.zaxxer.hikari.HikariDataSource       : HikariPool-1 - Shutdown completed.
2025-08-25T11:56:08.042+05:30  INFO 2660 --- [Calender] [restartedMain] o.apache.catalina.core.StandardService   : Stopping service [Tomcat]
2025-08-25T11:56:08.051+05:30  INFO 2660 --- [Calender] [restartedMain] .s.b.a.l.ConditionEvaluationReportLogger : 

Error starting ApplicationContext. To display the condition evaluation report re-run your application with 'debug' enabled.
2025-08-25T11:56:08.067+05:30 ERROR 2660 --- [Calender] [restartedMain] o.s.boot.SpringApplication               : Application run failed

org.springframework.beans.factory.UnsatisfiedDependencyException: Error creating bean with name 'calenderEventController': Unsatisfied dependency expressed through field 'calenderEventService': Error creating bean with name 'calenderEventService': Unsatisfied dependency expressed through field 'repo': Error creating bean with name 'calenderEventRepository' defined in com.lits.calender.repository.CalenderEventRepository defined in @EnableJpaRepositories declared on JpaRepositoriesRegistrar.EnableJpaRepositoriesConfiguration: Could not create query for public abstract java.util.List com.lits.calender.repository.CalenderEventRepository.findByStartDateBetween(java.time.LocalDateTime,java.time.LocalDateTime); Reason: Failed to create query for method public abstract java.util.List com.lits.calender.repository.CalenderEventRepository.findByStartDateBetween(java.time.LocalDateTime,java.time.LocalDateTime); No property 'startDate' found for type 'CalenderEvent'
	at org.springframework.beans.factory.annotation.AutowiredAnnotationBeanPostProcessor$AutowiredFieldElement.resolveFieldValue(AutowiredAnnotationBeanPostProcessor.java:788) ~[spring-beans-6.2.10.jar:6.2.10]
	at org.springframework.beans.factory.annotation.AutowiredAnnotationBeanPostProcessor$AutowiredFieldElement.inject(AutowiredAnnotationBeanPostProcessor.java:768) ~[spring-beans-6.2.10.jar:6.2.10]
	at org.springframework.beans.factory.annotation.InjectionMetadata.inject(InjectionMetadata.java:146) ~[spring-beans-6.2.10.jar:6.2.10]
	at org.springframework.beans.factory.annotation.AutowiredAnnotationBeanPostProcessor.postProcessProperties(AutowiredAnnotationBeanPostProcessor.java:509) ~[spring-beans-6.2.10.jar:6.2.10]
	at org.springframework.beans.factory.support.AbstractAutowireCapableBeanFactory.populateBean(AbstractAutowireCapableBeanFactory.java:1459) ~[spring-beans-6.2.10.jar:6.2.10]
	at org.springframework.beans.factory.support.AbstractAutowireCapableBeanFactory.doCreateBean(AbstractAutowireCapableBeanFactory.java:606) ~[spring-beans-6.2.10.jar:6.2.10]
	at org.springframework.beans.factory.support.AbstractAutowireCapableBeanFactory.createBean(AbstractAutowireCapableBeanFactory.java:529) ~[spring-beans-6.2.10.jar:6.2.10]
	at org.springframework.beans.factory.support.AbstractBeanFactory.lambda$doGetBean$0(AbstractBeanFactory.java:339) ~[spring-beans-6.2.10.jar:6.2.10]
	at org.springframework.beans.factory.support.DefaultSingletonBeanRegistry.getSingleton(DefaultSingletonBeanRegistry.java:373) ~[spring-beans-6.2.10.jar:6.2.10]
	at org.springframework.beans.factory.support.AbstractBeanFactory.doGetBean(AbstractBeanFactory.java:337) ~[spring-beans-6.2.10.jar:6.2.10]
	at org.springframework.beans.factory.support.AbstractBeanFactory.getBean(AbstractBeanFactory.java:202) ~[spring-beans-6.2.10.jar:6.2.10]
	at org.springframework.beans.factory.support.DefaultListableBeanFactory.instantiateSingleton(DefaultListableBeanFactory.java:1222) ~[spring-beans-6.2.10.jar:6.2.10]
	at org.springframework.beans.factory.support.DefaultListableBeanFactory.preInstantiateSingleton(DefaultListableBeanFactory.java:1188) ~[spring-beans-6.2.10.jar:6.2.10]
	at org.springframework.beans.factory.support.DefaultListableBeanFactory.preInstantiateSingletons(DefaultListableBeanFactory.java:1123) ~[spring-beans-6.2.10.jar:6.2.10]
	at org.springframework.context.support.AbstractApplicationContext.finishBeanFactoryInitialization(AbstractApplicationContext.java:987) ~[spring-context-6.2.10.jar:6.2.10]
	at org.springframework.context.support.AbstractApplicationContext.refresh(AbstractApplicationContext.java:627) ~[spring-context-6.2.10.jar:6.2.10]
	at org.springframework.boot.web.servlet.context.ServletWebServerApplicationContext.refresh(ServletWebServerApplicationContext.java:146) ~[spring-boot-3.5.5.jar:3.5.5]
	at org.springframework.boot.SpringApplication.refresh(SpringApplication.java:752) ~[spring-boot-3.5.5.jar:3.5.5]
	at org.springframework.boot.SpringApplication.refreshContext(SpringApplication.java:439) ~[spring-boot-3.5.5.jar:3.5.5]
	at org.springframework.boot.SpringApplication.run(SpringApplication.java:318) ~[spring-boot-3.5.5.jar:3.5.5]
	at org.springframework.boot.SpringApplication.run(SpringApplication.java:1361) ~[spring-boot-3.5.5.jar:3.5.5]
	at org.springframework.boot.SpringApplication.run(SpringApplication.java:1350) ~[spring-boot-3.5.5.jar:3.5.5]
	at com.lits.calender.CalenderApplication.main(CalenderApplication.java:10) ~[classes/:na]
	at java.base/jdk.internal.reflect.NativeMethodAccessorImpl.invoke0(Native Method) ~[na:na]
	at java.base/jdk.internal.reflect.NativeMethodAccessorImpl.invoke(NativeMethodAccessorImpl.java:77) ~[na:na]
	at java.base/jdk.internal.reflect.DelegatingMethodAccessorImpl.invoke(DelegatingMethodAccessorImpl.java:43) ~[na:na]
	at java.base/java.lang.reflect.Method.invoke(Method.java:568) ~[na:na]
	at org.springframework.boot.devtools.restart.RestartLauncher.run(RestartLauncher.java:50) ~[spring-boot-devtools-3.5.5.jar:3.5.5]
Caused by: org.springframework.beans.factory.UnsatisfiedDependencyException: Error creating bean with name 'calenderEventService': Unsatisfied dependency expressed through field 'repo': Error creating bean with name 'calenderEventRepository' defined in com.lits.calender.repository.CalenderEventRepository defined in @EnableJpaRepositories declared on JpaRepositoriesRegistrar.EnableJpaRepositoriesConfiguration: Could not create query for public abstract java.util.List com.lits.calender.repository.CalenderEventRepository.findByStartDateBetween(java.time.LocalDateTime,java.time.LocalDateTime); Reason: Failed to create query for method public abstract java.util.List com.lits.calender.repository.CalenderEventRepository.findByStartDateBetween(java.time.LocalDateTime,java.time.LocalDateTime); No property 'startDate' found for type 'CalenderEvent'
	at org.springframework.beans.factory.annotation.AutowiredAnnotationBeanPostProcessor$AutowiredFieldElement.resolveFieldValue(AutowiredAnnotationBeanPostProcessor.java:788) ~[spring-beans-6.2.10.jar:6.2.10]
	at org.springframework.beans.factory.annotation.AutowiredAnnotationBeanPostProcessor$AutowiredFieldElement.inject(AutowiredAnnotationBeanPostProcessor.java:768) ~[spring-beans-6.2.10.jar:6.2.10]
	at org.springframework.beans.factory.annotation.InjectionMetadata.inject(InjectionMetadata.java:146) ~[spring-beans-6.2.10.jar:6.2.10]
	at org.springframework.beans.factory.annotation.AutowiredAnnotationBeanPostProcessor.postProcessProperties(AutowiredAnnotationBeanPostProcessor.java:509) ~[spring-beans-6.2.10.jar:6.2.10]
	at org.springframework.beans.factory.support.AbstractAutowireCapableBeanFactory.populateBean(AbstractAutowireCapableBeanFactory.java:1459) ~[spring-beans-6.2.10.jar:6.2.10]
	at org.springframework.beans.factory.support.AbstractAutowireCapableBeanFactory.doCreateBean(AbstractAutowireCapableBeanFactory.java:606) ~[spring-beans-6.2.10.jar:6.2.10]
	at org.springframework.beans.factory.support.AbstractAutowireCapableBeanFactory.createBean(AbstractAutowireCapableBeanFactory.java:529) ~[spring-beans-6.2.10.jar:6.2.10]
	at org.springframework.beans.factory.support.AbstractBeanFactory.lambda$doGetBean$0(AbstractBeanFactory.java:339) ~[spring-beans-6.2.10.jar:6.2.10]
	at org.springframework.beans.factory.support.DefaultSingletonBeanRegistry.getSingleton(DefaultSingletonBeanRegistry.java:373) ~[spring-beans-6.2.10.jar:6.2.10]
	at org.springframework.beans.factory.support.AbstractBeanFactory.doGetBean(AbstractBeanFactory.java:337) ~[spring-beans-6.2.10.jar:6.2.10]
	at org.springframework.beans.factory.support.AbstractBeanFactory.getBean(AbstractBeanFactory.java:202) ~[spring-beans-6.2.10.jar:6.2.10]
	at org.springframework.beans.factory.support.DefaultListableBeanFactory.doResolveDependency(DefaultListableBeanFactory.java:1690) ~[spring-beans-6.2.10.jar:6.2.10]
	at org.springframework.beans.factory.support.DefaultListableBeanFactory.resolveDependency(DefaultListableBeanFactory.java:1635) ~[spring-beans-6.2.10.jar:6.2.10]
	at org.springframework.beans.factory.annotation.AutowiredAnnotationBeanPostProcessor$AutowiredFieldElement.resolveFieldValue(AutowiredAnnotationBeanPostProcessor.java:785) ~[spring-beans-6.2.10.jar:6.2.10]
	... 27 common frames omitted
Caused by: org.springframework.beans.factory.BeanCreationException: Error creating bean with name 'calenderEventRepository' defined in com.lits.calender.repository.CalenderEventRepository defined in @EnableJpaRepositories declared on JpaRepositoriesRegistrar.EnableJpaRepositoriesConfiguration: Could not create query for public abstract java.util.List com.lits.calender.repository.CalenderEventRepository.findByStartDateBetween(java.time.LocalDateTime,java.time.LocalDateTime); Reason: Failed to create query for method public abstract java.util.List com.lits.calender.repository.CalenderEventRepository.findByStartDateBetween(java.time.LocalDateTime,java.time.LocalDateTime); No property 'startDate' found for type 'CalenderEvent'
	at org.springframework.beans.factory.support.AbstractAutowireCapableBeanFactory.initializeBean(AbstractAutowireCapableBeanFactory.java:1826) ~[spring-beans-6.2.10.jar:6.2.10]
	at org.springframework.beans.factory.support.AbstractAutowireCapableBeanFactory.doCreateBean(AbstractAutowireCapableBeanFactory.java:607) ~[spring-beans-6.2.10.jar:6.2.10]
	at org.springframework.beans.factory.support.AbstractAutowireCapableBeanFactory.createBean(AbstractAutowireCapableBeanFactory.java:529) ~[spring-beans-6.2.10.jar:6.2.10]
	at org.springframework.beans.factory.support.AbstractBeanFactory.lambda$doGetBean$0(AbstractBeanFactory.java:339) ~[spring-beans-6.2.10.jar:6.2.10]
	at org.springframework.beans.factory.support.DefaultSingletonBeanRegistry.getSingleton(DefaultSingletonBeanRegistry.java:373) ~[spring-beans-6.2.10.jar:6.2.10]
	at org.springframework.beans.factory.support.AbstractBeanFactory.doGetBean(AbstractBeanFactory.java:337) ~[spring-beans-6.2.10.jar:6.2.10]
	at org.springframework.beans.factory.support.AbstractBeanFactory.getBean(AbstractBeanFactory.java:202) ~[spring-beans-6.2.10.jar:6.2.10]
	at org.springframework.beans.factory.config.DependencyDescriptor.resolveCandidate(DependencyDescriptor.java:254) ~[spring-beans-6.2.10.jar:6.2.10]
	at org.springframework.beans.factory.support.DefaultListableBeanFactory.doResolveDependency(DefaultListableBeanFactory.java:1752) ~[spring-beans-6.2.10.jar:6.2.10]
	at org.springframework.beans.factory.support.DefaultListableBeanFactory.resolveDependency(DefaultListableBeanFactory.java:1635) ~[spring-beans-6.2.10.jar:6.2.10]
	at org.springframework.beans.factory.annotation.AutowiredAnnotationBeanPostProcessor$AutowiredFieldElement.resolveFieldValue(AutowiredAnnotationBeanPostProcessor.java:785) ~[spring-beans-6.2.10.jar:6.2.10]
	... 40 common frames omitted
Caused by: org.springframework.data.repository.query.QueryCreationException: Could not create query for public abstract java.util.List com.lits.calender.repository.CalenderEventRepository.findByStartDateBetween(java.time.LocalDateTime,java.time.LocalDateTime); Reason: Failed to create query for method public abstract java.util.List com.lits.calender.repository.CalenderEventRepository.findByStartDateBetween(java.time.LocalDateTime,java.time.LocalDateTime); No property 'startDate' found for type 'CalenderEvent'
	at org.springframework.data.repository.query.QueryCreationException.create(QueryCreationException.java:101) ~[spring-data-commons-3.5.3.jar:3.5.3]
	at org.springframework.data.repository.core.support.QueryExecutorMethodInterceptor.lookupQuery(QueryExecutorMethodInterceptor.java:120) ~[spring-data-commons-3.5.3.jar:3.5.3]
	at org.springframework.data.repository.core.support.QueryExecutorMethodInterceptor.mapMethodsToQuery(QueryExecutorMethodInterceptor.java:104) ~[spring-data-commons-3.5.3.jar:3.5.3]
	at org.springframework.data.repository.core.support.QueryExecutorMethodInterceptor.lambda$new$0(QueryExecutorMethodInterceptor.java:92) ~[spring-data-commons-3.5.3.jar:3.5.3]
	at java.base/java.util.Optional.map(Optional.java:260) ~[na:na]
	at org.springframework.data.repository.core.support.QueryExecutorMethodInterceptor.<init>(QueryExecutorMethodInterceptor.java:92) ~[spring-data-commons-3.5.3.jar:3.5.3]
	at org.springframework.data.repository.core.support.RepositoryFactorySupport.getRepository(RepositoryFactorySupport.java:434) ~[spring-data-commons-3.5.3.jar:3.5.3]
	at org.springframework.data.repository.core.support.RepositoryFactoryBeanSupport.lambda$afterPropertiesSet$4(RepositoryFactoryBeanSupport.java:350) ~[spring-data-commons-3.5.3.jar:3.5.3]
	at org.springframework.data.util.Lazy.getNullable(Lazy.java:135) ~[spring-data-commons-3.5.3.jar:3.5.3]
	at org.springframework.data.util.Lazy.get(Lazy.java:113) ~[spring-data-commons-3.5.3.jar:3.5.3]
	at org.springframework.data.repository.core.support.RepositoryFactoryBeanSupport.afterPropertiesSet(RepositoryFactoryBeanSupport.java:356) ~[spring-data-commons-3.5.3.jar:3.5.3]
	at org.springframework.data.jpa.repository.support.JpaRepositoryFactoryBean.afterPropertiesSet(JpaRepositoryFactoryBean.java:132) ~[spring-data-jpa-3.5.3.jar:3.5.3]
	at org.springframework.beans.factory.support.AbstractAutowireCapableBeanFactory.invokeInitMethods(AbstractAutowireCapableBeanFactory.java:1873) ~[spring-beans-6.2.10.jar:6.2.10]
	at org.springframework.beans.factory.support.AbstractAutowireCapableBeanFactory.initializeBean(AbstractAutowireCapableBeanFactory.java:1822) ~[spring-beans-6.2.10.jar:6.2.10]
	... 50 common frames omitted
Caused by: java.lang.IllegalArgumentException: Failed to create query for method public abstract java.util.List com.lits.calender.repository.CalenderEventRepository.findByStartDateBetween(java.time.LocalDateTime,java.time.LocalDateTime); No property 'startDate' found for type 'CalenderEvent'
	at org.springframework.data.jpa.repository.query.PartTreeJpaQuery.<init>(PartTreeJpaQuery.java:107) ~[spring-data-jpa-3.5.3.jar:3.5.3]
	at org.springframework.data.jpa.repository.query.JpaQueryLookupStrategy$CreateQueryLookupStrategy.resolveQuery(JpaQueryLookupStrategy.java:128) ~[spring-data-jpa-3.5.3.jar:3.5.3]
	at org.springframework.data.jpa.repository.query.JpaQueryLookupStrategy$CreateIfNotFoundQueryLookupStrategy.resolveQuery(JpaQueryLookupStrategy.java:260) ~[spring-data-jpa-3.5.3.jar:3.5.3]
	at org.springframework.data.jpa.repository.query.JpaQueryLookupStrategy$AbstractQueryLookupStrategy.resolveQuery(JpaQueryLookupStrategy.java:99) ~[spring-data-jpa-3.5.3.jar:3.5.3]
	at org.springframework.data.repository.core.support.QueryExecutorMethodInterceptor.lookupQuery(QueryExecutorMethodInterceptor.java:116) ~[spring-data-commons-3.5.3.jar:3.5.3]
	... 62 common frames omitted
Caused by: org.springframework.data.mapping.PropertyReferenceException: No property 'startDate' found for type 'CalenderEvent'
	at org.springframework.data.mapping.PropertyPath.<init>(PropertyPath.java:94) ~[spring-data-commons-3.5.3.jar:3.5.3]
	at org.springframework.data.mapping.PropertyPath.create(PropertyPath.java:455) ~[spring-data-commons-3.5.3.jar:3.5.3]
	at org.springframework.data.mapping.PropertyPath.create(PropertyPath.java:431) ~[spring-data-commons-3.5.3.jar:3.5.3]
	at org.springframework.data.mapping.PropertyPath.lambda$from$0(PropertyPath.java:384) ~[spring-data-commons-3.5.3.jar:3.5.3]
	at java.base/java.util.concurrent.ConcurrentMap.computeIfAbsent(ConcurrentMap.java:330) ~[na:na]
	at org.springframework.data.mapping.PropertyPath.from(PropertyPath.java:366) ~[spring-data-commons-3.5.3.jar:3.5.3]
	at org.springframework.data.mapping.PropertyPath.from(PropertyPath.java:344) ~[spring-data-commons-3.5.3.jar:3.5.3]
	at org.springframework.data.repository.query.parser.Part.<init>(Part.java:81) ~[spring-data-commons-3.5.3.jar:3.5.3]
	at org.springframework.data.repository.query.parser.PartTree$OrPart.lambda$new$0(PartTree.java:259) ~[spring-data-commons-3.5.3.jar:3.5.3]
	at java.base/java.util.stream.ReferencePipeline$3$1.accept(ReferencePipeline.java:197) ~[na:na]
	at java.base/java.util.stream.ReferencePipeline$2$1.accept(ReferencePipeline.java:179) ~[na:na]
	at java.base/java.util.Spliterators$ArraySpliterator.forEachRemaining(Spliterators.java:992) ~[na:na]
	at java.base/java.util.stream.AbstractPipeline.copyInto(AbstractPipeline.java:509) ~[na:na]
	at java.base/java.util.stream.AbstractPipeline.wrapAndCopyInto(AbstractPipeline.java:499) ~[na:na]
	at java.base/java.util.stream.ReduceOps$ReduceOp.evaluateSequential(ReduceOps.java:921) ~[na:na]
	at java.base/java.util.stream.AbstractPipeline.evaluate(AbstractPipeline.java:234) ~[na:na]
	at java.base/java.util.stream.ReferencePipeline.collect(ReferencePipeline.java:682) ~[na:na]
	at org.springframework.data.repository.query.parser.PartTree$OrPart.<init>(PartTree.java:260) ~[spring-data-commons-3.5.3.jar:3.5.3]
	at org.springframework.data.repository.query.parser.PartTree$Predicate.lambda$new$0(PartTree.java:389) ~[spring-data-commons-3.5.3.jar:3.5.3]
	at java.base/java.util.stream.ReferencePipeline$3$1.accept(ReferencePipeline.java:197) ~[na:na]
	at java.base/java.util.stream.ReferencePipeline$2$1.accept(ReferencePipeline.java:179) ~[na:na]
	at java.base/java.util.Spliterators$ArraySpliterator.forEachRemaining(Spliterators.java:992) ~[na:na]
	at java.base/java.util.stream.AbstractPipeline.copyInto(AbstractPipeline.java:509) ~[na:na]
	at java.base/java.util.stream.AbstractPipeline.wrapAndCopyInto(AbstractPipeline.java:499) ~[na:na]
	at java.base/java.util.stream.ReduceOps$ReduceOp.evaluateSequential(ReduceOps.java:921) ~[na:na]
	at java.base/java.util.stream.AbstractPipeline.evaluate(AbstractPipeline.java:234) ~[na:na]
	at java.base/java.util.stream.ReferencePipeline.collect(ReferencePipeline.java:682) ~[na:na]
	at org.springframework.data.repository.query.parser.PartTree$Predicate.<init>(PartTree.java:390) ~[spring-data-commons-3.5.3.jar:3.5.3]
	at org.springframework.data.repository.query.parser.PartTree.<init>(PartTree.java:103) ~[spring-data-commons-3.5.3.jar:3.5.3]
	at org.springframework.data.jpa.repository.query.PartTreeJpaQuery.<init>(PartTreeJpaQuery.java:101) ~[spring-data-jpa-3.5.3.jar:3.5.3]
	... 66 common frames omitted

2025-08-25T12:12:39.462+05:30  INFO 12864 --- [Calender] [restartedMain] com.lits.calender.CalenderApplication    : Starting CalenderApplication using Java 17.0.9 with PID 12864 (C:\Users\ADMIN\Documents\workspace-spring-tool-suite-4-4.21.0.RELEASE\Calender\target\classes started by ADMIN in C:\Users\ADMIN\Documents\workspace-spring-tool-suite-4-4.21.0.RELEASE\Calender)
2025-08-25T12:12:39.463+05:30  INFO 12864 --- [Calender] [restartedMain] com.lits.calender.CalenderApplication    : No active profile set, falling back to 1 default profile: "default"
2025-08-25T12:12:39.492+05:30  INFO 12864 --- [Calender] [restartedMain] .e.DevToolsPropertyDefaultsPostProcessor : Devtools property defaults active! Set 'spring.devtools.add-properties' to 'false' to disable
2025-08-25T12:12:39.492+05:30  INFO 12864 --- [Calender] [restartedMain] .e.DevToolsPropertyDefaultsPostProcessor : For additional web related logging consider setting the 'logging.level.web' property to 'DEBUG'
2025-08-25T12:12:39.897+05:30  INFO 12864 --- [Calender] [restartedMain] .s.d.r.c.RepositoryConfigurationDelegate : Bootstrapping Spring Data JPA repositories in DEFAULT mode.
2025-08-25T12:12:39.930+05:30  INFO 12864 --- [Calender] [restartedMain] .s.d.r.c.RepositoryConfigurationDelegate : Finished Spring Data repository scanning in 27 ms. Found 1 JPA repository interface.
2025-08-25T12:12:40.211+05:30  INFO 12864 --- [Calender] [restartedMain] o.s.b.w.embedded.tomcat.TomcatWebServer  : Tomcat initialized with port 8081 (http)
2025-08-25T12:12:40.219+05:30  INFO 12864 --- [Calender] [restartedMain] o.apache.catalina.core.StandardService   : Starting service [Tomcat]
2025-08-25T12:12:40.219+05:30  INFO 12864 --- [Calender] [restartedMain] o.apache.catalina.core.StandardEngine    : Starting Servlet engine: [Apache Tomcat/10.1.44]
2025-08-25T12:12:40.245+05:30  INFO 12864 --- [Calender] [restartedMain] o.a.c.c.C.[Tomcat].[localhost].[/]       : Initializing Spring embedded WebApplicationContext
2025-08-25T12:12:40.245+05:30  INFO 12864 --- [Calender] [restartedMain] w.s.c.ServletWebServerApplicationContext : Root WebApplicationContext: initialization completed in 753 ms
2025-08-25T12:12:40.343+05:30  INFO 12864 --- [Calender] [restartedMain] o.hibernate.jpa.internal.util.LogHelper  : HHH000204: Processing PersistenceUnitInfo [name: default]
2025-08-25T12:12:40.370+05:30  INFO 12864 --- [Calender] [restartedMain] org.hibernate.Version                    : HHH000412: Hibernate ORM core version 6.6.26.Final
2025-08-25T12:12:40.389+05:30  INFO 12864 --- [Calender] [restartedMain] o.h.c.internal.RegionFactoryInitiator    : HHH000026: Second-level cache disabled
2025-08-25T12:12:40.572+05:30  INFO 12864 --- [Calender] [restartedMain] o.s.o.j.p.SpringPersistenceUnitInfo      : No LoadTimeWeaver setup: ignoring JPA class transformer
2025-08-25T12:12:40.592+05:30  INFO 12864 --- [Calender] [restartedMain] com.zaxxer.hikari.HikariDataSource       : HikariPool-1 - Starting...
2025-08-25T12:12:40.688+05:30  INFO 12864 --- [Calender] [restartedMain] com.zaxxer.hikari.pool.HikariPool        : HikariPool-1 - Added connection com.mysql.cj.jdbc.ConnectionImpl@75d36fd1
2025-08-25T12:12:40.689+05:30  INFO 12864 --- [Calender] [restartedMain] com.zaxxer.hikari.HikariDataSource       : HikariPool-1 - Start completed.
2025-08-25T12:12:40.719+05:30  WARN 12864 --- [Calender] [restartedMain] org.hibernate.orm.deprecation            : HHH90000025: MySQL8Dialect does not need to be specified explicitly using 'hibernate.dialect' (remove the property setting and it will be selected by default)
2025-08-25T12:12:40.720+05:30  WARN 12864 --- [Calender] [restartedMain] org.hibernate.orm.deprecation            : HHH90000026: MySQL8Dialect has been deprecated; use org.hibernate.dialect.MySQLDialect instead
2025-08-25T12:12:40.733+05:30  INFO 12864 --- [Calender] [restartedMain] org.hibernate.orm.connections.pooling    : HHH10001005: Database info:
	Database JDBC URL [Connecting through datasource 'HikariDataSource (HikariPool-1)']
	Database driver: undefined/unknown
	Database version: 8.0
	Autocommit mode: undefined/unknown
	Isolation level: undefined/unknown
	Minimum pool size: undefined/unknown
	Maximum pool size: undefined/unknown
2025-08-25T12:12:41.199+05:30  INFO 12864 --- [Calender] [restartedMain] o.h.e.t.j.p.i.JtaPlatformInitiator       : HHH000489: No JTA platform available (set 'hibernate.transaction.jta.platform' to enable JTA platform integration)
2025-08-25T12:12:41.283+05:30  INFO 12864 --- [Calender] [restartedMain] j.LocalContainerEntityManagerFactoryBean : Initialized JPA EntityManagerFactory for persistence unit 'default'
2025-08-25T12:12:41.398+05:30  WARN 12864 --- [Calender] [restartedMain] JpaBaseConfiguration$JpaWebConfiguration : spring.jpa.open-in-view is enabled by default. Therefore, database queries may be performed during view rendering. Explicitly configure spring.jpa.open-in-view to disable this warning
2025-08-25T12:12:41.599+05:30  INFO 12864 --- [Calender] [restartedMain] o.s.b.d.a.OptionalLiveReloadServer       : LiveReload server is running on port 35729
2025-08-25T12:12:41.626+05:30  INFO 12864 --- [Calender] [restartedMain] o.s.b.w.embedded.tomcat.TomcatWebServer  : Tomcat started on port 8081 (http) with context path '/'
2025-08-25T12:12:41.633+05:30  INFO 12864 --- [Calender] [restartedMain] com.lits.calender.CalenderApplication    : Started CalenderApplication in 2.461 seconds (process running for 3.106)
2025-08-25T12:14:18.395+05:30  INFO 12864 --- [Calender] [http-nio-0.0.0.0-8081-exec-1] o.a.c.c.C.[Tomcat].[localhost].[/]       : Initializing Spring DispatcherServlet 'dispatcherServlet'
2025-08-25T12:14:18.395+05:30  INFO 12864 --- [Calender] [http-nio-0.0.0.0-8081-exec-1] o.s.web.servlet.DispatcherServlet        : Initializing Servlet 'dispatcherServlet'
2025-08-25T12:14:18.396+05:30  INFO 12864 --- [Calender] [http-nio-0.0.0.0-8081-exec-1] o.s.web.servlet.DispatcherServlet        : Completed initialization in 0 ms
2025-08-25T12:15:31.044+05:30  INFO 12864 --- [Calender] [File Watcher] rtingClassPathChangeChangedEventListener : Restarting due to 1 class path change (0 additions, 0 deletions, 1 modification)
2025-08-25T12:15:31.047+05:30  INFO 12864 --- [Calender] [Thread-5] o.s.b.w.e.tomcat.GracefulShutdown        : Commencing graceful shutdown. Waiting for active requests to complete
2025-08-25T12:15:31.128+05:30  INFO 12864 --- [Calender] [tomcat-shutdown] o.s.b.w.e.tomcat.GracefulShutdown        : Graceful shutdown complete
2025-08-25T12:15:31.131+05:30  INFO 12864 --- [Calender] [Thread-5] j.LocalContainerEntityManagerFactoryBean : Closing JPA EntityManagerFactory for persistence unit 'default'
2025-08-25T12:15:31.133+05:30  INFO 12864 --- [Calender] [Thread-5] com.zaxxer.hikari.HikariDataSource       : HikariPool-1 - Shutdown initiated...
2025-08-25T12:15:31.139+05:30  INFO 12864 --- [Calender] [Thread-5] com.zaxxer.hikari.HikariDataSource       : HikariPool-1 - Shutdown completed.
2025-08-25T12:15:31.190+05:30  INFO 12864 --- [Calender] [restartedMain] com.lits.calender.CalenderApplication    : Starting CalenderApplication using Java 17.0.9 with PID 12864 (C:\Users\ADMIN\Documents\workspace-spring-tool-suite-4-4.21.0.RELEASE\Calender\target\classes started by ADMIN in C:\Users\ADMIN\Documents\workspace-spring-tool-suite-4-4.21.0.RELEASE\Calender)
2025-08-25T12:15:31.190+05:30  INFO 12864 --- [Calender] [restartedMain] com.lits.calender.CalenderApplication    : No active profile set, falling back to 1 default profile: "default"
2025-08-25T12:15:31.274+05:30  INFO 12864 --- [Calender] [restartedMain] .s.d.r.c.RepositoryConfigurationDelegate : Bootstrapping Spring Data JPA repositories in DEFAULT mode.
2025-08-25T12:15:31.280+05:30  INFO 12864 --- [Calender] [restartedMain] .s.d.r.c.RepositoryConfigurationDelegate : Finished Spring Data repository scanning in 5 ms. Found 1 JPA repository interface.
2025-08-25T12:15:31.324+05:30  INFO 12864 --- [Calender] [restartedMain] o.s.b.w.embedded.tomcat.TomcatWebServer  : Tomcat initialized with port 8081 (http)
2025-08-25T12:15:31.325+05:30  INFO 12864 --- [Calender] [restartedMain] o.apache.catalina.core.StandardService   : Starting service [Tomcat]
2025-08-25T12:15:31.325+05:30  INFO 12864 --- [Calender] [restartedMain] o.apache.catalina.core.StandardEngine    : Starting Servlet engine: [Apache Tomcat/10.1.44]
2025-08-25T12:15:31.337+05:30  INFO 12864 --- [Calender] [restartedMain] o.a.c.c.C.[Tomcat].[localhost].[/]       : Initializing Spring embedded WebApplicationContext
2025-08-25T12:15:31.337+05:30  INFO 12864 --- [Calender] [restartedMain] w.s.c.ServletWebServerApplicationContext : Root WebApplicationContext: initialization completed in 146 ms
2025-08-25T12:15:31.358+05:30  INFO 12864 --- [Calender] [restartedMain] o.hibernate.jpa.internal.util.LogHelper  : HHH000204: Processing PersistenceUnitInfo [name: default]
2025-08-25T12:15:31.360+05:30  INFO 12864 --- [Calender] [restartedMain] o.h.c.internal.RegionFactoryInitiator    : HHH000026: Second-level cache disabled
2025-08-25T12:15:31.367+05:30  INFO 12864 --- [Calender] [restartedMain] o.s.o.j.p.SpringPersistenceUnitInfo      : No LoadTimeWeaver setup: ignoring JPA class transformer
2025-08-25T12:15:31.368+05:30  INFO 12864 --- [Calender] [restartedMain] com.zaxxer.hikari.HikariDataSource       : HikariPool-2 - Starting...
2025-08-25T12:15:31.371+05:30  INFO 12864 --- [Calender] [restartedMain] com.zaxxer.hikari.pool.HikariPool        : HikariPool-2 - Added connection com.mysql.cj.jdbc.ConnectionImpl@50ee2f6f
2025-08-25T12:15:31.371+05:30  INFO 12864 --- [Calender] [restartedMain] com.zaxxer.hikari.HikariDataSource       : HikariPool-2 - Start completed.
2025-08-25T12:15:31.372+05:30  WARN 12864 --- [Calender] [restartedMain] org.hibernate.orm.deprecation            : HHH90000025: MySQL8Dialect does not need to be specified explicitly using 'hibernate.dialect' (remove the property setting and it will be selected by default)
2025-08-25T12:15:31.372+05:30  WARN 12864 --- [Calender] [restartedMain] org.hibernate.orm.deprecation            : HHH90000026: MySQL8Dialect has been deprecated; use org.hibernate.dialect.MySQLDialect instead
2025-08-25T12:15:31.372+05:30  INFO 12864 --- [Calender] [restartedMain] org.hibernate.orm.connections.pooling    : HHH10001005: Database info:
	Database JDBC URL [Connecting through datasource 'HikariDataSource (HikariPool-2)']
	Database driver: undefined/unknown
	Database version: 8.0
	Autocommit mode: undefined/unknown
	Isolation level: undefined/unknown
	Minimum pool size: undefined/unknown
	Maximum pool size: undefined/unknown
2025-08-25T12:15:31.395+05:30  INFO 12864 --- [Calender] [restartedMain] o.h.e.t.j.p.i.JtaPlatformInitiator       : HHH000489: No JTA platform available (set 'hibernate.transaction.jta.platform' to enable JTA platform integration)
2025-08-25T12:15:31.403+05:30  INFO 12864 --- [Calender] [restartedMain] j.LocalContainerEntityManagerFactoryBean : Initialized JPA EntityManagerFactory for persistence unit 'default'
2025-08-25T12:15:31.431+05:30  WARN 12864 --- [Calender] [restartedMain] JpaBaseConfiguration$JpaWebConfiguration : spring.jpa.open-in-view is enabled by default. Therefore, database queries may be performed during view rendering. Explicitly configure spring.jpa.open-in-view to disable this warning
2025-08-25T12:15:31.477+05:30  INFO 12864 --- [Calender] [restartedMain] o.s.b.d.a.OptionalLiveReloadServer       : LiveReload server is running on port 35729
2025-08-25T12:15:31.483+05:30  INFO 12864 --- [Calender] [restartedMain] o.s.b.w.embedded.tomcat.TomcatWebServer  : Tomcat started on port 8081 (http) with context path '/'
2025-08-25T12:15:31.487+05:30  INFO 12864 --- [Calender] [restartedMain] com.lits.calender.CalenderApplication    : Started CalenderApplication in 0.311 seconds (process running for 172.96)
2025-08-25T12:15:31.489+05:30  INFO 12864 --- [Calender] [restartedMain] .ConditionEvaluationDeltaLoggingListener : Condition evaluation unchanged
2025-08-25T12:15:57.329+05:30  INFO 12864 --- [Calender] [File Watcher] rtingClassPathChangeChangedEventListener : Restarting due to 1 class path change (0 additions, 0 deletions, 1 modification)
2025-08-25T12:15:57.332+05:30  INFO 12864 --- [Calender] [Thread-7] o.s.b.w.e.tomcat.GracefulShutdown        : Commencing graceful shutdown. Waiting for active requests to complete
2025-08-25T12:15:57.413+05:30  INFO 12864 --- [Calender] [tomcat-shutdown] o.s.b.w.e.tomcat.GracefulShutdown        : Graceful shutdown complete
2025-08-25T12:15:57.415+05:30  INFO 12864 --- [Calender] [Thread-7] j.LocalContainerEntityManagerFactoryBean : Closing JPA EntityManagerFactory for persistence unit 'default'
2025-08-25T12:15:57.416+05:30  INFO 12864 --- [Calender] [Thread-7] com.zaxxer.hikari.HikariDataSource       : HikariPool-2 - Shutdown initiated...
2025-08-25T12:15:57.418+05:30  INFO 12864 --- [Calender] [Thread-7] com.zaxxer.hikari.HikariDataSource       : HikariPool-2 - Shutdown completed.
2025-08-25T12:15:57.461+05:30  INFO 12864 --- [Calender] [restartedMain] com.lits.calender.CalenderApplication    : Starting CalenderApplication using Java 17.0.9 with PID 12864 (C:\Users\ADMIN\Documents\workspace-spring-tool-suite-4-4.21.0.RELEASE\Calender\target\classes started by ADMIN in C:\Users\ADMIN\Documents\workspace-spring-tool-suite-4-4.21.0.RELEASE\Calender)
2025-08-25T12:15:57.461+05:30  INFO 12864 --- [Calender] [restartedMain] com.lits.calender.CalenderApplication    : No active profile set, falling back to 1 default profile: "default"
2025-08-25T12:15:57.536+05:30  INFO 12864 --- [Calender] [restartedMain] .s.d.r.c.RepositoryConfigurationDelegate : Bootstrapping Spring Data JPA repositories in DEFAULT mode.
2025-08-25T12:15:57.541+05:30  INFO 12864 --- [Calender] [restartedMain] .s.d.r.c.RepositoryConfigurationDelegate : Finished Spring Data repository scanning in 5 ms. Found 1 JPA repository interface.
2025-08-25T12:15:57.580+05:30  INFO 12864 --- [Calender] [restartedMain] o.s.b.w.embedded.tomcat.TomcatWebServer  : Tomcat initialized with port 8081 (http)
2025-08-25T12:15:57.580+05:30  INFO 12864 --- [Calender] [restartedMain] o.apache.catalina.core.StandardService   : Starting service [Tomcat]
2025-08-25T12:15:57.581+05:30  INFO 12864 --- [Calender] [restartedMain] o.apache.catalina.core.StandardEngine    : Starting Servlet engine: [Apache Tomcat/10.1.44]
2025-08-25T12:15:57.591+05:30  INFO 12864 --- [Calender] [restartedMain] o.a.c.c.C.[Tomcat].[localhost].[/]       : Initializing Spring embedded WebApplicationContext
2025-08-25T12:15:57.591+05:30  INFO 12864 --- [Calender] [restartedMain] w.s.c.ServletWebServerApplicationContext : Root WebApplicationContext: initialization completed in 129 ms
2025-08-25T12:15:57.610+05:30  INFO 12864 --- [Calender] [restartedMain] o.hibernate.jpa.internal.util.LogHelper  : HHH000204: Processing PersistenceUnitInfo [name: default]
2025-08-25T12:15:57.612+05:30  INFO 12864 --- [Calender] [restartedMain] o.h.c.internal.RegionFactoryInitiator    : HHH000026: Second-level cache disabled
2025-08-25T12:15:57.617+05:30  INFO 12864 --- [Calender] [restartedMain] o.s.o.j.p.SpringPersistenceUnitInfo      : No LoadTimeWeaver setup: ignoring JPA class transformer
2025-08-25T12:15:57.618+05:30  INFO 12864 --- [Calender] [restartedMain] com.zaxxer.hikari.HikariDataSource       : HikariPool-3 - Starting...
2025-08-25T12:15:57.620+05:30  INFO 12864 --- [Calender] [restartedMain] com.zaxxer.hikari.pool.HikariPool        : HikariPool-3 - Added connection com.mysql.cj.jdbc.ConnectionImpl@141de49f
2025-08-25T12:15:57.620+05:30  INFO 12864 --- [Calender] [restartedMain] com.zaxxer.hikari.HikariDataSource       : HikariPool-3 - Start completed.
2025-08-25T12:15:57.621+05:30  WARN 12864 --- [Calender] [restartedMain] org.hibernate.orm.deprecation            : HHH90000025: MySQL8Dialect does not need to be specified explicitly using 'hibernate.dialect' (remove the property setting and it will be selected by default)
2025-08-25T12:15:57.621+05:30  WARN 12864 --- [Calender] [restartedMain] org.hibernate.orm.deprecation            : HHH90000026: MySQL8Dialect has been deprecated; use org.hibernate.dialect.MySQLDialect instead
2025-08-25T12:15:57.621+05:30  INFO 12864 --- [Calender] [restartedMain] org.hibernate.orm.connections.pooling    : HHH10001005: Database info:
	Database JDBC URL [Connecting through datasource 'HikariDataSource (HikariPool-3)']
	Database driver: undefined/unknown
	Database version: 8.0
	Autocommit mode: undefined/unknown
	Isolation level: undefined/unknown
	Minimum pool size: undefined/unknown
	Maximum pool size: undefined/unknown
2025-08-25T12:15:57.640+05:30  INFO 12864 --- [Calender] [restartedMain] o.h.e.t.j.p.i.JtaPlatformInitiator       : HHH000489: No JTA platform available (set 'hibernate.transaction.jta.platform' to enable JTA platform integration)
2025-08-25T12:15:57.648+05:30  INFO 12864 --- [Calender] [restartedMain] j.LocalContainerEntityManagerFactoryBean : Initialized JPA EntityManagerFactory for persistence unit 'default'
2025-08-25T12:15:57.674+05:30  WARN 12864 --- [Calender] [restartedMain] JpaBaseConfiguration$JpaWebConfiguration : spring.jpa.open-in-view is enabled by default. Therefore, database queries may be performed during view rendering. Explicitly configure spring.jpa.open-in-view to disable this warning
2025-08-25T12:15:57.713+05:30  INFO 12864 --- [Calender] [restartedMain] o.s.b.d.a.OptionalLiveReloadServer       : LiveReload server is running on port 35729
2025-08-25T12:15:57.718+05:30  INFO 12864 --- [Calender] [restartedMain] o.s.b.w.embedded.tomcat.TomcatWebServer  : Tomcat started on port 8081 (http) with context path '/'
2025-08-25T12:15:57.721+05:30  INFO 12864 --- [Calender] [restartedMain] com.lits.calender.CalenderApplication    : Started CalenderApplication in 0.273 seconds (process running for 199.194)
2025-08-25T12:15:57.723+05:30  INFO 12864 --- [Calender] [restartedMain] .ConditionEvaluationDeltaLoggingListener : Condition evaluation unchanged
2025-08-25T12:16:17.828+05:30  INFO 12864 --- [Calender] [http-nio-0.0.0.0-8081-exec-2] o.a.c.c.C.[Tomcat].[localhost].[/]       : Initializing Spring DispatcherServlet 'dispatcherServlet'
2025-08-25T12:16:17.829+05:30  INFO 12864 --- [Calender] [http-nio-0.0.0.0-8081-exec-2] o.s.web.servlet.DispatcherServlet        : Initializing Servlet 'dispatcherServlet'
2025-08-25T12:16:17.830+05:30  INFO 12864 --- [Calender] [http-nio-0.0.0.0-8081-exec-2] o.s.web.servlet.DispatcherServlet        : Completed initialization in 1 ms
2025-08-25T12:16:17.834+05:30  WARN 12864 --- [Calender] [http-nio-0.0.0.0-8081-exec-2] .w.s.m.s.DefaultHandlerExceptionResolver : Resolved [org.springframework.web.HttpRequestMethodNotSupportedException: Request method 'POST' is not supported]
2025-08-25T12:16:40.580+05:30  WARN 12864 --- [Calender] [http-nio-0.0.0.0-8081-exec-3] .w.s.m.s.DefaultHandlerExceptionResolver : Resolved [org.springframework.web.HttpRequestMethodNotSupportedException: Request method 'POST' is not supported]
2025-08-25T12:18:54.496+05:30  INFO 12864 --- [Calender] [File Watcher] rtingClassPathChangeChangedEventListener : Restarting due to 1 class path change (0 additions, 0 deletions, 1 modification)
2025-08-25T12:18:54.497+05:30  INFO 12864 --- [Calender] [Thread-11] o.s.b.w.e.tomcat.GracefulShutdown        : Commencing graceful shutdown. Waiting for active requests to complete
2025-08-25T12:18:54.591+05:30  INFO 12864 --- [Calender] [tomcat-shutdown] o.s.b.w.e.tomcat.GracefulShutdown        : Graceful shutdown complete
2025-08-25T12:18:54.593+05:30  INFO 12864 --- [Calender] [Thread-11] j.LocalContainerEntityManagerFactoryBean : Closing JPA EntityManagerFactory for persistence unit 'default'
2025-08-25T12:18:54.593+05:30  INFO 12864 --- [Calender] [Thread-11] com.zaxxer.hikari.HikariDataSource       : HikariPool-3 - Shutdown initiated...
2025-08-25T12:18:54.595+05:30  INFO 12864 --- [Calender] [Thread-11] com.zaxxer.hikari.HikariDataSource       : HikariPool-3 - Shutdown completed.
2025-08-25T12:18:54.635+05:30  INFO 12864 --- [Calender] [restartedMain] com.lits.calender.CalenderApplication    : Starting CalenderApplication using Java 17.0.9 with PID 12864 (C:\Users\ADMIN\Documents\workspace-spring-tool-suite-4-4.21.0.RELEASE\Calender\target\classes started by ADMIN in C:\Users\ADMIN\Documents\workspace-spring-tool-suite-4-4.21.0.RELEASE\Calender)
2025-08-25T12:18:54.636+05:30  INFO 12864 --- [Calender] [restartedMain] com.lits.calender.CalenderApplication    : No active profile set, falling back to 1 default profile: "default"
2025-08-25T12:18:54.707+05:30  INFO 12864 --- [Calender] [restartedMain] .s.d.r.c.RepositoryConfigurationDelegate : Bootstrapping Spring Data JPA repositories in DEFAULT mode.
2025-08-25T12:18:54.712+05:30  INFO 12864 --- [Calender] [restartedMain] .s.d.r.c.RepositoryConfigurationDelegate : Finished Spring Data repository scanning in 4 ms. Found 1 JPA repository interface.
2025-08-25T12:18:54.750+05:30  INFO 12864 --- [Calender] [restartedMain] o.s.b.w.embedded.tomcat.TomcatWebServer  : Tomcat initialized with port 8081 (http)
2025-08-25T12:18:54.752+05:30  INFO 12864 --- [Calender] [restartedMain] o.apache.catalina.core.StandardService   : Starting service [Tomcat]
2025-08-25T12:18:54.752+05:30  INFO 12864 --- [Calender] [restartedMain] o.apache.catalina.core.StandardEngine    : Starting Servlet engine: [Apache Tomcat/10.1.44]
2025-08-25T12:18:54.761+05:30  INFO 12864 --- [Calender] [restartedMain] o.a.c.c.C.[Tomcat].[localhost].[/]       : Initializing Spring embedded WebApplicationContext
2025-08-25T12:18:54.761+05:30  INFO 12864 --- [Calender] [restartedMain] w.s.c.ServletWebServerApplicationContext : Root WebApplicationContext: initialization completed in 124 ms
2025-08-25T12:18:54.779+05:30  INFO 12864 --- [Calender] [restartedMain] o.hibernate.jpa.internal.util.LogHelper  : HHH000204: Processing PersistenceUnitInfo [name: default]
2025-08-25T12:18:54.781+05:30  INFO 12864 --- [Calender] [restartedMain] o.h.c.internal.RegionFactoryInitiator    : HHH000026: Second-level cache disabled
2025-08-25T12:18:54.785+05:30  INFO 12864 --- [Calender] [restartedMain] o.s.o.j.p.SpringPersistenceUnitInfo      : No LoadTimeWeaver setup: ignoring JPA class transformer
2025-08-25T12:18:54.786+05:30  INFO 12864 --- [Calender] [restartedMain] com.zaxxer.hikari.HikariDataSource       : HikariPool-4 - Starting...
2025-08-25T12:18:54.789+05:30  INFO 12864 --- [Calender] [restartedMain] com.zaxxer.hikari.pool.HikariPool        : HikariPool-4 - Added connection com.mysql.cj.jdbc.ConnectionImpl@41f10bbb
2025-08-25T12:18:54.789+05:30  INFO 12864 --- [Calender] [restartedMain] com.zaxxer.hikari.HikariDataSource       : HikariPool-4 - Start completed.
2025-08-25T12:18:54.790+05:30  WARN 12864 --- [Calender] [restartedMain] org.hibernate.orm.deprecation            : HHH90000025: MySQL8Dialect does not need to be specified explicitly using 'hibernate.dialect' (remove the property setting and it will be selected by default)
2025-08-25T12:18:54.790+05:30  WARN 12864 --- [Calender] [restartedMain] org.hibernate.orm.deprecation            : HHH90000026: MySQL8Dialect has been deprecated; use org.hibernate.dialect.MySQLDialect instead
2025-08-25T12:18:54.790+05:30  INFO 12864 --- [Calender] [restartedMain] org.hibernate.orm.connections.pooling    : HHH10001005: Database info:
	Database JDBC URL [Connecting through datasource 'HikariDataSource (HikariPool-4)']
	Database driver: undefined/unknown
	Database version: 8.0
	Autocommit mode: undefined/unknown
	Isolation level: undefined/unknown
	Minimum pool size: undefined/unknown
	Maximum pool size: undefined/unknown
2025-08-25T12:18:54.809+05:30  INFO 12864 --- [Calender] [restartedMain] o.h.e.t.j.p.i.JtaPlatformInitiator       : HHH000489: No JTA platform available (set 'hibernate.transaction.jta.platform' to enable JTA platform integration)
2025-08-25T12:18:54.817+05:30  INFO 12864 --- [Calender] [restartedMain] j.LocalContainerEntityManagerFactoryBean : Initialized JPA EntityManagerFactory for persistence unit 'default'
2025-08-25T12:18:54.841+05:30  WARN 12864 --- [Calender] [restartedMain] JpaBaseConfiguration$JpaWebConfiguration : spring.jpa.open-in-view is enabled by default. Therefore, database queries may be performed during view rendering. Explicitly configure spring.jpa.open-in-view to disable this warning
2025-08-25T12:18:54.880+05:30  INFO 12864 --- [Calender] [restartedMain] o.s.b.d.a.OptionalLiveReloadServer       : LiveReload server is running on port 35729
2025-08-25T12:18:54.886+05:30  INFO 12864 --- [Calender] [restartedMain] o.s.b.w.embedded.tomcat.TomcatWebServer  : Tomcat started on port 8081 (http) with context path '/'
2025-08-25T12:18:54.889+05:30  INFO 12864 --- [Calender] [restartedMain] com.lits.calender.CalenderApplication    : Started CalenderApplication in 0.267 seconds (process running for 376.362)
2025-08-25T12:18:54.890+05:30  INFO 12864 --- [Calender] [restartedMain] .ConditionEvaluationDeltaLoggingListener : Condition evaluation unchanged
2025-08-25T12:19:01.900+05:30  INFO 12864 --- [Calender] [http-nio-0.0.0.0-8081-exec-2] o.a.c.c.C.[Tomcat].[localhost].[/]       : Initializing Spring DispatcherServlet 'dispatcherServlet'
2025-08-25T12:19:01.900+05:30  INFO 12864 --- [Calender] [http-nio-0.0.0.0-8081-exec-2] o.s.web.servlet.DispatcherServlet        : Initializing Servlet 'dispatcherServlet'
2025-08-25T12:19:01.900+05:30  INFO 12864 --- [Calender] [http-nio-0.0.0.0-8081-exec-2] o.s.web.servlet.DispatcherServlet        : Completed initialization in 0 ms
2025-08-25T12:21:37.293+05:30  INFO 12864 --- [Calender] [File Watcher] rtingClassPathChangeChangedEventListener : Restarting due to 1 class path change (0 additions, 0 deletions, 1 modification)
2025-08-25T12:21:37.295+05:30  INFO 12864 --- [Calender] [Thread-15] o.s.b.w.e.tomcat.GracefulShutdown        : Commencing graceful shutdown. Waiting for active requests to complete
2025-08-25T12:21:37.376+05:30  INFO 12864 --- [Calender] [tomcat-shutdown] o.s.b.w.e.tomcat.GracefulShutdown        : Graceful shutdown complete
2025-08-25T12:21:37.378+05:30  INFO 12864 --- [Calender] [Thread-15] j.LocalContainerEntityManagerFactoryBean : Closing JPA EntityManagerFactory for persistence unit 'default'
2025-08-25T12:21:37.378+05:30  INFO 12864 --- [Calender] [Thread-15] com.zaxxer.hikari.HikariDataSource       : HikariPool-4 - Shutdown initiated...
2025-08-25T12:21:37.380+05:30  INFO 12864 --- [Calender] [Thread-15] com.zaxxer.hikari.HikariDataSource       : HikariPool-4 - Shutdown completed.
2025-08-25T12:21:37.420+05:30  INFO 12864 --- [Calender] [restartedMain] com.lits.calender.CalenderApplication    : Starting CalenderApplication using Java 17.0.9 with PID 12864 (C:\Users\ADMIN\Documents\workspace-spring-tool-suite-4-4.21.0.RELEASE\Calender\target\classes started by ADMIN in C:\Users\ADMIN\Documents\workspace-spring-tool-suite-4-4.21.0.RELEASE\Calender)
2025-08-25T12:21:37.420+05:30  INFO 12864 --- [Calender] [restartedMain] com.lits.calender.CalenderApplication    : No active profile set, falling back to 1 default profile: "default"
2025-08-25T12:21:37.494+05:30  INFO 12864 --- [Calender] [restartedMain] .s.d.r.c.RepositoryConfigurationDelegate : Bootstrapping Spring Data JPA repositories in DEFAULT mode.
2025-08-25T12:21:37.499+05:30  INFO 12864 --- [Calender] [restartedMain] .s.d.r.c.RepositoryConfigurationDelegate : Finished Spring Data repository scanning in 4 ms. Found 1 JPA repository interface.
2025-08-25T12:21:37.535+05:30  INFO 12864 --- [Calender] [restartedMain] o.s.b.w.embedded.tomcat.TomcatWebServer  : Tomcat initialized with port 8081 (http)
2025-08-25T12:21:37.535+05:30  INFO 12864 --- [Calender] [restartedMain] o.apache.catalina.core.StandardService   : Starting service [Tomcat]
2025-08-25T12:21:37.535+05:30  INFO 12864 --- [Calender] [restartedMain] o.apache.catalina.core.StandardEngine    : Starting Servlet engine: [Apache Tomcat/10.1.44]
2025-08-25T12:21:37.543+05:30  INFO 12864 --- [Calender] [restartedMain] o.a.c.c.C.[Tomcat].[localhost].[/]       : Initializing Spring embedded WebApplicationContext
2025-08-25T12:21:37.543+05:30  INFO 12864 --- [Calender] [restartedMain] w.s.c.ServletWebServerApplicationContext : Root WebApplicationContext: initialization completed in 122 ms
2025-08-25T12:21:37.559+05:30  INFO 12864 --- [Calender] [restartedMain] o.hibernate.jpa.internal.util.LogHelper  : HHH000204: Processing PersistenceUnitInfo [name: default]
2025-08-25T12:21:37.560+05:30  INFO 12864 --- [Calender] [restartedMain] o.h.c.internal.RegionFactoryInitiator    : HHH000026: Second-level cache disabled
2025-08-25T12:21:37.565+05:30  INFO 12864 --- [Calender] [restartedMain] o.s.o.j.p.SpringPersistenceUnitInfo      : No LoadTimeWeaver setup: ignoring JPA class transformer
2025-08-25T12:21:37.565+05:30  INFO 12864 --- [Calender] [restartedMain] com.zaxxer.hikari.HikariDataSource       : HikariPool-5 - Starting...
2025-08-25T12:21:37.568+05:30  INFO 12864 --- [Calender] [restartedMain] com.zaxxer.hikari.pool.HikariPool        : HikariPool-5 - Added connection com.mysql.cj.jdbc.ConnectionImpl@4bcc9f01
2025-08-25T12:21:37.568+05:30  INFO 12864 --- [Calender] [restartedMain] com.zaxxer.hikari.HikariDataSource       : HikariPool-5 - Start completed.
2025-08-25T12:21:37.568+05:30  WARN 12864 --- [Calender] [restartedMain] org.hibernate.orm.deprecation            : HHH90000025: MySQL8Dialect does not need to be specified explicitly using 'hibernate.dialect' (remove the property setting and it will be selected by default)
2025-08-25T12:21:37.569+05:30  WARN 12864 --- [Calender] [restartedMain] org.hibernate.orm.deprecation            : HHH90000026: MySQL8Dialect has been deprecated; use org.hibernate.dialect.MySQLDialect instead
2025-08-25T12:21:37.569+05:30  INFO 12864 --- [Calender] [restartedMain] org.hibernate.orm.connections.pooling    : HHH10001005: Database info:
	Database JDBC URL [Connecting through datasource 'HikariDataSource (HikariPool-5)']
	Database driver: undefined/unknown
	Database version: 8.0
	Autocommit mode: undefined/unknown
	Isolation level: undefined/unknown
	Minimum pool size: undefined/unknown
	Maximum pool size: undefined/unknown
2025-08-25T12:21:37.585+05:30  INFO 12864 --- [Calender] [restartedMain] o.h.e.t.j.p.i.JtaPlatformInitiator       : HHH000489: No JTA platform available (set 'hibernate.transaction.jta.platform' to enable JTA platform integration)
2025-08-25T12:21:37.590+05:30  INFO 12864 --- [Calender] [restartedMain] j.LocalContainerEntityManagerFactoryBean : Initialized JPA EntityManagerFactory for persistence unit 'default'
2025-08-25T12:21:37.644+05:30  INFO 12864 --- [Calender] [restartedMain] o.s.d.j.r.query.QueryEnhancerFactory     : Hibernate is in classpath; If applicable, HQL parser will be used.
2025-08-25T12:21:37.978+05:30  WARN 12864 --- [Calender] [restartedMain] JpaBaseConfiguration$JpaWebConfiguration : spring.jpa.open-in-view is enabled by default. Therefore, database queries may be performed during view rendering. Explicitly configure spring.jpa.open-in-view to disable this warning
2025-08-25T12:21:38.017+05:30  INFO 12864 --- [Calender] [restartedMain] o.s.b.d.a.OptionalLiveReloadServer       : LiveReload server is running on port 35729
2025-08-25T12:21:38.023+05:30  INFO 12864 --- [Calender] [restartedMain] o.s.b.w.embedded.tomcat.TomcatWebServer  : Tomcat started on port 8081 (http) with context path '/'
2025-08-25T12:21:38.026+05:30  INFO 12864 --- [Calender] [restartedMain] com.lits.calender.CalenderApplication    : Started CalenderApplication in 0.619 seconds (process running for 539.499)
2025-08-25T12:21:38.027+05:30  INFO 12864 --- [Calender] [restartedMain] .ConditionEvaluationDeltaLoggingListener : Condition evaluation unchanged
2025-08-25T12:22:10.016+05:30  INFO 12864 --- [Calender] [File Watcher] rtingClassPathChangeChangedEventListener : Restarting due to 1 class path change (0 additions, 0 deletions, 1 modification)
2025-08-25T12:22:10.018+05:30  INFO 12864 --- [Calender] [Thread-19] o.s.b.w.e.tomcat.GracefulShutdown        : Commencing graceful shutdown. Waiting for active requests to complete
2025-08-25T12:22:10.110+05:30  INFO 12864 --- [Calender] [tomcat-shutdown] o.s.b.w.e.tomcat.GracefulShutdown        : Graceful shutdown complete
2025-08-25T12:22:10.111+05:30  INFO 12864 --- [Calender] [Thread-19] j.LocalContainerEntityManagerFactoryBean : Closing JPA EntityManagerFactory for persistence unit 'default'
2025-08-25T12:22:10.112+05:30  INFO 12864 --- [Calender] [Thread-19] com.zaxxer.hikari.HikariDataSource       : HikariPool-5 - Shutdown initiated...
2025-08-25T12:22:10.114+05:30  INFO 12864 --- [Calender] [Thread-19] com.zaxxer.hikari.HikariDataSource       : HikariPool-5 - Shutdown completed.
2025-08-25T12:22:10.161+05:30  INFO 12864 --- [Calender] [restartedMain] com.lits.calender.CalenderApplication    : Starting CalenderApplication using Java 17.0.9 with PID 12864 (C:\Users\ADMIN\Documents\workspace-spring-tool-suite-4-4.21.0.RELEASE\Calender\target\classes started by ADMIN in C:\Users\ADMIN\Documents\workspace-spring-tool-suite-4-4.21.0.RELEASE\Calender)
2025-08-25T12:22:10.162+05:30  INFO 12864 --- [Calender] [restartedMain] com.lits.calender.CalenderApplication    : No active profile set, falling back to 1 default profile: "default"
2025-08-25T12:22:10.236+05:30  INFO 12864 --- [Calender] [restartedMain] .s.d.r.c.RepositoryConfigurationDelegate : Bootstrapping Spring Data JPA repositories in DEFAULT mode.
2025-08-25T12:22:10.241+05:30  INFO 12864 --- [Calender] [restartedMain] .s.d.r.c.RepositoryConfigurationDelegate : Finished Spring Data repository scanning in 4 ms. Found 1 JPA repository interface.
2025-08-25T12:22:10.289+05:30  INFO 12864 --- [Calender] [restartedMain] o.s.b.w.embedded.tomcat.TomcatWebServer  : Tomcat initialized with port 8081 (http)
2025-08-25T12:22:10.289+05:30  INFO 12864 --- [Calender] [restartedMain] o.apache.catalina.core.StandardService   : Starting service [Tomcat]
2025-08-25T12:22:10.289+05:30  INFO 12864 --- [Calender] [restartedMain] o.apache.catalina.core.StandardEngine    : Starting Servlet engine: [Apache Tomcat/10.1.44]
2025-08-25T12:22:10.299+05:30  INFO 12864 --- [Calender] [restartedMain] o.a.c.c.C.[Tomcat].[localhost].[/]       : Initializing Spring embedded WebApplicationContext
2025-08-25T12:22:10.299+05:30  INFO 12864 --- [Calender] [restartedMain] w.s.c.ServletWebServerApplicationContext : Root WebApplicationContext: initialization completed in 136 ms
2025-08-25T12:22:10.316+05:30  INFO 12864 --- [Calender] [restartedMain] o.hibernate.jpa.internal.util.LogHelper  : HHH000204: Processing PersistenceUnitInfo [name: default]
2025-08-25T12:22:10.317+05:30  INFO 12864 --- [Calender] [restartedMain] o.h.c.internal.RegionFactoryInitiator    : HHH000026: Second-level cache disabled
2025-08-25T12:22:10.322+05:30  INFO 12864 --- [Calender] [restartedMain] o.s.o.j.p.SpringPersistenceUnitInfo      : No LoadTimeWeaver setup: ignoring JPA class transformer
2025-08-25T12:22:10.323+05:30  INFO 12864 --- [Calender] [restartedMain] com.zaxxer.hikari.HikariDataSource       : HikariPool-6 - Starting...
2025-08-25T12:22:10.325+05:30  INFO 12864 --- [Calender] [restartedMain] com.zaxxer.hikari.pool.HikariPool        : HikariPool-6 - Added connection com.mysql.cj.jdbc.ConnectionImpl@caca1f
2025-08-25T12:22:10.325+05:30  INFO 12864 --- [Calender] [restartedMain] com.zaxxer.hikari.HikariDataSource       : HikariPool-6 - Start completed.
2025-08-25T12:22:10.326+05:30  WARN 12864 --- [Calender] [restartedMain] org.hibernate.orm.deprecation            : HHH90000025: MySQL8Dialect does not need to be specified explicitly using 'hibernate.dialect' (remove the property setting and it will be selected by default)
2025-08-25T12:22:10.326+05:30  WARN 12864 --- [Calender] [restartedMain] org.hibernate.orm.deprecation            : HHH90000026: MySQL8Dialect has been deprecated; use org.hibernate.dialect.MySQLDialect instead
2025-08-25T12:22:10.326+05:30  INFO 12864 --- [Calender] [restartedMain] org.hibernate.orm.connections.pooling    : HHH10001005: Database info:
	Database JDBC URL [Connecting through datasource 'HikariDataSource (HikariPool-6)']
	Database driver: undefined/unknown
	Database version: 8.0
	Autocommit mode: undefined/unknown
	Isolation level: undefined/unknown
	Minimum pool size: undefined/unknown
	Maximum pool size: undefined/unknown
2025-08-25T12:22:10.347+05:30  INFO 12864 --- [Calender] [restartedMain] o.h.e.t.j.p.i.JtaPlatformInitiator       : HHH000489: No JTA platform available (set 'hibernate.transaction.jta.platform' to enable JTA platform integration)
2025-08-25T12:22:10.351+05:30  INFO 12864 --- [Calender] [restartedMain] j.LocalContainerEntityManagerFactoryBean : Initialized JPA EntityManagerFactory for persistence unit 'default'
2025-08-25T12:22:10.378+05:30  WARN 12864 --- [Calender] [restartedMain] JpaBaseConfiguration$JpaWebConfiguration : spring.jpa.open-in-view is enabled by default. Therefore, database queries may be performed during view rendering. Explicitly configure spring.jpa.open-in-view to disable this warning
2025-08-25T12:22:10.417+05:30  INFO 12864 --- [Calender] [restartedMain] o.s.b.d.a.OptionalLiveReloadServer       : LiveReload server is running on port 35729
2025-08-25T12:22:10.423+05:30  INFO 12864 --- [Calender] [restartedMain] o.s.b.w.embedded.tomcat.TomcatWebServer  : Tomcat started on port 8081 (http) with context path '/'
2025-08-25T12:22:10.427+05:30  INFO 12864 --- [Calender] [restartedMain] com.lits.calender.CalenderApplication    : Started CalenderApplication in 0.282 seconds (process running for 571.9)
2025-08-25T12:22:10.429+05:30  INFO 12864 --- [Calender] [restartedMain] .ConditionEvaluationDeltaLoggingListener : Condition evaluation unchanged
2025-08-25T12:22:48.634+05:30  INFO 12864 --- [Calender] [File Watcher] rtingClassPathChangeChangedEventListener : Restarting due to 1 class path change (0 additions, 0 deletions, 1 modification)
2025-08-25T12:22:48.636+05:30  INFO 12864 --- [Calender] [Thread-23] o.s.b.w.e.tomcat.GracefulShutdown        : Commencing graceful shutdown. Waiting for active requests to complete
2025-08-25T12:22:48.717+05:30  INFO 12864 --- [Calender] [tomcat-shutdown] o.s.b.w.e.tomcat.GracefulShutdown        : Graceful shutdown complete
2025-08-25T12:22:48.718+05:30  INFO 12864 --- [Calender] [Thread-23] j.LocalContainerEntityManagerFactoryBean : Closing JPA EntityManagerFactory for persistence unit 'default'
2025-08-25T12:22:48.719+05:30  INFO 12864 --- [Calender] [Thread-23] com.zaxxer.hikari.HikariDataSource       : HikariPool-6 - Shutdown initiated...
2025-08-25T12:22:48.721+05:30  INFO 12864 --- [Calender] [Thread-23] com.zaxxer.hikari.HikariDataSource       : HikariPool-6 - Shutdown completed.
2025-08-25T12:22:48.762+05:30  INFO 12864 --- [Calender] [restartedMain] com.lits.calender.CalenderApplication    : Starting CalenderApplication using Java 17.0.9 with PID 12864 (C:\Users\ADMIN\Documents\workspace-spring-tool-suite-4-4.21.0.RELEASE\Calender\target\classes started by ADMIN in C:\Users\ADMIN\Documents\workspace-spring-tool-suite-4-4.21.0.RELEASE\Calender)
2025-08-25T12:22:48.762+05:30  INFO 12864 --- [Calender] [restartedMain] com.lits.calender.CalenderApplication    : No active profile set, falling back to 1 default profile: "default"
2025-08-25T12:22:48.841+05:30  INFO 12864 --- [Calender] [restartedMain] .s.d.r.c.RepositoryConfigurationDelegate : Bootstrapping Spring Data JPA repositories in DEFAULT mode.
2025-08-25T12:22:48.846+05:30  INFO 12864 --- [Calender] [restartedMain] .s.d.r.c.RepositoryConfigurationDelegate : Finished Spring Data repository scanning in 3 ms. Found 1 JPA repository interface.
2025-08-25T12:22:48.894+05:30  INFO 12864 --- [Calender] [restartedMain] o.s.b.w.embedded.tomcat.TomcatWebServer  : Tomcat initialized with port 8081 (http)
2025-08-25T12:22:48.895+05:30  INFO 12864 --- [Calender] [restartedMain] o.apache.catalina.core.StandardService   : Starting service [Tomcat]
2025-08-25T12:22:48.895+05:30  INFO 12864 --- [Calender] [restartedMain] o.apache.catalina.core.StandardEngine    : Starting Servlet engine: [Apache Tomcat/10.1.44]
2025-08-25T12:22:48.904+05:30  INFO 12864 --- [Calender] [restartedMain] o.a.c.c.C.[Tomcat].[localhost].[/]       : Initializing Spring embedded WebApplicationContext
2025-08-25T12:22:48.904+05:30  INFO 12864 --- [Calender] [restartedMain] w.s.c.ServletWebServerApplicationContext : Root WebApplicationContext: initialization completed in 141 ms
2025-08-25T12:22:48.918+05:30  INFO 12864 --- [Calender] [restartedMain] o.hibernate.jpa.internal.util.LogHelper  : HHH000204: Processing PersistenceUnitInfo [name: default]
2025-08-25T12:22:48.919+05:30  INFO 12864 --- [Calender] [restartedMain] o.h.c.internal.RegionFactoryInitiator    : HHH000026: Second-level cache disabled
2025-08-25T12:22:48.923+05:30  INFO 12864 --- [Calender] [restartedMain] o.s.o.j.p.SpringPersistenceUnitInfo      : No LoadTimeWeaver setup: ignoring JPA class transformer
2025-08-25T12:22:48.923+05:30  INFO 12864 --- [Calender] [restartedMain] com.zaxxer.hikari.HikariDataSource       : HikariPool-7 - Starting...
2025-08-25T12:22:48.925+05:30  INFO 12864 --- [Calender] [restartedMain] com.zaxxer.hikari.pool.HikariPool        : HikariPool-7 - Added connection com.mysql.cj.jdbc.ConnectionImpl@6ed10066
2025-08-25T12:22:48.925+05:30  INFO 12864 --- [Calender] [restartedMain] com.zaxxer.hikari.HikariDataSource       : HikariPool-7 - Start completed.
2025-08-25T12:22:48.926+05:30  WARN 12864 --- [Calender] [restartedMain] org.hibernate.orm.deprecation            : HHH90000025: MySQL8Dialect does not need to be specified explicitly using 'hibernate.dialect' (remove the property setting and it will be selected by default)
2025-08-25T12:22:48.926+05:30  WARN 12864 --- [Calender] [restartedMain] org.hibernate.orm.deprecation            : HHH90000026: MySQL8Dialect has been deprecated; use org.hibernate.dialect.MySQLDialect instead
2025-08-25T12:22:48.926+05:30  INFO 12864 --- [Calender] [restartedMain] org.hibernate.orm.connections.pooling    : HHH10001005: Database info:
	Database JDBC URL [Connecting through datasource 'HikariDataSource (HikariPool-7)']
	Database driver: undefined/unknown
	Database version: 8.0
	Autocommit mode: undefined/unknown
	Isolation level: undefined/unknown
	Minimum pool size: undefined/unknown
	Maximum pool size: undefined/unknown
2025-08-25T12:22:48.943+05:30  INFO 12864 --- [Calender] [restartedMain] o.h.e.t.j.p.i.JtaPlatformInitiator       : HHH000489: No JTA platform available (set 'hibernate.transaction.jta.platform' to enable JTA platform integration)
2025-08-25T12:22:48.953+05:30  INFO 12864 --- [Calender] [restartedMain] j.LocalContainerEntityManagerFactoryBean : Initialized JPA EntityManagerFactory for persistence unit 'default'
2025-08-25T12:22:48.980+05:30  WARN 12864 --- [Calender] [restartedMain] JpaBaseConfiguration$JpaWebConfiguration : spring.jpa.open-in-view is enabled by default. Therefore, database queries may be performed during view rendering. Explicitly configure spring.jpa.open-in-view to disable this warning
2025-08-25T12:22:49.027+05:30  INFO 12864 --- [Calender] [restartedMain] o.s.b.d.a.OptionalLiveReloadServer       : LiveReload server is running on port 35729
2025-08-25T12:22:49.033+05:30  INFO 12864 --- [Calender] [restartedMain] o.s.b.w.embedded.tomcat.TomcatWebServer  : Tomcat started on port 8081 (http) with context path '/'
2025-08-25T12:22:49.037+05:30  INFO 12864 --- [Calender] [restartedMain] com.lits.calender.CalenderApplication    : Started CalenderApplication in 0.286 seconds (process running for 610.51)
2025-08-25T12:22:49.038+05:30  INFO 12864 --- [Calender] [restartedMain] .ConditionEvaluationDeltaLoggingListener : Condition evaluation unchanged
2025-08-25T12:23:24.571+05:30  INFO 12864 --- [Calender] [http-nio-0.0.0.0-8081-exec-1] o.a.c.c.C.[Tomcat].[localhost].[/]       : Initializing Spring DispatcherServlet 'dispatcherServlet'
2025-08-25T12:23:24.571+05:30  INFO 12864 --- [Calender] [http-nio-0.0.0.0-8081-exec-1] o.s.web.servlet.DispatcherServlet        : Initializing Servlet 'dispatcherServlet'
2025-08-25T12:23:24.572+05:30  INFO 12864 --- [Calender] [http-nio-0.0.0.0-8081-exec-1] o.s.web.servlet.DispatcherServlet        : Completed initialization in 1 ms
2025-08-25T12:23:24.584+05:30  WARN 12864 --- [Calender] [http-nio-0.0.0.0-8081-exec-1] .m.m.a.ExceptionHandlerExceptionResolver : Resolved [java.lang.IllegalArgumentException: Name for argument of type [int] not specified, and parameter name information not available via reflection. Ensure that the compiler uses the '-parameters' flag.]
2025-08-25T12:24:21.721+05:30  WARN 12864 --- [Calender] [http-nio-0.0.0.0-8081-exec-4] .m.m.a.ExceptionHandlerExceptionResolver : Resolved [java.lang.IllegalArgumentException: Name for argument of type [int] not specified, and parameter name information not available via reflection. Ensure that the compiler uses the '-parameters' flag.]
2025-08-25T12:26:13.312+05:30  INFO 12864 --- [Calender] [File Watcher] rtingClassPathChangeChangedEventListener : Restarting due to 1 class path change (0 additions, 0 deletions, 1 modification)
2025-08-25T12:26:13.314+05:30  INFO 12864 --- [Calender] [Thread-27] o.s.b.w.e.tomcat.GracefulShutdown        : Commencing graceful shutdown. Waiting for active requests to complete
2025-08-25T12:26:13.394+05:30  INFO 12864 --- [Calender] [tomcat-shutdown] o.s.b.w.e.tomcat.GracefulShutdown        : Graceful shutdown complete
2025-08-25T12:26:13.395+05:30  INFO 12864 --- [Calender] [Thread-27] j.LocalContainerEntityManagerFactoryBean : Closing JPA EntityManagerFactory for persistence unit 'default'
2025-08-25T12:26:13.395+05:30  INFO 12864 --- [Calender] [Thread-27] com.zaxxer.hikari.HikariDataSource       : HikariPool-7 - Shutdown initiated...
2025-08-25T12:26:13.397+05:30  INFO 12864 --- [Calender] [Thread-27] com.zaxxer.hikari.HikariDataSource       : HikariPool-7 - Shutdown completed.
2025-08-25T12:26:13.442+05:30  INFO 12864 --- [Calender] [restartedMain] com.lits.calender.CalenderApplication    : Starting CalenderApplication using Java 17.0.9 with PID 12864 (C:\Users\ADMIN\Documents\workspace-spring-tool-suite-4-4.21.0.RELEASE\Calender\target\classes started by ADMIN in C:\Users\ADMIN\Documents\workspace-spring-tool-suite-4-4.21.0.RELEASE\Calender)
2025-08-25T12:26:13.442+05:30  INFO 12864 --- [Calender] [restartedMain] com.lits.calender.CalenderApplication    : No active profile set, falling back to 1 default profile: "default"
2025-08-25T12:26:13.509+05:30  INFO 12864 --- [Calender] [restartedMain] .s.d.r.c.RepositoryConfigurationDelegate : Bootstrapping Spring Data JPA repositories in DEFAULT mode.
2025-08-25T12:26:13.513+05:30  INFO 12864 --- [Calender] [restartedMain] .s.d.r.c.RepositoryConfigurationDelegate : Finished Spring Data repository scanning in 3 ms. Found 1 JPA repository interface.
2025-08-25T12:26:13.550+05:30  INFO 12864 --- [Calender] [restartedMain] o.s.b.w.embedded.tomcat.TomcatWebServer  : Tomcat initialized with port 8081 (http)
2025-08-25T12:26:13.551+05:30  INFO 12864 --- [Calender] [restartedMain] o.apache.catalina.core.StandardService   : Starting service [Tomcat]
2025-08-25T12:26:13.551+05:30  INFO 12864 --- [Calender] [restartedMain] o.apache.catalina.core.StandardEngine    : Starting Servlet engine: [Apache Tomcat/10.1.44]
2025-08-25T12:26:13.559+05:30  INFO 12864 --- [Calender] [restartedMain] o.a.c.c.C.[Tomcat].[localhost].[/]       : Initializing Spring embedded WebApplicationContext
2025-08-25T12:26:13.559+05:30  INFO 12864 --- [Calender] [restartedMain] w.s.c.ServletWebServerApplicationContext : Root WebApplicationContext: initialization completed in 116 ms
2025-08-25T12:26:13.574+05:30  INFO 12864 --- [Calender] [restartedMain] o.hibernate.jpa.internal.util.LogHelper  : HHH000204: Processing PersistenceUnitInfo [name: default]
2025-08-25T12:26:13.575+05:30  INFO 12864 --- [Calender] [restartedMain] o.h.c.internal.RegionFactoryInitiator    : HHH000026: Second-level cache disabled
2025-08-25T12:26:13.580+05:30  INFO 12864 --- [Calender] [restartedMain] o.s.o.j.p.SpringPersistenceUnitInfo      : No LoadTimeWeaver setup: ignoring JPA class transformer
2025-08-25T12:26:13.580+05:30  INFO 12864 --- [Calender] [restartedMain] com.zaxxer.hikari.HikariDataSource       : HikariPool-8 - Starting...
2025-08-25T12:26:13.583+05:30  INFO 12864 --- [Calender] [restartedMain] com.zaxxer.hikari.pool.HikariPool        : HikariPool-8 - Added connection com.mysql.cj.jdbc.ConnectionImpl@267dee28
2025-08-25T12:26:13.583+05:30  INFO 12864 --- [Calender] [restartedMain] com.zaxxer.hikari.HikariDataSource       : HikariPool-8 - Start completed.
2025-08-25T12:26:13.584+05:30  WARN 12864 --- [Calender] [restartedMain] org.hibernate.orm.deprecation            : HHH90000025: MySQL8Dialect does not need to be specified explicitly using 'hibernate.dialect' (remove the property setting and it will be selected by default)
2025-08-25T12:26:13.584+05:30  WARN 12864 --- [Calender] [restartedMain] org.hibernate.orm.deprecation            : HHH90000026: MySQL8Dialect has been deprecated; use org.hibernate.dialect.MySQLDialect instead
2025-08-25T12:26:13.584+05:30  INFO 12864 --- [Calender] [restartedMain] org.hibernate.orm.connections.pooling    : HHH10001005: Database info:
	Database JDBC URL [Connecting through datasource 'HikariDataSource (HikariPool-8)']
	Database driver: undefined/unknown
	Database version: 8.0
	Autocommit mode: undefined/unknown
	Isolation level: undefined/unknown
	Minimum pool size: undefined/unknown
	Maximum pool size: undefined/unknown
2025-08-25T12:26:13.605+05:30  INFO 12864 --- [Calender] [restartedMain] o.h.e.t.j.p.i.JtaPlatformInitiator       : HHH000489: No JTA platform available (set 'hibernate.transaction.jta.platform' to enable JTA platform integration)
2025-08-25T12:26:13.612+05:30  INFO 12864 --- [Calender] [restartedMain] j.LocalContainerEntityManagerFactoryBean : Initialized JPA EntityManagerFactory for persistence unit 'default'
2025-08-25T12:26:13.640+05:30  WARN 12864 --- [Calender] [restartedMain] JpaBaseConfiguration$JpaWebConfiguration : spring.jpa.open-in-view is enabled by default. Therefore, database queries may be performed during view rendering. Explicitly configure spring.jpa.open-in-view to disable this warning
2025-08-25T12:26:13.676+05:30  INFO 12864 --- [Calender] [restartedMain] o.s.b.d.a.OptionalLiveReloadServer       : LiveReload server is running on port 35729
2025-08-25T12:26:13.681+05:30  INFO 12864 --- [Calender] [restartedMain] o.s.b.w.embedded.tomcat.TomcatWebServer  : Tomcat started on port 8081 (http) with context path '/'
2025-08-25T12:26:13.685+05:30  INFO 12864 --- [Calender] [restartedMain] com.lits.calender.CalenderApplication    : Started CalenderApplication in 0.256 seconds (process running for 815.158)
2025-08-25T12:26:13.686+05:30  INFO 12864 --- [Calender] [restartedMain] .ConditionEvaluationDeltaLoggingListener : Condition evaluation unchanged
2025-08-25T12:26:48.310+05:30  INFO 12864 --- [Calender] [http-nio-0.0.0.0-8081-exec-2] o.a.c.c.C.[Tomcat].[localhost].[/]       : Initializing Spring DispatcherServlet 'dispatcherServlet'
2025-08-25T12:26:48.310+05:30  INFO 12864 --- [Calender] [http-nio-0.0.0.0-8081-exec-2] o.s.web.servlet.DispatcherServlet        : Initializing Servlet 'dispatcherServlet'
2025-08-25T12:26:48.311+05:30  INFO 12864 --- [Calender] [http-nio-0.0.0.0-8081-exec-2] o.s.web.servlet.DispatcherServlet        : Completed initialization in 1 ms
2025-08-25T12:26:48.314+05:30  WARN 12864 --- [Calender] [http-nio-0.0.0.0-8081-exec-2] .m.m.a.ExceptionHandlerExceptionResolver : Resolved [java.lang.IllegalArgumentException: Name for argument of type [int] not specified, and parameter name information not available via reflection. Ensure that the compiler uses the '-parameters' flag.]
2025-08-25T12:27:03.866+05:30  INFO 12864 --- [Calender] [File Watcher] rtingClassPathChangeChangedEventListener : Restarting due to 1 class path change (0 additions, 0 deletions, 1 modification)
2025-08-25T12:27:03.870+05:30  INFO 12864 --- [Calender] [Thread-31] o.s.b.w.e.tomcat.GracefulShutdown        : Commencing graceful shutdown. Waiting for active requests to complete
2025-08-25T12:27:03.952+05:30  INFO 12864 --- [Calender] [tomcat-shutdown] o.s.b.w.e.tomcat.GracefulShutdown        : Graceful shutdown complete
2025-08-25T12:27:03.953+05:30  INFO 12864 --- [Calender] [Thread-31] j.LocalContainerEntityManagerFactoryBean : Closing JPA EntityManagerFactory for persistence unit 'default'
2025-08-25T12:27:03.953+05:30  INFO 12864 --- [Calender] [Thread-31] com.zaxxer.hikari.HikariDataSource       : HikariPool-8 - Shutdown initiated...
2025-08-25T12:27:03.955+05:30  INFO 12864 --- [Calender] [Thread-31] com.zaxxer.hikari.HikariDataSource       : HikariPool-8 - Shutdown completed.
2025-08-25T12:27:03.999+05:30  INFO 12864 --- [Calender] [restartedMain] com.lits.calender.CalenderApplication    : Starting CalenderApplication using Java 17.0.9 with PID 12864 (C:\Users\ADMIN\Documents\workspace-spring-tool-suite-4-4.21.0.RELEASE\Calender\target\classes started by ADMIN in C:\Users\ADMIN\Documents\workspace-spring-tool-suite-4-4.21.0.RELEASE\Calender)
2025-08-25T12:27:03.999+05:30  INFO 12864 --- [Calender] [restartedMain] com.lits.calender.CalenderApplication    : No active profile set, falling back to 1 default profile: "default"
2025-08-25T12:27:04.065+05:30  INFO 12864 --- [Calender] [restartedMain] .s.d.r.c.RepositoryConfigurationDelegate : Bootstrapping Spring Data JPA repositories in DEFAULT mode.
2025-08-25T12:27:04.069+05:30  INFO 12864 --- [Calender] [restartedMain] .s.d.r.c.RepositoryConfigurationDelegate : Finished Spring Data repository scanning in 3 ms. Found 1 JPA repository interface.
2025-08-25T12:27:04.104+05:30  INFO 12864 --- [Calender] [restartedMain] o.s.b.w.embedded.tomcat.TomcatWebServer  : Tomcat initialized with port 8081 (http)
2025-08-25T12:27:04.105+05:30  INFO 12864 --- [Calender] [restartedMain] o.apache.catalina.core.StandardService   : Starting service [Tomcat]
2025-08-25T12:27:04.105+05:30  INFO 12864 --- [Calender] [restartedMain] o.apache.catalina.core.StandardEngine    : Starting Servlet engine: [Apache Tomcat/10.1.44]
2025-08-25T12:27:04.112+05:30  INFO 12864 --- [Calender] [restartedMain] o.a.c.c.C.[Tomcat].[localhost].[/]       : Initializing Spring embedded WebApplicationContext
2025-08-25T12:27:04.113+05:30  INFO 12864 --- [Calender] [restartedMain] w.s.c.ServletWebServerApplicationContext : Root WebApplicationContext: initialization completed in 113 ms
2025-08-25T12:27:04.126+05:30  INFO 12864 --- [Calender] [restartedMain] o.hibernate.jpa.internal.util.LogHelper  : HHH000204: Processing PersistenceUnitInfo [name: default]
2025-08-25T12:27:04.128+05:30  INFO 12864 --- [Calender] [restartedMain] o.h.c.internal.RegionFactoryInitiator    : HHH000026: Second-level cache disabled
2025-08-25T12:27:04.131+05:30  INFO 12864 --- [Calender] [restartedMain] o.s.o.j.p.SpringPersistenceUnitInfo      : No LoadTimeWeaver setup: ignoring JPA class transformer
2025-08-25T12:27:04.132+05:30  INFO 12864 --- [Calender] [restartedMain] com.zaxxer.hikari.HikariDataSource       : HikariPool-9 - Starting...
2025-08-25T12:27:04.134+05:30  INFO 12864 --- [Calender] [restartedMain] com.zaxxer.hikari.pool.HikariPool        : HikariPool-9 - Added connection com.mysql.cj.jdbc.ConnectionImpl@1d3c384b
2025-08-25T12:27:04.135+05:30  INFO 12864 --- [Calender] [restartedMain] com.zaxxer.hikari.HikariDataSource       : HikariPool-9 - Start completed.
2025-08-25T12:27:04.135+05:30  WARN 12864 --- [Calender] [restartedMain] org.hibernate.orm.deprecation            : HHH90000025: MySQL8Dialect does not need to be specified explicitly using 'hibernate.dialect' (remove the property setting and it will be selected by default)
2025-08-25T12:27:04.135+05:30  WARN 12864 --- [Calender] [restartedMain] org.hibernate.orm.deprecation            : HHH90000026: MySQL8Dialect has been deprecated; use org.hibernate.dialect.MySQLDialect instead
2025-08-25T12:27:04.135+05:30  INFO 12864 --- [Calender] [restartedMain] org.hibernate.orm.connections.pooling    : HHH10001005: Database info:
	Database JDBC URL [Connecting through datasource 'HikariDataSource (HikariPool-9)']
	Database driver: undefined/unknown
	Database version: 8.0
	Autocommit mode: undefined/unknown
	Isolation level: undefined/unknown
	Minimum pool size: undefined/unknown
	Maximum pool size: undefined/unknown
2025-08-25T12:27:04.153+05:30  INFO 12864 --- [Calender] [restartedMain] o.h.e.t.j.p.i.JtaPlatformInitiator       : HHH000489: No JTA platform available (set 'hibernate.transaction.jta.platform' to enable JTA platform integration)
2025-08-25T12:27:04.158+05:30  INFO 12864 --- [Calender] [restartedMain] j.LocalContainerEntityManagerFactoryBean : Initialized JPA EntityManagerFactory for persistence unit 'default'
2025-08-25T12:27:04.183+05:30  WARN 12864 --- [Calender] [restartedMain] JpaBaseConfiguration$JpaWebConfiguration : spring.jpa.open-in-view is enabled by default. Therefore, database queries may be performed during view rendering. Explicitly configure spring.jpa.open-in-view to disable this warning
2025-08-25T12:27:04.220+05:30  INFO 12864 --- [Calender] [restartedMain] o.s.b.d.a.OptionalLiveReloadServer       : LiveReload server is running on port 35729
2025-08-25T12:27:04.225+05:30  INFO 12864 --- [Calender] [restartedMain] o.s.b.w.embedded.tomcat.TomcatWebServer  : Tomcat started on port 8081 (http) with context path '/'
2025-08-25T12:27:04.227+05:30  INFO 12864 --- [Calender] [restartedMain] com.lits.calender.CalenderApplication    : Started CalenderApplication in 0.24 seconds (process running for 865.7)
2025-08-25T12:27:04.229+05:30  INFO 12864 --- [Calender] [restartedMain] .ConditionEvaluationDeltaLoggingListener : Condition evaluation unchanged
2025-08-25T12:28:52.452+05:30  INFO 12864 --- [Calender] [File Watcher] rtingClassPathChangeChangedEventListener : Restarting due to 2 class path changes (0 additions, 0 deletions, 2 modifications)
2025-08-25T12:28:52.454+05:30  INFO 12864 --- [Calender] [Thread-35] o.s.b.w.e.tomcat.GracefulShutdown        : Commencing graceful shutdown. Waiting for active requests to complete
2025-08-25T12:28:52.541+05:30  INFO 12864 --- [Calender] [tomcat-shutdown] o.s.b.w.e.tomcat.GracefulShutdown        : Graceful shutdown complete
2025-08-25T12:28:52.543+05:30  INFO 12864 --- [Calender] [Thread-35] j.LocalContainerEntityManagerFactoryBean : Closing JPA EntityManagerFactory for persistence unit 'default'
2025-08-25T12:28:52.543+05:30  INFO 12864 --- [Calender] [Thread-35] com.zaxxer.hikari.HikariDataSource       : HikariPool-9 - Shutdown initiated...
2025-08-25T12:28:52.545+05:30  INFO 12864 --- [Calender] [Thread-35] com.zaxxer.hikari.HikariDataSource       : HikariPool-9 - Shutdown completed.
2025-08-25T12:28:52.591+05:30  INFO 12864 --- [Calender] [restartedMain] com.lits.calender.CalenderApplication    : Starting CalenderApplication using Java 17.0.9 with PID 12864 (C:\Users\ADMIN\Documents\workspace-spring-tool-suite-4-4.21.0.RELEASE\Calender\target\classes started by ADMIN in C:\Users\ADMIN\Documents\workspace-spring-tool-suite-4-4.21.0.RELEASE\Calender)
2025-08-25T12:28:52.591+05:30  INFO 12864 --- [Calender] [restartedMain] com.lits.calender.CalenderApplication    : No active profile set, falling back to 1 default profile: "default"
2025-08-25T12:28:52.664+05:30  INFO 12864 --- [Calender] [restartedMain] .s.d.r.c.RepositoryConfigurationDelegate : Bootstrapping Spring Data JPA repositories in DEFAULT mode.
2025-08-25T12:28:52.670+05:30  INFO 12864 --- [Calender] [restartedMain] .s.d.r.c.RepositoryConfigurationDelegate : Finished Spring Data repository scanning in 4 ms. Found 1 JPA repository interface.
2025-08-25T12:28:52.707+05:30  INFO 12864 --- [Calender] [restartedMain] o.s.b.w.embedded.tomcat.TomcatWebServer  : Tomcat initialized with port 8081 (http)
2025-08-25T12:28:52.708+05:30  INFO 12864 --- [Calender] [restartedMain] o.apache.catalina.core.StandardService   : Starting service [Tomcat]
2025-08-25T12:28:52.708+05:30  INFO 12864 --- [Calender] [restartedMain] o.apache.catalina.core.StandardEngine    : Starting Servlet engine: [Apache Tomcat/10.1.44]
2025-08-25T12:28:52.716+05:30  INFO 12864 --- [Calender] [restartedMain] o.a.c.c.C.[Tomcat].[localhost].[/]       : Initializing Spring embedded WebApplicationContext
2025-08-25T12:28:52.716+05:30  INFO 12864 --- [Calender] [restartedMain] w.s.c.ServletWebServerApplicationContext : Root WebApplicationContext: initialization completed in 124 ms
2025-08-25T12:28:52.731+05:30  INFO 12864 --- [Calender] [restartedMain] o.hibernate.jpa.internal.util.LogHelper  : HHH000204: Processing PersistenceUnitInfo [name: default]
2025-08-25T12:28:52.733+05:30  INFO 12864 --- [Calender] [restartedMain] o.h.c.internal.RegionFactoryInitiator    : HHH000026: Second-level cache disabled
2025-08-25T12:28:52.737+05:30  INFO 12864 --- [Calender] [restartedMain] o.s.o.j.p.SpringPersistenceUnitInfo      : No LoadTimeWeaver setup: ignoring JPA class transformer
2025-08-25T12:28:52.737+05:30  INFO 12864 --- [Calender] [restartedMain] com.zaxxer.hikari.HikariDataSource       : HikariPool-10 - Starting...
2025-08-25T12:28:52.741+05:30  INFO 12864 --- [Calender] [restartedMain] com.zaxxer.hikari.pool.HikariPool        : HikariPool-10 - Added connection com.mysql.cj.jdbc.ConnectionImpl@55e2b106
2025-08-25T12:28:52.742+05:30  INFO 12864 --- [Calender] [restartedMain] com.zaxxer.hikari.HikariDataSource       : HikariPool-10 - Start completed.
2025-08-25T12:28:52.742+05:30  WARN 12864 --- [Calender] [restartedMain] org.hibernate.orm.deprecation            : HHH90000025: MySQL8Dialect does not need to be specified explicitly using 'hibernate.dialect' (remove the property setting and it will be selected by default)
2025-08-25T12:28:52.742+05:30  WARN 12864 --- [Calender] [restartedMain] org.hibernate.orm.deprecation            : HHH90000026: MySQL8Dialect has been deprecated; use org.hibernate.dialect.MySQLDialect instead
2025-08-25T12:28:52.742+05:30  INFO 12864 --- [Calender] [restartedMain] org.hibernate.orm.connections.pooling    : HHH10001005: Database info:
	Database JDBC URL [Connecting through datasource 'HikariDataSource (HikariPool-10)']
	Database driver: undefined/unknown
	Database version: 8.0
	Autocommit mode: undefined/unknown
	Isolation level: undefined/unknown
	Minimum pool size: undefined/unknown
	Maximum pool size: undefined/unknown
2025-08-25T12:28:52.762+05:30  INFO 12864 --- [Calender] [restartedMain] o.h.e.t.j.p.i.JtaPlatformInitiator       : HHH000489: No JTA platform available (set 'hibernate.transaction.jta.platform' to enable JTA platform integration)
2025-08-25T12:28:52.766+05:30  INFO 12864 --- [Calender] [restartedMain] j.LocalContainerEntityManagerFactoryBean : Initialized JPA EntityManagerFactory for persistence unit 'default'
2025-08-25T12:28:52.794+05:30  WARN 12864 --- [Calender] [restartedMain] JpaBaseConfiguration$JpaWebConfiguration : spring.jpa.open-in-view is enabled by default. Therefore, database queries may be performed during view rendering. Explicitly configure spring.jpa.open-in-view to disable this warning
2025-08-25T12:28:52.833+05:30  INFO 12864 --- [Calender] [restartedMain] o.s.b.d.a.OptionalLiveReloadServer       : LiveReload server is running on port 35729
2025-08-25T12:28:52.839+05:30  INFO 12864 --- [Calender] [restartedMain] o.s.b.w.embedded.tomcat.TomcatWebServer  : Tomcat started on port 8081 (http) with context path '/'
2025-08-25T12:28:52.842+05:30  INFO 12864 --- [Calender] [restartedMain] com.lits.calender.CalenderApplication    : Started CalenderApplication in 0.266 seconds (process running for 974.315)
2025-08-25T12:28:52.843+05:30  INFO 12864 --- [Calender] [restartedMain] .ConditionEvaluationDeltaLoggingListener : Condition evaluation unchanged
2025-08-25T12:29:15.630+05:30  INFO 12864 --- [Calender] [File Watcher] rtingClassPathChangeChangedEventListener : Restarting due to 1 class path change (0 additions, 0 deletions, 1 modification)
2025-08-25T12:29:15.633+05:30  INFO 12864 --- [Calender] [Thread-39] o.s.b.w.e.tomcat.GracefulShutdown        : Commencing graceful shutdown. Waiting for active requests to complete
2025-08-25T12:29:15.719+05:30  INFO 12864 --- [Calender] [tomcat-shutdown] o.s.b.w.e.tomcat.GracefulShutdown        : Graceful shutdown complete
2025-08-25T12:29:15.721+05:30  INFO 12864 --- [Calender] [Thread-39] j.LocalContainerEntityManagerFactoryBean : Closing JPA EntityManagerFactory for persistence unit 'default'
2025-08-25T12:29:15.721+05:30  INFO 12864 --- [Calender] [Thread-39] com.zaxxer.hikari.HikariDataSource       : HikariPool-10 - Shutdown initiated...
2025-08-25T12:29:15.723+05:30  INFO 12864 --- [Calender] [Thread-39] com.zaxxer.hikari.HikariDataSource       : HikariPool-10 - Shutdown completed.
2025-08-25T12:29:15.766+05:30  INFO 12864 --- [Calender] [restartedMain] com.lits.calender.CalenderApplication    : Starting CalenderApplication using Java 17.0.9 with PID 12864 (C:\Users\ADMIN\Documents\workspace-spring-tool-suite-4-4.21.0.RELEASE\Calender\target\classes started by ADMIN in C:\Users\ADMIN\Documents\workspace-spring-tool-suite-4-4.21.0.RELEASE\Calender)
2025-08-25T12:29:15.766+05:30  INFO 12864 --- [Calender] [restartedMain] com.lits.calender.CalenderApplication    : No active profile set, falling back to 1 default profile: "default"
2025-08-25T12:29:15.831+05:30  INFO 12864 --- [Calender] [restartedMain] .s.d.r.c.RepositoryConfigurationDelegate : Bootstrapping Spring Data JPA repositories in DEFAULT mode.
2025-08-25T12:29:15.835+05:30  INFO 12864 --- [Calender] [restartedMain] .s.d.r.c.RepositoryConfigurationDelegate : Finished Spring Data repository scanning in 3 ms. Found 1 JPA repository interface.
2025-08-25T12:29:15.871+05:30  INFO 12864 --- [Calender] [restartedMain] o.s.b.w.embedded.tomcat.TomcatWebServer  : Tomcat initialized with port 8081 (http)
2025-08-25T12:29:15.871+05:30  INFO 12864 --- [Calender] [restartedMain] o.apache.catalina.core.StandardService   : Starting service [Tomcat]
2025-08-25T12:29:15.871+05:30  INFO 12864 --- [Calender] [restartedMain] o.apache.catalina.core.StandardEngine    : Starting Servlet engine: [Apache Tomcat/10.1.44]
2025-08-25T12:29:15.881+05:30  INFO 12864 --- [Calender] [restartedMain] o.a.c.c.C.[Tomcat].[localhost].[/]       : Initializing Spring embedded WebApplicationContext
2025-08-25T12:29:15.881+05:30  INFO 12864 --- [Calender] [restartedMain] w.s.c.ServletWebServerApplicationContext : Root WebApplicationContext: initialization completed in 114 ms
2025-08-25T12:29:15.894+05:30  INFO 12864 --- [Calender] [restartedMain] o.hibernate.jpa.internal.util.LogHelper  : HHH000204: Processing PersistenceUnitInfo [name: default]
2025-08-25T12:29:15.896+05:30  INFO 12864 --- [Calender] [restartedMain] o.h.c.internal.RegionFactoryInitiator    : HHH000026: Second-level cache disabled
2025-08-25T12:29:15.899+05:30  INFO 12864 --- [Calender] [restartedMain] o.s.o.j.p.SpringPersistenceUnitInfo      : No LoadTimeWeaver setup: ignoring JPA class transformer
2025-08-25T12:29:15.899+05:30  INFO 12864 --- [Calender] [restartedMain] com.zaxxer.hikari.HikariDataSource       : HikariPool-11 - Starting...
2025-08-25T12:29:15.902+05:30  INFO 12864 --- [Calender] [restartedMain] com.zaxxer.hikari.pool.HikariPool        : HikariPool-11 - Added connection com.mysql.cj.jdbc.ConnectionImpl@1db29b26
2025-08-25T12:29:15.902+05:30  INFO 12864 --- [Calender] [restartedMain] com.zaxxer.hikari.HikariDataSource       : HikariPool-11 - Start completed.
2025-08-25T12:29:15.902+05:30  WARN 12864 --- [Calender] [restartedMain] org.hibernate.orm.deprecation            : HHH90000025: MySQL8Dialect does not need to be specified explicitly using 'hibernate.dialect' (remove the property setting and it will be selected by default)
2025-08-25T12:29:15.902+05:30  WARN 12864 --- [Calender] [restartedMain] org.hibernate.orm.deprecation            : HHH90000026: MySQL8Dialect has been deprecated; use org.hibernate.dialect.MySQLDialect instead
2025-08-25T12:29:15.902+05:30  INFO 12864 --- [Calender] [restartedMain] org.hibernate.orm.connections.pooling    : HHH10001005: Database info:
	Database JDBC URL [Connecting through datasource 'HikariDataSource (HikariPool-11)']
	Database driver: undefined/unknown
	Database version: 8.0
	Autocommit mode: undefined/unknown
	Isolation level: undefined/unknown
	Minimum pool size: undefined/unknown
	Maximum pool size: undefined/unknown
2025-08-25T12:29:15.920+05:30  INFO 12864 --- [Calender] [restartedMain] o.h.e.t.j.p.i.JtaPlatformInitiator       : HHH000489: No JTA platform available (set 'hibernate.transaction.jta.platform' to enable JTA platform integration)
2025-08-25T12:29:15.924+05:30  INFO 12864 --- [Calender] [restartedMain] j.LocalContainerEntityManagerFactoryBean : Initialized JPA EntityManagerFactory for persistence unit 'default'
2025-08-25T12:29:15.952+05:30  WARN 12864 --- [Calender] [restartedMain] JpaBaseConfiguration$JpaWebConfiguration : spring.jpa.open-in-view is enabled by default. Therefore, database queries may be performed during view rendering. Explicitly configure spring.jpa.open-in-view to disable this warning
2025-08-25T12:29:15.987+05:30  INFO 12864 --- [Calender] [restartedMain] o.s.b.d.a.OptionalLiveReloadServer       : LiveReload server is running on port 35729
2025-08-25T12:29:15.993+05:30  INFO 12864 --- [Calender] [restartedMain] o.s.b.w.embedded.tomcat.TomcatWebServer  : Tomcat started on port 8081 (http) with context path '/'
2025-08-25T12:29:15.996+05:30  INFO 12864 --- [Calender] [restartedMain] com.lits.calender.CalenderApplication    : Started CalenderApplication in 0.243 seconds (process running for 997.468)
2025-08-25T12:29:15.997+05:30  INFO 12864 --- [Calender] [restartedMain] .ConditionEvaluationDeltaLoggingListener : Condition evaluation unchanged
2025-08-25T12:29:30.023+05:30  INFO 12864 --- [Calender] [http-nio-0.0.0.0-8081-exec-2] o.a.c.c.C.[Tomcat].[localhost].[/]       : Initializing Spring DispatcherServlet 'dispatcherServlet'
2025-08-25T12:29:30.023+05:30  INFO 12864 --- [Calender] [http-nio-0.0.0.0-8081-exec-2] o.s.web.servlet.DispatcherServlet        : Initializing Servlet 'dispatcherServlet'
2025-08-25T12:29:30.025+05:30  INFO 12864 --- [Calender] [http-nio-0.0.0.0-8081-exec-2] o.s.web.servlet.DispatcherServlet        : Completed initialization in 2 ms
2025-08-25T12:29:30.033+05:30  WARN 12864 --- [Calender] [http-nio-0.0.0.0-8081-exec-2] .m.m.a.ExceptionHandlerExceptionResolver : Resolved [java.lang.IllegalArgumentException: Name for argument of type [int] not specified, and parameter name information not available via reflection. Ensure that the compiler uses the '-parameters' flag.]
2025-08-25T12:31:38.081+05:30  INFO 12864 --- [Calender] [File Watcher] rtingClassPathChangeChangedEventListener : Restarting due to 1 class path change (0 additions, 0 deletions, 1 modification)
2025-08-25T12:31:38.082+05:30  INFO 12864 --- [Calender] [Thread-43] o.s.b.w.e.tomcat.GracefulShutdown        : Commencing graceful shutdown. Waiting for active requests to complete
2025-08-25T12:31:38.166+05:30  INFO 12864 --- [Calender] [tomcat-shutdown] o.s.b.w.e.tomcat.GracefulShutdown        : Graceful shutdown complete
2025-08-25T12:31:38.167+05:30  INFO 12864 --- [Calender] [Thread-43] j.LocalContainerEntityManagerFactoryBean : Closing JPA EntityManagerFactory for persistence unit 'default'
2025-08-25T12:31:38.168+05:30  INFO 12864 --- [Calender] [Thread-43] com.zaxxer.hikari.HikariDataSource       : HikariPool-11 - Shutdown initiated...
2025-08-25T12:31:38.169+05:30  INFO 12864 --- [Calender] [Thread-43] com.zaxxer.hikari.HikariDataSource       : HikariPool-11 - Shutdown completed.
2025-08-25T12:31:38.216+05:30  INFO 12864 --- [Calender] [restartedMain] com.lits.calender.CalenderApplication    : Starting CalenderApplication using Java 17.0.9 with PID 12864 (C:\Users\ADMIN\Documents\workspace-spring-tool-suite-4-4.21.0.RELEASE\Calender\target\classes started by ADMIN in C:\Users\ADMIN\Documents\workspace-spring-tool-suite-4-4.21.0.RELEASE\Calender)
2025-08-25T12:31:38.216+05:30  INFO 12864 --- [Calender] [restartedMain] com.lits.calender.CalenderApplication    : No active profile set, falling back to 1 default profile: "default"
2025-08-25T12:31:38.285+05:30  INFO 12864 --- [Calender] [restartedMain] .s.d.r.c.RepositoryConfigurationDelegate : Bootstrapping Spring Data JPA repositories in DEFAULT mode.
2025-08-25T12:31:38.290+05:30  INFO 12864 --- [Calender] [restartedMain] .s.d.r.c.RepositoryConfigurationDelegate : Finished Spring Data repository scanning in 4 ms. Found 1 JPA repository interface.
2025-08-25T12:31:38.325+05:30  INFO 12864 --- [Calender] [restartedMain] o.s.b.w.embedded.tomcat.TomcatWebServer  : Tomcat initialized with port 8081 (http)
2025-08-25T12:31:38.326+05:30  INFO 12864 --- [Calender] [restartedMain] o.apache.catalina.core.StandardService   : Starting service [Tomcat]
2025-08-25T12:31:38.326+05:30  INFO 12864 --- [Calender] [restartedMain] o.apache.catalina.core.StandardEngine    : Starting Servlet engine: [Apache Tomcat/10.1.44]
2025-08-25T12:31:38.333+05:30  INFO 12864 --- [Calender] [restartedMain] o.a.c.c.C.[Tomcat].[localhost].[/]       : Initializing Spring embedded WebApplicationContext
2025-08-25T12:31:38.333+05:30  INFO 12864 --- [Calender] [restartedMain] w.s.c.ServletWebServerApplicationContext : Root WebApplicationContext: initialization completed in 116 ms
2025-08-25T12:31:38.347+05:30  INFO 12864 --- [Calender] [restartedMain] o.hibernate.jpa.internal.util.LogHelper  : HHH000204: Processing PersistenceUnitInfo [name: default]
2025-08-25T12:31:38.349+05:30  INFO 12864 --- [Calender] [restartedMain] o.h.c.internal.RegionFactoryInitiator    : HHH000026: Second-level cache disabled
2025-08-25T12:31:38.352+05:30  INFO 12864 --- [Calender] [restartedMain] o.s.o.j.p.SpringPersistenceUnitInfo      : No LoadTimeWeaver setup: ignoring JPA class transformer
2025-08-25T12:31:38.353+05:30  INFO 12864 --- [Calender] [restartedMain] com.zaxxer.hikari.HikariDataSource       : HikariPool-12 - Starting...
2025-08-25T12:31:38.356+05:30  INFO 12864 --- [Calender] [restartedMain] com.zaxxer.hikari.pool.HikariPool        : HikariPool-12 - Added connection com.mysql.cj.jdbc.ConnectionImpl@6eb34aad
2025-08-25T12:31:38.356+05:30  INFO 12864 --- [Calender] [restartedMain] com.zaxxer.hikari.HikariDataSource       : HikariPool-12 - Start completed.
2025-08-25T12:31:38.356+05:30  WARN 12864 --- [Calender] [restartedMain] org.hibernate.orm.deprecation            : HHH90000025: MySQL8Dialect does not need to be specified explicitly using 'hibernate.dialect' (remove the property setting and it will be selected by default)
2025-08-25T12:31:38.356+05:30  WARN 12864 --- [Calender] [restartedMain] org.hibernate.orm.deprecation            : HHH90000026: MySQL8Dialect has been deprecated; use org.hibernate.dialect.MySQLDialect instead
2025-08-25T12:31:38.357+05:30  INFO 12864 --- [Calender] [restartedMain] org.hibernate.orm.connections.pooling    : HHH10001005: Database info:
	Database JDBC URL [Connecting through datasource 'HikariDataSource (HikariPool-12)']
	Database driver: undefined/unknown
	Database version: 8.0
	Autocommit mode: undefined/unknown
	Isolation level: undefined/unknown
	Minimum pool size: undefined/unknown
	Maximum pool size: undefined/unknown
2025-08-25T12:31:38.377+05:30  INFO 12864 --- [Calender] [restartedMain] o.h.e.t.j.p.i.JtaPlatformInitiator       : HHH000489: No JTA platform available (set 'hibernate.transaction.jta.platform' to enable JTA platform integration)
2025-08-25T12:31:38.383+05:30  INFO 12864 --- [Calender] [restartedMain] j.LocalContainerEntityManagerFactoryBean : Initialized JPA EntityManagerFactory for persistence unit 'default'
2025-08-25T12:31:38.410+05:30  WARN 12864 --- [Calender] [restartedMain] JpaBaseConfiguration$JpaWebConfiguration : spring.jpa.open-in-view is enabled by default. Therefore, database queries may be performed during view rendering. Explicitly configure spring.jpa.open-in-view to disable this warning
2025-08-25T12:31:38.447+05:30  INFO 12864 --- [Calender] [restartedMain] o.s.b.d.a.OptionalLiveReloadServer       : LiveReload server is running on port 35729
2025-08-25T12:31:38.452+05:30  INFO 12864 --- [Calender] [restartedMain] o.s.b.w.embedded.tomcat.TomcatWebServer  : Tomcat started on port 8081 (http) with context path '/'
2025-08-25T12:31:38.455+05:30  INFO 12864 --- [Calender] [restartedMain] com.lits.calender.CalenderApplication    : Started CalenderApplication in 0.253 seconds (process running for 1139.927)
2025-08-25T12:31:38.456+05:30  INFO 12864 --- [Calender] [restartedMain] .ConditionEvaluationDeltaLoggingListener : Condition evaluation unchanged
2025-08-25T12:32:02.309+05:30  INFO 12864 --- [Calender] [File Watcher] rtingClassPathChangeChangedEventListener : Restarting due to 1 class path change (0 additions, 0 deletions, 1 modification)
2025-08-25T12:32:02.310+05:30  INFO 12864 --- [Calender] [Thread-47] o.s.b.w.e.tomcat.GracefulShutdown        : Commencing graceful shutdown. Waiting for active requests to complete
2025-08-25T12:32:02.396+05:30  INFO 12864 --- [Calender] [tomcat-shutdown] o.s.b.w.e.tomcat.GracefulShutdown        : Graceful shutdown complete
2025-08-25T12:32:02.397+05:30  INFO 12864 --- [Calender] [Thread-47] j.LocalContainerEntityManagerFactoryBean : Closing JPA EntityManagerFactory for persistence unit 'default'
2025-08-25T12:32:02.397+05:30  INFO 12864 --- [Calender] [Thread-47] com.zaxxer.hikari.HikariDataSource       : HikariPool-12 - Shutdown initiated...
2025-08-25T12:32:02.399+05:30  INFO 12864 --- [Calender] [Thread-47] com.zaxxer.hikari.HikariDataSource       : HikariPool-12 - Shutdown completed.
2025-08-25T12:32:02.442+05:30  INFO 12864 --- [Calender] [restartedMain] com.lits.calender.CalenderApplication    : Starting CalenderApplication using Java 17.0.9 with PID 12864 (C:\Users\ADMIN\Documents\workspace-spring-tool-suite-4-4.21.0.RELEASE\Calender\target\classes started by ADMIN in C:\Users\ADMIN\Documents\workspace-spring-tool-suite-4-4.21.0.RELEASE\Calender)
2025-08-25T12:32:02.443+05:30  INFO 12864 --- [Calender] [restartedMain] com.lits.calender.CalenderApplication    : No active profile set, falling back to 1 default profile: "default"
2025-08-25T12:32:02.511+05:30  INFO 12864 --- [Calender] [restartedMain] .s.d.r.c.RepositoryConfigurationDelegate : Bootstrapping Spring Data JPA repositories in DEFAULT mode.
2025-08-25T12:32:02.516+05:30  INFO 12864 --- [Calender] [restartedMain] .s.d.r.c.RepositoryConfigurationDelegate : Finished Spring Data repository scanning in 3 ms. Found 1 JPA repository interface.
2025-08-25T12:32:02.555+05:30  INFO 12864 --- [Calender] [restartedMain] o.s.b.w.embedded.tomcat.TomcatWebServer  : Tomcat initialized with port 8081 (http)
2025-08-25T12:32:02.556+05:30  INFO 12864 --- [Calender] [restartedMain] o.apache.catalina.core.StandardService   : Starting service [Tomcat]
2025-08-25T12:32:02.556+05:30  INFO 12864 --- [Calender] [restartedMain] o.apache.catalina.core.StandardEngine    : Starting Servlet engine: [Apache Tomcat/10.1.44]
2025-08-25T12:32:02.564+05:30  INFO 12864 --- [Calender] [restartedMain] o.a.c.c.C.[Tomcat].[localhost].[/]       : Initializing Spring embedded WebApplicationContext
2025-08-25T12:32:02.564+05:30  INFO 12864 --- [Calender] [restartedMain] w.s.c.ServletWebServerApplicationContext : Root WebApplicationContext: initialization completed in 121 ms
2025-08-25T12:32:02.582+05:30  INFO 12864 --- [Calender] [restartedMain] o.hibernate.jpa.internal.util.LogHelper  : HHH000204: Processing PersistenceUnitInfo [name: default]
2025-08-25T12:32:02.583+05:30  INFO 12864 --- [Calender] [restartedMain] o.h.c.internal.RegionFactoryInitiator    : HHH000026: Second-level cache disabled
2025-08-25T12:32:02.586+05:30  INFO 12864 --- [Calender] [restartedMain] o.s.o.j.p.SpringPersistenceUnitInfo      : No LoadTimeWeaver setup: ignoring JPA class transformer
2025-08-25T12:32:02.587+05:30  INFO 12864 --- [Calender] [restartedMain] com.zaxxer.hikari.HikariDataSource       : HikariPool-13 - Starting...
2025-08-25T12:32:02.589+05:30  INFO 12864 --- [Calender] [restartedMain] com.zaxxer.hikari.pool.HikariPool        : HikariPool-13 - Added connection com.mysql.cj.jdbc.ConnectionImpl@1a062100
2025-08-25T12:32:02.589+05:30  INFO 12864 --- [Calender] [restartedMain] com.zaxxer.hikari.HikariDataSource       : HikariPool-13 - Start completed.
2025-08-25T12:32:02.590+05:30  WARN 12864 --- [Calender] [restartedMain] org.hibernate.orm.deprecation            : HHH90000025: MySQL8Dialect does not need to be specified explicitly using 'hibernate.dialect' (remove the property setting and it will be selected by default)
2025-08-25T12:32:02.590+05:30  WARN 12864 --- [Calender] [restartedMain] org.hibernate.orm.deprecation            : HHH90000026: MySQL8Dialect has been deprecated; use org.hibernate.dialect.MySQLDialect instead
2025-08-25T12:32:02.590+05:30  INFO 12864 --- [Calender] [restartedMain] org.hibernate.orm.connections.pooling    : HHH10001005: Database info:
	Database JDBC URL [Connecting through datasource 'HikariDataSource (HikariPool-13)']
	Database driver: undefined/unknown
	Database version: 8.0
	Autocommit mode: undefined/unknown
	Isolation level: undefined/unknown
	Minimum pool size: undefined/unknown
	Maximum pool size: undefined/unknown
2025-08-25T12:32:02.605+05:30  INFO 12864 --- [Calender] [restartedMain] o.h.e.t.j.p.i.JtaPlatformInitiator       : HHH000489: No JTA platform available (set 'hibernate.transaction.jta.platform' to enable JTA platform integration)
2025-08-25T12:32:02.611+05:30  INFO 12864 --- [Calender] [restartedMain] j.LocalContainerEntityManagerFactoryBean : Initialized JPA EntityManagerFactory for persistence unit 'default'
2025-08-25T12:32:02.638+05:30  WARN 12864 --- [Calender] [restartedMain] JpaBaseConfiguration$JpaWebConfiguration : spring.jpa.open-in-view is enabled by default. Therefore, database queries may be performed during view rendering. Explicitly configure spring.jpa.open-in-view to disable this warning
2025-08-25T12:32:02.700+05:30  INFO 12864 --- [Calender] [restartedMain] o.s.b.d.a.OptionalLiveReloadServer       : LiveReload server is running on port 35729
2025-08-25T12:32:02.707+05:30  INFO 12864 --- [Calender] [restartedMain] o.s.b.w.embedded.tomcat.TomcatWebServer  : Tomcat started on port 8081 (http) with context path '/'
2025-08-25T12:32:02.710+05:30  INFO 12864 --- [Calender] [restartedMain] com.lits.calender.CalenderApplication    : Started CalenderApplication in 0.281 seconds (process running for 1164.183)
2025-08-25T12:32:02.711+05:30  INFO 12864 --- [Calender] [restartedMain] .ConditionEvaluationDeltaLoggingListener : Condition evaluation unchanged
2025-08-25T12:32:33.069+05:30  INFO 12864 --- [Calender] [http-nio-0.0.0.0-8081-exec-2] o.a.c.c.C.[Tomcat].[localhost].[/]       : Initializing Spring DispatcherServlet 'dispatcherServlet'
2025-08-25T12:32:33.069+05:30  INFO 12864 --- [Calender] [http-nio-0.0.0.0-8081-exec-2] o.s.web.servlet.DispatcherServlet        : Initializing Servlet 'dispatcherServlet'
2025-08-25T12:32:33.070+05:30  INFO 12864 --- [Calender] [http-nio-0.0.0.0-8081-exec-2] o.s.web.servlet.DispatcherServlet        : Completed initialization in 1 ms
2025-08-25T12:38:04.839+05:30  INFO 12864 --- [Calender] [File Watcher] rtingClassPathChangeChangedEventListener : Restarting due to 1 class path change (0 additions, 0 deletions, 1 modification)
2025-08-25T12:38:04.841+05:30  INFO 12864 --- [Calender] [Thread-51] o.s.b.w.e.tomcat.GracefulShutdown        : Commencing graceful shutdown. Waiting for active requests to complete
2025-08-25T12:38:04.926+05:30  INFO 12864 --- [Calender] [tomcat-shutdown] o.s.b.w.e.tomcat.GracefulShutdown        : Graceful shutdown complete
2025-08-25T12:38:04.928+05:30  INFO 12864 --- [Calender] [Thread-51] j.LocalContainerEntityManagerFactoryBean : Closing JPA EntityManagerFactory for persistence unit 'default'
2025-08-25T12:38:04.928+05:30  INFO 12864 --- [Calender] [Thread-51] com.zaxxer.hikari.HikariDataSource       : HikariPool-13 - Shutdown initiated...
2025-08-25T12:38:04.930+05:30  INFO 12864 --- [Calender] [Thread-51] com.zaxxer.hikari.HikariDataSource       : HikariPool-13 - Shutdown completed.
2025-08-25T12:38:04.974+05:30  INFO 12864 --- [Calender] [restartedMain] com.lits.calender.CalenderApplication    : Starting CalenderApplication using Java 17.0.9 with PID 12864 (C:\Users\ADMIN\Documents\workspace-spring-tool-suite-4-4.21.0.RELEASE\Calender\target\classes started by ADMIN in C:\Users\ADMIN\Documents\workspace-spring-tool-suite-4-4.21.0.RELEASE\Calender)
2025-08-25T12:38:04.974+05:30  INFO 12864 --- [Calender] [restartedMain] com.lits.calender.CalenderApplication    : No active profile set, falling back to 1 default profile: "default"
2025-08-25T12:38:05.039+05:30  INFO 12864 --- [Calender] [restartedMain] .s.d.r.c.RepositoryConfigurationDelegate : Bootstrapping Spring Data JPA repositories in DEFAULT mode.
2025-08-25T12:38:05.044+05:30  INFO 12864 --- [Calender] [restartedMain] .s.d.r.c.RepositoryConfigurationDelegate : Finished Spring Data repository scanning in 3 ms. Found 1 JPA repository interface.
2025-08-25T12:38:05.077+05:30  INFO 12864 --- [Calender] [restartedMain] o.s.b.w.embedded.tomcat.TomcatWebServer  : Tomcat initialized with port 8081 (http)
2025-08-25T12:38:05.077+05:30  INFO 12864 --- [Calender] [restartedMain] o.apache.catalina.core.StandardService   : Starting service [Tomcat]
2025-08-25T12:38:05.077+05:30  INFO 12864 --- [Calender] [restartedMain] o.apache.catalina.core.StandardEngine    : Starting Servlet engine: [Apache Tomcat/10.1.44]
2025-08-25T12:38:05.085+05:30  INFO 12864 --- [Calender] [restartedMain] o.a.c.c.C.[Tomcat].[localhost].[/]       : Initializing Spring embedded WebApplicationContext
2025-08-25T12:38:05.085+05:30  INFO 12864 --- [Calender] [restartedMain] w.s.c.ServletWebServerApplicationContext : Root WebApplicationContext: initialization completed in 110 ms
2025-08-25T12:38:05.099+05:30  INFO 12864 --- [Calender] [restartedMain] o.hibernate.jpa.internal.util.LogHelper  : HHH000204: Processing PersistenceUnitInfo [name: default]
2025-08-25T12:38:05.100+05:30  INFO 12864 --- [Calender] [restartedMain] o.h.c.internal.RegionFactoryInitiator    : HHH000026: Second-level cache disabled
2025-08-25T12:38:05.103+05:30  INFO 12864 --- [Calender] [restartedMain] o.s.o.j.p.SpringPersistenceUnitInfo      : No LoadTimeWeaver setup: ignoring JPA class transformer
2025-08-25T12:38:05.104+05:30  INFO 12864 --- [Calender] [restartedMain] com.zaxxer.hikari.HikariDataSource       : HikariPool-14 - Starting...
2025-08-25T12:38:05.106+05:30  INFO 12864 --- [Calender] [restartedMain] com.zaxxer.hikari.pool.HikariPool        : HikariPool-14 - Added connection com.mysql.cj.jdbc.ConnectionImpl@2f1244fc
2025-08-25T12:38:05.107+05:30  INFO 12864 --- [Calender] [restartedMain] com.zaxxer.hikari.HikariDataSource       : HikariPool-14 - Start completed.
2025-08-25T12:38:05.107+05:30  WARN 12864 --- [Calender] [restartedMain] org.hibernate.orm.deprecation            : HHH90000025: MySQL8Dialect does not need to be specified explicitly using 'hibernate.dialect' (remove the property setting and it will be selected by default)
2025-08-25T12:38:05.107+05:30  WARN 12864 --- [Calender] [restartedMain] org.hibernate.orm.deprecation            : HHH90000026: MySQL8Dialect has been deprecated; use org.hibernate.dialect.MySQLDialect instead
2025-08-25T12:38:05.107+05:30  INFO 12864 --- [Calender] [restartedMain] org.hibernate.orm.connections.pooling    : HHH10001005: Database info:
	Database JDBC URL [Connecting through datasource 'HikariDataSource (HikariPool-14)']
	Database driver: undefined/unknown
	Database version: 8.0
	Autocommit mode: undefined/unknown
	Isolation level: undefined/unknown
	Minimum pool size: undefined/unknown
	Maximum pool size: undefined/unknown
2025-08-25T12:38:05.125+05:30  INFO 12864 --- [Calender] [restartedMain] o.h.e.t.j.p.i.JtaPlatformInitiator       : HHH000489: No JTA platform available (set 'hibernate.transaction.jta.platform' to enable JTA platform integration)
2025-08-25T12:38:05.130+05:30  INFO 12864 --- [Calender] [restartedMain] j.LocalContainerEntityManagerFactoryBean : Initialized JPA EntityManagerFactory for persistence unit 'default'
2025-08-25T12:38:05.161+05:30  WARN 12864 --- [Calender] [restartedMain] JpaBaseConfiguration$JpaWebConfiguration : spring.jpa.open-in-view is enabled by default. Therefore, database queries may be performed during view rendering. Explicitly configure spring.jpa.open-in-view to disable this warning
2025-08-25T12:38:05.197+05:30  INFO 12864 --- [Calender] [restartedMain] o.s.b.d.a.OptionalLiveReloadServer       : LiveReload server is running on port 35729
2025-08-25T12:38:05.203+05:30  INFO 12864 --- [Calender] [restartedMain] o.s.b.w.embedded.tomcat.TomcatWebServer  : Tomcat started on port 8081 (http) with context path '/'
2025-08-25T12:38:05.206+05:30  INFO 12864 --- [Calender] [restartedMain] com.lits.calender.CalenderApplication    : Started CalenderApplication in 0.244 seconds (process running for 1526.678)
2025-08-25T12:38:05.206+05:30  INFO 12864 --- [Calender] [restartedMain] .ConditionEvaluationDeltaLoggingListener : Condition evaluation unchanged
2025-08-25T12:38:45.321+05:30  INFO 12864 --- [Calender] [File Watcher] rtingClassPathChangeChangedEventListener : Restarting due to 1 class path change (0 additions, 0 deletions, 1 modification)
2025-08-25T12:38:45.324+05:30  INFO 12864 --- [Calender] [Thread-55] o.s.b.w.e.tomcat.GracefulShutdown        : Commencing graceful shutdown. Waiting for active requests to complete
2025-08-25T12:38:45.413+05:30  INFO 12864 --- [Calender] [tomcat-shutdown] o.s.b.w.e.tomcat.GracefulShutdown        : Graceful shutdown complete
2025-08-25T12:38:45.414+05:30  INFO 12864 --- [Calender] [Thread-55] j.LocalContainerEntityManagerFactoryBean : Closing JPA EntityManagerFactory for persistence unit 'default'
2025-08-25T12:38:45.414+05:30  INFO 12864 --- [Calender] [Thread-55] com.zaxxer.hikari.HikariDataSource       : HikariPool-14 - Shutdown initiated...
2025-08-25T12:38:45.416+05:30  INFO 12864 --- [Calender] [Thread-55] com.zaxxer.hikari.HikariDataSource       : HikariPool-14 - Shutdown completed.
2025-08-25T12:38:45.459+05:30  INFO 12864 --- [Calender] [restartedMain] com.lits.calender.CalenderApplication    : Starting CalenderApplication using Java 17.0.9 with PID 12864 (C:\Users\ADMIN\Documents\workspace-spring-tool-suite-4-4.21.0.RELEASE\Calender\target\classes started by ADMIN in C:\Users\ADMIN\Documents\workspace-spring-tool-suite-4-4.21.0.RELEASE\Calender)
2025-08-25T12:38:45.459+05:30  INFO 12864 --- [Calender] [restartedMain] com.lits.calender.CalenderApplication    : No active profile set, falling back to 1 default profile: "default"
2025-08-25T12:38:45.533+05:30  INFO 12864 --- [Calender] [restartedMain] .s.d.r.c.RepositoryConfigurationDelegate : Bootstrapping Spring Data JPA repositories in DEFAULT mode.
2025-08-25T12:38:45.539+05:30  INFO 12864 --- [Calender] [restartedMain] .s.d.r.c.RepositoryConfigurationDelegate : Finished Spring Data repository scanning in 5 ms. Found 1 JPA repository interface.
2025-08-25T12:38:45.574+05:30  INFO 12864 --- [Calender] [restartedMain] o.s.b.w.embedded.tomcat.TomcatWebServer  : Tomcat initialized with port 8081 (http)
2025-08-25T12:38:45.574+05:30  INFO 12864 --- [Calender] [restartedMain] o.apache.catalina.core.StandardService   : Starting service [Tomcat]
2025-08-25T12:38:45.574+05:30  INFO 12864 --- [Calender] [restartedMain] o.apache.catalina.core.StandardEngine    : Starting Servlet engine: [Apache Tomcat/10.1.44]
2025-08-25T12:38:45.582+05:30  INFO 12864 --- [Calender] [restartedMain] o.a.c.c.C.[Tomcat].[localhost].[/]       : Initializing Spring embedded WebApplicationContext
2025-08-25T12:38:45.582+05:30  INFO 12864 --- [Calender] [restartedMain] w.s.c.ServletWebServerApplicationContext : Root WebApplicationContext: initialization completed in 122 ms
2025-08-25T12:38:45.595+05:30  INFO 12864 --- [Calender] [restartedMain] o.hibernate.jpa.internal.util.LogHelper  : HHH000204: Processing PersistenceUnitInfo [name: default]
2025-08-25T12:38:45.596+05:30  INFO 12864 --- [Calender] [restartedMain] o.h.c.internal.RegionFactoryInitiator    : HHH000026: Second-level cache disabled
2025-08-25T12:38:45.600+05:30  INFO 12864 --- [Calender] [restartedMain] o.s.o.j.p.SpringPersistenceUnitInfo      : No LoadTimeWeaver setup: ignoring JPA class transformer
2025-08-25T12:38:45.600+05:30  INFO 12864 --- [Calender] [restartedMain] com.zaxxer.hikari.HikariDataSource       : HikariPool-15 - Starting...
2025-08-25T12:38:45.603+05:30  INFO 12864 --- [Calender] [restartedMain] com.zaxxer.hikari.pool.HikariPool        : HikariPool-15 - Added connection com.mysql.cj.jdbc.ConnectionImpl@6a2ef5e2
2025-08-25T12:38:45.603+05:30  INFO 12864 --- [Calender] [restartedMain] com.zaxxer.hikari.HikariDataSource       : HikariPool-15 - Start completed.
2025-08-25T12:38:45.603+05:30  WARN 12864 --- [Calender] [restartedMain] org.hibernate.orm.deprecation            : HHH90000025: MySQL8Dialect does not need to be specified explicitly using 'hibernate.dialect' (remove the property setting and it will be selected by default)
2025-08-25T12:38:45.603+05:30  WARN 12864 --- [Calender] [restartedMain] org.hibernate.orm.deprecation            : HHH90000026: MySQL8Dialect has been deprecated; use org.hibernate.dialect.MySQLDialect instead
2025-08-25T12:38:45.603+05:30  INFO 12864 --- [Calender] [restartedMain] org.hibernate.orm.connections.pooling    : HHH10001005: Database info:
	Database JDBC URL [Connecting through datasource 'HikariDataSource (HikariPool-15)']
	Database driver: undefined/unknown
	Database version: 8.0
	Autocommit mode: undefined/unknown
	Isolation level: undefined/unknown
	Minimum pool size: undefined/unknown
	Maximum pool size: undefined/unknown
2025-08-25T12:38:45.619+05:30  INFO 12864 --- [Calender] [restartedMain] o.h.e.t.j.p.i.JtaPlatformInitiator       : HHH000489: No JTA platform available (set 'hibernate.transaction.jta.platform' to enable JTA platform integration)
2025-08-25T12:38:45.623+05:30  INFO 12864 --- [Calender] [restartedMain] j.LocalContainerEntityManagerFactoryBean : Initialized JPA EntityManagerFactory for persistence unit 'default'
2025-08-25T12:38:45.650+05:30  WARN 12864 --- [Calender] [restartedMain] JpaBaseConfiguration$JpaWebConfiguration : spring.jpa.open-in-view is enabled by default. Therefore, database queries may be performed during view rendering. Explicitly configure spring.jpa.open-in-view to disable this warning
2025-08-25T12:38:45.684+05:30  INFO 12864 --- [Calender] [restartedMain] o.s.b.d.a.OptionalLiveReloadServer       : LiveReload server is running on port 35729
2025-08-25T12:38:45.689+05:30  INFO 12864 --- [Calender] [restartedMain] o.s.b.w.embedded.tomcat.TomcatWebServer  : Tomcat started on port 8081 (http) with context path '/'
2025-08-25T12:38:45.692+05:30  INFO 12864 --- [Calender] [restartedMain] com.lits.calender.CalenderApplication    : Started CalenderApplication in 0.245 seconds (process running for 1567.165)
2025-08-25T12:38:45.693+05:30  INFO 12864 --- [Calender] [restartedMain] .ConditionEvaluationDeltaLoggingListener : Condition evaluation unchanged
2025-08-25T12:40:18.842+05:30  INFO 12864 --- [Calender] [File Watcher] rtingClassPathChangeChangedEventListener : Restarting due to 1 class path change (0 additions, 0 deletions, 1 modification)
2025-08-25T12:40:18.843+05:30  INFO 12864 --- [Calender] [Thread-59] o.s.b.w.e.tomcat.GracefulShutdown        : Commencing graceful shutdown. Waiting for active requests to complete
2025-08-25T12:40:18.928+05:30  INFO 12864 --- [Calender] [tomcat-shutdown] o.s.b.w.e.tomcat.GracefulShutdown        : Graceful shutdown complete
2025-08-25T12:40:18.930+05:30  INFO 12864 --- [Calender] [Thread-59] j.LocalContainerEntityManagerFactoryBean : Closing JPA EntityManagerFactory for persistence unit 'default'
2025-08-25T12:40:18.930+05:30  INFO 12864 --- [Calender] [Thread-59] com.zaxxer.hikari.HikariDataSource       : HikariPool-15 - Shutdown initiated...
2025-08-25T12:40:18.932+05:30  INFO 12864 --- [Calender] [Thread-59] com.zaxxer.hikari.HikariDataSource       : HikariPool-15 - Shutdown completed.
2025-08-25T12:40:18.975+05:30  INFO 12864 --- [Calender] [restartedMain] com.lits.calender.CalenderApplication    : Starting CalenderApplication using Java 17.0.9 with PID 12864 (C:\Users\ADMIN\Documents\workspace-spring-tool-suite-4-4.21.0.RELEASE\Calender\target\classes started by ADMIN in C:\Users\ADMIN\Documents\workspace-spring-tool-suite-4-4.21.0.RELEASE\Calender)
2025-08-25T12:40:18.975+05:30  INFO 12864 --- [Calender] [restartedMain] com.lits.calender.CalenderApplication    : No active profile set, falling back to 1 default profile: "default"
2025-08-25T12:40:19.055+05:30  INFO 12864 --- [Calender] [restartedMain] .s.d.r.c.RepositoryConfigurationDelegate : Bootstrapping Spring Data JPA repositories in DEFAULT mode.
2025-08-25T12:40:19.061+05:30  INFO 12864 --- [Calender] [restartedMain] .s.d.r.c.RepositoryConfigurationDelegate : Finished Spring Data repository scanning in 4 ms. Found 1 JPA repository interface.
2025-08-25T12:40:19.112+05:30  INFO 12864 --- [Calender] [restartedMain] o.s.b.w.embedded.tomcat.TomcatWebServer  : Tomcat initialized with port 8081 (http)
2025-08-25T12:40:19.113+05:30  INFO 12864 --- [Calender] [restartedMain] o.apache.catalina.core.StandardService   : Starting service [Tomcat]
2025-08-25T12:40:19.113+05:30  INFO 12864 --- [Calender] [restartedMain] o.apache.catalina.core.StandardEngine    : Starting Servlet engine: [Apache Tomcat/10.1.44]
2025-08-25T12:40:19.121+05:30  INFO 12864 --- [Calender] [restartedMain] o.a.c.c.C.[Tomcat].[localhost].[/]       : Initializing Spring embedded WebApplicationContext
2025-08-25T12:40:19.121+05:30  INFO 12864 --- [Calender] [restartedMain] w.s.c.ServletWebServerApplicationContext : Root WebApplicationContext: initialization completed in 145 ms
2025-08-25T12:40:19.140+05:30  INFO 12864 --- [Calender] [restartedMain] o.hibernate.jpa.internal.util.LogHelper  : HHH000204: Processing PersistenceUnitInfo [name: default]
2025-08-25T12:40:19.142+05:30  INFO 12864 --- [Calender] [restartedMain] o.h.c.internal.RegionFactoryInitiator    : HHH000026: Second-level cache disabled
2025-08-25T12:40:19.146+05:30  INFO 12864 --- [Calender] [restartedMain] o.s.o.j.p.SpringPersistenceUnitInfo      : No LoadTimeWeaver setup: ignoring JPA class transformer
2025-08-25T12:40:19.146+05:30  INFO 12864 --- [Calender] [restartedMain] com.zaxxer.hikari.HikariDataSource       : HikariPool-16 - Starting...
2025-08-25T12:40:19.149+05:30  INFO 12864 --- [Calender] [restartedMain] com.zaxxer.hikari.pool.HikariPool        : HikariPool-16 - Added connection com.mysql.cj.jdbc.ConnectionImpl@4ce98057
2025-08-25T12:40:19.149+05:30  INFO 12864 --- [Calender] [restartedMain] com.zaxxer.hikari.HikariDataSource       : HikariPool-16 - Start completed.
2025-08-25T12:40:19.149+05:30  WARN 12864 --- [Calender] [restartedMain] org.hibernate.orm.deprecation            : HHH90000025: MySQL8Dialect does not need to be specified explicitly using 'hibernate.dialect' (remove the property setting and it will be selected by default)
2025-08-25T12:40:19.149+05:30  WARN 12864 --- [Calender] [restartedMain] org.hibernate.orm.deprecation            : HHH90000026: MySQL8Dialect has been deprecated; use org.hibernate.dialect.MySQLDialect instead
2025-08-25T12:40:19.149+05:30  INFO 12864 --- [Calender] [restartedMain] org.hibernate.orm.connections.pooling    : HHH10001005: Database info:
	Database JDBC URL [Connecting through datasource 'HikariDataSource (HikariPool-16)']
	Database driver: undefined/unknown
	Database version: 8.0
	Autocommit mode: undefined/unknown
	Isolation level: undefined/unknown
	Minimum pool size: undefined/unknown
	Maximum pool size: undefined/unknown
2025-08-25T12:40:19.174+05:30  INFO 12864 --- [Calender] [restartedMain] o.h.e.t.j.p.i.JtaPlatformInitiator       : HHH000489: No JTA platform available (set 'hibernate.transaction.jta.platform' to enable JTA platform integration)
2025-08-25T12:40:19.178+05:30  INFO 12864 --- [Calender] [restartedMain] j.LocalContainerEntityManagerFactoryBean : Initialized JPA EntityManagerFactory for persistence unit 'default'
2025-08-25T12:40:19.208+05:30  WARN 12864 --- [Calender] [restartedMain] JpaBaseConfiguration$JpaWebConfiguration : spring.jpa.open-in-view is enabled by default. Therefore, database queries may be performed during view rendering. Explicitly configure spring.jpa.open-in-view to disable this warning
2025-08-25T12:40:19.256+05:30  INFO 12864 --- [Calender] [restartedMain] o.s.b.d.a.OptionalLiveReloadServer       : LiveReload server is running on port 35729
2025-08-25T12:40:19.262+05:30  INFO 12864 --- [Calender] [restartedMain] o.s.b.w.embedded.tomcat.TomcatWebServer  : Tomcat started on port 8081 (http) with context path '/'
2025-08-25T12:40:19.265+05:30  INFO 12864 --- [Calender] [restartedMain] com.lits.calender.CalenderApplication    : Started CalenderApplication in 0.303 seconds (process running for 1660.738)
2025-08-25T12:40:19.266+05:30  INFO 12864 --- [Calender] [restartedMain] .ConditionEvaluationDeltaLoggingListener : Condition evaluation unchanged
2025-08-25T12:42:37.192+05:30  INFO 12864 --- [Calender] [File Watcher] rtingClassPathChangeChangedEventListener : Restarting due to 1 class path change (1 addition, 0 deletions, 0 modifications)
2025-08-25T12:42:37.195+05:30  INFO 12864 --- [Calender] [Thread-63] o.s.b.w.e.tomcat.GracefulShutdown        : Commencing graceful shutdown. Waiting for active requests to complete
2025-08-25T12:42:37.289+05:30  INFO 12864 --- [Calender] [tomcat-shutdown] o.s.b.w.e.tomcat.GracefulShutdown        : Graceful shutdown complete
2025-08-25T12:42:37.290+05:30  INFO 12864 --- [Calender] [Thread-63] j.LocalContainerEntityManagerFactoryBean : Closing JPA EntityManagerFactory for persistence unit 'default'
2025-08-25T12:42:37.291+05:30  INFO 12864 --- [Calender] [Thread-63] com.zaxxer.hikari.HikariDataSource       : HikariPool-16 - Shutdown initiated...
2025-08-25T12:42:37.292+05:30  INFO 12864 --- [Calender] [Thread-63] com.zaxxer.hikari.HikariDataSource       : HikariPool-16 - Shutdown completed.
2025-08-25T12:42:37.338+05:30  INFO 12864 --- [Calender] [restartedMain] com.lits.calender.CalenderApplication    : Starting CalenderApplication using Java 17.0.9 with PID 12864 (C:\Users\ADMIN\Documents\workspace-spring-tool-suite-4-4.21.0.RELEASE\Calender\target\classes started by ADMIN in C:\Users\ADMIN\Documents\workspace-spring-tool-suite-4-4.21.0.RELEASE\Calender)
2025-08-25T12:42:37.339+05:30  INFO 12864 --- [Calender] [restartedMain] com.lits.calender.CalenderApplication    : No active profile set, falling back to 1 default profile: "default"
2025-08-25T12:42:37.405+05:30  INFO 12864 --- [Calender] [restartedMain] .s.d.r.c.RepositoryConfigurationDelegate : Bootstrapping Spring Data JPA repositories in DEFAULT mode.
2025-08-25T12:42:37.410+05:30  INFO 12864 --- [Calender] [restartedMain] .s.d.r.c.RepositoryConfigurationDelegate : Finished Spring Data repository scanning in 4 ms. Found 1 JPA repository interface.
2025-08-25T12:42:37.453+05:30  INFO 12864 --- [Calender] [restartedMain] o.s.b.w.embedded.tomcat.TomcatWebServer  : Tomcat initialized with port 8081 (http)
2025-08-25T12:42:37.453+05:30  INFO 12864 --- [Calender] [restartedMain] o.apache.catalina.core.StandardService   : Starting service [Tomcat]
2025-08-25T12:42:37.454+05:30  INFO 12864 --- [Calender] [restartedMain] o.apache.catalina.core.StandardEngine    : Starting Servlet engine: [Apache Tomcat/10.1.44]
2025-08-25T12:42:37.461+05:30  INFO 12864 --- [Calender] [restartedMain] o.a.c.c.C.[Tomcat].[localhost].[/]       : Initializing Spring embedded WebApplicationContext
2025-08-25T12:42:37.461+05:30  INFO 12864 --- [Calender] [restartedMain] w.s.c.ServletWebServerApplicationContext : Root WebApplicationContext: initialization completed in 122 ms
2025-08-25T12:42:37.476+05:30  INFO 12864 --- [Calender] [restartedMain] o.hibernate.jpa.internal.util.LogHelper  : HHH000204: Processing PersistenceUnitInfo [name: default]
2025-08-25T12:42:37.477+05:30  INFO 12864 --- [Calender] [restartedMain] o.h.c.internal.RegionFactoryInitiator    : HHH000026: Second-level cache disabled
2025-08-25T12:42:37.480+05:30  INFO 12864 --- [Calender] [restartedMain] o.s.o.j.p.SpringPersistenceUnitInfo      : No LoadTimeWeaver setup: ignoring JPA class transformer
2025-08-25T12:42:37.481+05:30  INFO 12864 --- [Calender] [restartedMain] com.zaxxer.hikari.HikariDataSource       : HikariPool-17 - Starting...
2025-08-25T12:42:37.484+05:30  INFO 12864 --- [Calender] [restartedMain] com.zaxxer.hikari.pool.HikariPool        : HikariPool-17 - Added connection com.mysql.cj.jdbc.ConnectionImpl@36af6d5a
2025-08-25T12:42:37.484+05:30  INFO 12864 --- [Calender] [restartedMain] com.zaxxer.hikari.HikariDataSource       : HikariPool-17 - Start completed.
2025-08-25T12:42:37.484+05:30  WARN 12864 --- [Calender] [restartedMain] org.hibernate.orm.deprecation            : HHH90000025: MySQL8Dialect does not need to be specified explicitly using 'hibernate.dialect' (remove the property setting and it will be selected by default)
2025-08-25T12:42:37.484+05:30  WARN 12864 --- [Calender] [restartedMain] org.hibernate.orm.deprecation            : HHH90000026: MySQL8Dialect has been deprecated; use org.hibernate.dialect.MySQLDialect instead
2025-08-25T12:42:37.484+05:30  INFO 12864 --- [Calender] [restartedMain] org.hibernate.orm.connections.pooling    : HHH10001005: Database info:
	Database JDBC URL [Connecting through datasource 'HikariDataSource (HikariPool-17)']
	Database driver: undefined/unknown
	Database version: 8.0
	Autocommit mode: undefined/unknown
	Isolation level: undefined/unknown
	Minimum pool size: undefined/unknown
	Maximum pool size: undefined/unknown
2025-08-25T12:42:37.497+05:30  INFO 12864 --- [Calender] [restartedMain] o.h.e.t.j.p.i.JtaPlatformInitiator       : HHH000489: No JTA platform available (set 'hibernate.transaction.jta.platform' to enable JTA platform integration)
2025-08-25T12:42:37.502+05:30  INFO 12864 --- [Calender] [restartedMain] j.LocalContainerEntityManagerFactoryBean : Initialized JPA EntityManagerFactory for persistence unit 'default'
2025-08-25T12:42:37.527+05:30  WARN 12864 --- [Calender] [restartedMain] JpaBaseConfiguration$JpaWebConfiguration : spring.jpa.open-in-view is enabled by default. Therefore, database queries may be performed during view rendering. Explicitly configure spring.jpa.open-in-view to disable this warning
2025-08-25T12:42:37.563+05:30  INFO 12864 --- [Calender] [restartedMain] o.s.b.d.a.OptionalLiveReloadServer       : LiveReload server is running on port 35729
2025-08-25T12:42:37.568+05:30  INFO 12864 --- [Calender] [restartedMain] o.s.b.w.embedded.tomcat.TomcatWebServer  : Tomcat started on port 8081 (http) with context path '/'
2025-08-25T12:42:37.571+05:30  INFO 12864 --- [Calender] [restartedMain] com.lits.calender.CalenderApplication    : Started CalenderApplication in 0.244 seconds (process running for 1799.044)
2025-08-25T12:42:37.572+05:30  INFO 12864 --- [Calender] [restartedMain] .ConditionEvaluationDeltaLoggingListener : Condition evaluation unchanged
2025-08-25T12:42:55.248+05:30  INFO 12864 --- [Calender] [File Watcher] rtingClassPathChangeChangedEventListener : Restarting due to 1 class path change (0 additions, 0 deletions, 1 modification)
2025-08-25T12:42:55.250+05:30  INFO 12864 --- [Calender] [Thread-67] o.s.b.w.e.tomcat.GracefulShutdown        : Commencing graceful shutdown. Waiting for active requests to complete
2025-08-25T12:42:55.341+05:30  INFO 12864 --- [Calender] [tomcat-shutdown] o.s.b.w.e.tomcat.GracefulShutdown        : Graceful shutdown complete
2025-08-25T12:42:55.342+05:30  INFO 12864 --- [Calender] [Thread-67] j.LocalContainerEntityManagerFactoryBean : Closing JPA EntityManagerFactory for persistence unit 'default'
2025-08-25T12:42:55.343+05:30  INFO 12864 --- [Calender] [Thread-67] com.zaxxer.hikari.HikariDataSource       : HikariPool-17 - Shutdown initiated...
2025-08-25T12:42:55.345+05:30  INFO 12864 --- [Calender] [Thread-67] com.zaxxer.hikari.HikariDataSource       : HikariPool-17 - Shutdown completed.
2025-08-25T12:42:55.390+05:30  INFO 12864 --- [Calender] [restartedMain] com.lits.calender.CalenderApplication    : Starting CalenderApplication using Java 17.0.9 with PID 12864 (C:\Users\ADMIN\Documents\workspace-spring-tool-suite-4-4.21.0.RELEASE\Calender\target\classes started by ADMIN in C:\Users\ADMIN\Documents\workspace-spring-tool-suite-4-4.21.0.RELEASE\Calender)
2025-08-25T12:42:55.390+05:30  INFO 12864 --- [Calender] [restartedMain] com.lits.calender.CalenderApplication    : No active profile set, falling back to 1 default profile: "default"
2025-08-25T12:42:55.454+05:30  INFO 12864 --- [Calender] [restartedMain] .s.d.r.c.RepositoryConfigurationDelegate : Bootstrapping Spring Data JPA repositories in DEFAULT mode.
2025-08-25T12:42:55.460+05:30  INFO 12864 --- [Calender] [restartedMain] .s.d.r.c.RepositoryConfigurationDelegate : Finished Spring Data repository scanning in 4 ms. Found 1 JPA repository interface.
2025-08-25T12:42:55.501+05:30  INFO 12864 --- [Calender] [restartedMain] o.s.b.w.embedded.tomcat.TomcatWebServer  : Tomcat initialized with port 8081 (http)
2025-08-25T12:42:55.501+05:30  INFO 12864 --- [Calender] [restartedMain] o.apache.catalina.core.StandardService   : Starting service [Tomcat]
2025-08-25T12:42:55.501+05:30  INFO 12864 --- [Calender] [restartedMain] o.apache.catalina.core.StandardEngine    : Starting Servlet engine: [Apache Tomcat/10.1.44]
2025-08-25T12:42:55.511+05:30  INFO 12864 --- [Calender] [restartedMain] o.a.c.c.C.[Tomcat].[localhost].[/]       : Initializing Spring embedded WebApplicationContext
2025-08-25T12:42:55.511+05:30  INFO 12864 --- [Calender] [restartedMain] w.s.c.ServletWebServerApplicationContext : Root WebApplicationContext: initialization completed in 120 ms
2025-08-25T12:42:55.527+05:30  INFO 12864 --- [Calender] [restartedMain] o.hibernate.jpa.internal.util.LogHelper  : HHH000204: Processing PersistenceUnitInfo [name: default]
2025-08-25T12:42:55.528+05:30  INFO 12864 --- [Calender] [restartedMain] o.h.c.internal.RegionFactoryInitiator    : HHH000026: Second-level cache disabled
2025-08-25T12:42:55.531+05:30  INFO 12864 --- [Calender] [restartedMain] o.s.o.j.p.SpringPersistenceUnitInfo      : No LoadTimeWeaver setup: ignoring JPA class transformer
2025-08-25T12:42:55.532+05:30  INFO 12864 --- [Calender] [restartedMain] com.zaxxer.hikari.HikariDataSource       : HikariPool-18 - Starting...
2025-08-25T12:42:55.534+05:30  INFO 12864 --- [Calender] [restartedMain] com.zaxxer.hikari.pool.HikariPool        : HikariPool-18 - Added connection com.mysql.cj.jdbc.ConnectionImpl@20289e82
2025-08-25T12:42:55.534+05:30  INFO 12864 --- [Calender] [restartedMain] com.zaxxer.hikari.HikariDataSource       : HikariPool-18 - Start completed.
2025-08-25T12:42:55.534+05:30  WARN 12864 --- [Calender] [restartedMain] org.hibernate.orm.deprecation            : HHH90000025: MySQL8Dialect does not need to be specified explicitly using 'hibernate.dialect' (remove the property setting and it will be selected by default)
2025-08-25T12:42:55.535+05:30  WARN 12864 --- [Calender] [restartedMain] org.hibernate.orm.deprecation            : HHH90000026: MySQL8Dialect has been deprecated; use org.hibernate.dialect.MySQLDialect instead
2025-08-25T12:42:55.535+05:30  INFO 12864 --- [Calender] [restartedMain] org.hibernate.orm.connections.pooling    : HHH10001005: Database info:
	Database JDBC URL [Connecting through datasource 'HikariDataSource (HikariPool-18)']
	Database driver: undefined/unknown
	Database version: 8.0
	Autocommit mode: undefined/unknown
	Isolation level: undefined/unknown
	Minimum pool size: undefined/unknown
	Maximum pool size: undefined/unknown
2025-08-25T12:42:55.549+05:30  INFO 12864 --- [Calender] [restartedMain] o.h.e.t.j.p.i.JtaPlatformInitiator       : HHH000489: No JTA platform available (set 'hibernate.transaction.jta.platform' to enable JTA platform integration)
2025-08-25T12:42:55.553+05:30  INFO 12864 --- [Calender] [restartedMain] j.LocalContainerEntityManagerFactoryBean : Initialized JPA EntityManagerFactory for persistence unit 'default'
2025-08-25T12:42:55.579+05:30  WARN 12864 --- [Calender] [restartedMain] JpaBaseConfiguration$JpaWebConfiguration : spring.jpa.open-in-view is enabled by default. Therefore, database queries may be performed during view rendering. Explicitly configure spring.jpa.open-in-view to disable this warning
2025-08-25T12:42:55.616+05:30  INFO 12864 --- [Calender] [restartedMain] o.s.b.d.a.OptionalLiveReloadServer       : LiveReload server is running on port 35729
2025-08-25T12:42:55.621+05:30  INFO 12864 --- [Calender] [restartedMain] o.s.b.w.embedded.tomcat.TomcatWebServer  : Tomcat started on port 8081 (http) with context path '/'
2025-08-25T12:42:55.624+05:30  INFO 12864 --- [Calender] [restartedMain] com.lits.calender.CalenderApplication    : Started CalenderApplication in 0.245 seconds (process running for 1817.097)
2025-08-25T12:42:55.624+05:30  INFO 12864 --- [Calender] [restartedMain] .ConditionEvaluationDeltaLoggingListener : Condition evaluation unchanged
2025-08-25T12:43:08.083+05:30  INFO 12864 --- [Calender] [File Watcher] rtingClassPathChangeChangedEventListener : Restarting due to 1 class path change (1 addition, 0 deletions, 0 modifications)
2025-08-25T12:43:08.084+05:30  INFO 12864 --- [Calender] [Thread-71] o.s.b.w.e.tomcat.GracefulShutdown        : Commencing graceful shutdown. Waiting for active requests to complete
2025-08-25T12:43:08.187+05:30  INFO 12864 --- [Calender] [tomcat-shutdown] o.s.b.w.e.tomcat.GracefulShutdown        : Graceful shutdown complete
2025-08-25T12:43:08.188+05:30  INFO 12864 --- [Calender] [Thread-71] j.LocalContainerEntityManagerFactoryBean : Closing JPA EntityManagerFactory for persistence unit 'default'
2025-08-25T12:43:08.188+05:30  INFO 12864 --- [Calender] [Thread-71] com.zaxxer.hikari.HikariDataSource       : HikariPool-18 - Shutdown initiated...
2025-08-25T12:43:08.189+05:30  INFO 12864 --- [Calender] [Thread-71] com.zaxxer.hikari.HikariDataSource       : HikariPool-18 - Shutdown completed.
2025-08-25T12:43:08.240+05:30  INFO 12864 --- [Calender] [restartedMain] com.lits.calender.CalenderApplication    : Starting CalenderApplication using Java 17.0.9 with PID 12864 (C:\Users\ADMIN\Documents\workspace-spring-tool-suite-4-4.21.0.RELEASE\Calender\target\classes started by ADMIN in C:\Users\ADMIN\Documents\workspace-spring-tool-suite-4-4.21.0.RELEASE\Calender)
2025-08-25T12:43:08.240+05:30  INFO 12864 --- [Calender] [restartedMain] com.lits.calender.CalenderApplication    : No active profile set, falling back to 1 default profile: "default"
2025-08-25T12:43:08.313+05:30  INFO 12864 --- [Calender] [restartedMain] .s.d.r.c.RepositoryConfigurationDelegate : Bootstrapping Spring Data JPA repositories in DEFAULT mode.
2025-08-25T12:43:08.319+05:30  INFO 12864 --- [Calender] [restartedMain] .s.d.r.c.RepositoryConfigurationDelegate : Finished Spring Data repository scanning in 5 ms. Found 1 JPA repository interface.
2025-08-25T12:43:08.357+05:30  INFO 12864 --- [Calender] [restartedMain] o.s.b.w.embedded.tomcat.TomcatWebServer  : Tomcat initialized with port 8081 (http)
2025-08-25T12:43:08.357+05:30  INFO 12864 --- [Calender] [restartedMain] o.apache.catalina.core.StandardService   : Starting service [Tomcat]
2025-08-25T12:43:08.357+05:30  INFO 12864 --- [Calender] [restartedMain] o.apache.catalina.core.StandardEngine    : Starting Servlet engine: [Apache Tomcat/10.1.44]
2025-08-25T12:43:08.366+05:30  INFO 12864 --- [Calender] [restartedMain] o.a.c.c.C.[Tomcat].[localhost].[/]       : Initializing Spring embedded WebApplicationContext
2025-08-25T12:43:08.366+05:30  INFO 12864 --- [Calender] [restartedMain] w.s.c.ServletWebServerApplicationContext : Root WebApplicationContext: initialization completed in 125 ms
2025-08-25T12:43:08.380+05:30  INFO 12864 --- [Calender] [restartedMain] o.hibernate.jpa.internal.util.LogHelper  : HHH000204: Processing PersistenceUnitInfo [name: default]
2025-08-25T12:43:08.381+05:30  INFO 12864 --- [Calender] [restartedMain] o.h.c.internal.RegionFactoryInitiator    : HHH000026: Second-level cache disabled
2025-08-25T12:43:08.384+05:30  INFO 12864 --- [Calender] [restartedMain] o.s.o.j.p.SpringPersistenceUnitInfo      : No LoadTimeWeaver setup: ignoring JPA class transformer
2025-08-25T12:43:08.385+05:30  INFO 12864 --- [Calender] [restartedMain] com.zaxxer.hikari.HikariDataSource       : HikariPool-19 - Starting...
2025-08-25T12:43:08.387+05:30  INFO 12864 --- [Calender] [restartedMain] com.zaxxer.hikari.pool.HikariPool        : HikariPool-19 - Added connection com.mysql.cj.jdbc.ConnectionImpl@40b4c09f
2025-08-25T12:43:08.388+05:30  INFO 12864 --- [Calender] [restartedMain] com.zaxxer.hikari.HikariDataSource       : HikariPool-19 - Start completed.
2025-08-25T12:43:08.388+05:30  WARN 12864 --- [Calender] [restartedMain] org.hibernate.orm.deprecation            : HHH90000025: MySQL8Dialect does not need to be specified explicitly using 'hibernate.dialect' (remove the property setting and it will be selected by default)
2025-08-25T12:43:08.388+05:30  WARN 12864 --- [Calender] [restartedMain] org.hibernate.orm.deprecation            : HHH90000026: MySQL8Dialect has been deprecated; use org.hibernate.dialect.MySQLDialect instead
2025-08-25T12:43:08.388+05:30  INFO 12864 --- [Calender] [restartedMain] org.hibernate.orm.connections.pooling    : HHH10001005: Database info:
	Database JDBC URL [Connecting through datasource 'HikariDataSource (HikariPool-19)']
	Database driver: undefined/unknown
	Database version: 8.0
	Autocommit mode: undefined/unknown
	Isolation level: undefined/unknown
	Minimum pool size: undefined/unknown
	Maximum pool size: undefined/unknown
2025-08-25T12:43:08.402+05:30  INFO 12864 --- [Calender] [restartedMain] o.h.e.t.j.p.i.JtaPlatformInitiator       : HHH000489: No JTA platform available (set 'hibernate.transaction.jta.platform' to enable JTA platform integration)
2025-08-25T12:43:08.406+05:30  INFO 12864 --- [Calender] [restartedMain] j.LocalContainerEntityManagerFactoryBean : Initialized JPA EntityManagerFactory for persistence unit 'default'
2025-08-25T12:43:08.432+05:30  WARN 12864 --- [Calender] [restartedMain] JpaBaseConfiguration$JpaWebConfiguration : spring.jpa.open-in-view is enabled by default. Therefore, database queries may be performed during view rendering. Explicitly configure spring.jpa.open-in-view to disable this warning
2025-08-25T12:43:08.466+05:30  INFO 12864 --- [Calender] [restartedMain] o.s.b.d.a.OptionalLiveReloadServer       : LiveReload server is running on port 35729
2025-08-25T12:43:08.473+05:30  INFO 12864 --- [Calender] [restartedMain] o.s.b.w.embedded.tomcat.TomcatWebServer  : Tomcat started on port 8081 (http) with context path '/'
2025-08-25T12:43:08.476+05:30  INFO 12864 --- [Calender] [restartedMain] com.lits.calender.CalenderApplication    : Started CalenderApplication in 0.251 seconds (process running for 1829.949)
2025-08-25T12:43:08.477+05:30  INFO 12864 --- [Calender] [restartedMain] .ConditionEvaluationDeltaLoggingListener : Condition evaluation unchanged
2025-08-25T12:43:28.105+05:30  INFO 12864 --- [Calender] [File Watcher] rtingClassPathChangeChangedEventListener : Restarting due to 1 class path change (0 additions, 0 deletions, 1 modification)
2025-08-25T12:43:28.107+05:30  INFO 12864 --- [Calender] [Thread-75] o.s.b.w.e.tomcat.GracefulShutdown        : Commencing graceful shutdown. Waiting for active requests to complete
2025-08-25T12:43:28.190+05:30  INFO 12864 --- [Calender] [tomcat-shutdown] o.s.b.w.e.tomcat.GracefulShutdown        : Graceful shutdown complete
2025-08-25T12:43:28.191+05:30  INFO 12864 --- [Calender] [Thread-75] j.LocalContainerEntityManagerFactoryBean : Closing JPA EntityManagerFactory for persistence unit 'default'
2025-08-25T12:43:28.192+05:30  INFO 12864 --- [Calender] [Thread-75] com.zaxxer.hikari.HikariDataSource       : HikariPool-19 - Shutdown initiated...
2025-08-25T12:43:28.193+05:30  INFO 12864 --- [Calender] [Thread-75] com.zaxxer.hikari.HikariDataSource       : HikariPool-19 - Shutdown completed.
2025-08-25T12:43:28.237+05:30  INFO 12864 --- [Calender] [restartedMain] com.lits.calender.CalenderApplication    : Starting CalenderApplication using Java 17.0.9 with PID 12864 (C:\Users\ADMIN\Documents\workspace-spring-tool-suite-4-4.21.0.RELEASE\Calender\target\classes started by ADMIN in C:\Users\ADMIN\Documents\workspace-spring-tool-suite-4-4.21.0.RELEASE\Calender)
2025-08-25T12:43:28.237+05:30  INFO 12864 --- [Calender] [restartedMain] com.lits.calender.CalenderApplication    : No active profile set, falling back to 1 default profile: "default"
2025-08-25T12:43:28.302+05:30  INFO 12864 --- [Calender] [restartedMain] .s.d.r.c.RepositoryConfigurationDelegate : Bootstrapping Spring Data JPA repositories in DEFAULT mode.
2025-08-25T12:43:28.306+05:30  INFO 12864 --- [Calender] [restartedMain] .s.d.r.c.RepositoryConfigurationDelegate : Finished Spring Data repository scanning in 3 ms. Found 1 JPA repository interface.
2025-08-25T12:43:28.339+05:30  INFO 12864 --- [Calender] [restartedMain] o.s.b.w.embedded.tomcat.TomcatWebServer  : Tomcat initialized with port 8081 (http)
2025-08-25T12:43:28.339+05:30  INFO 12864 --- [Calender] [restartedMain] o.apache.catalina.core.StandardService   : Starting service [Tomcat]
2025-08-25T12:43:28.339+05:30  INFO 12864 --- [Calender] [restartedMain] o.apache.catalina.core.StandardEngine    : Starting Servlet engine: [Apache Tomcat/10.1.44]
2025-08-25T12:43:28.347+05:30  INFO 12864 --- [Calender] [restartedMain] o.a.c.c.C.[Tomcat].[localhost].[/]       : Initializing Spring embedded WebApplicationContext
2025-08-25T12:43:28.347+05:30  INFO 12864 --- [Calender] [restartedMain] w.s.c.ServletWebServerApplicationContext : Root WebApplicationContext: initialization completed in 109 ms
2025-08-25T12:43:28.365+05:30  INFO 12864 --- [Calender] [restartedMain] o.hibernate.jpa.internal.util.LogHelper  : HHH000204: Processing PersistenceUnitInfo [name: default]
2025-08-25T12:43:28.366+05:30  INFO 12864 --- [Calender] [restartedMain] o.h.c.internal.RegionFactoryInitiator    : HHH000026: Second-level cache disabled
2025-08-25T12:43:28.371+05:30  INFO 12864 --- [Calender] [restartedMain] o.s.o.j.p.SpringPersistenceUnitInfo      : No LoadTimeWeaver setup: ignoring JPA class transformer
2025-08-25T12:43:28.371+05:30  INFO 12864 --- [Calender] [restartedMain] com.zaxxer.hikari.HikariDataSource       : HikariPool-20 - Starting...
2025-08-25T12:43:28.373+05:30  INFO 12864 --- [Calender] [restartedMain] com.zaxxer.hikari.pool.HikariPool        : HikariPool-20 - Added connection com.mysql.cj.jdbc.ConnectionImpl@72da9d2a
2025-08-25T12:43:28.374+05:30  INFO 12864 --- [Calender] [restartedMain] com.zaxxer.hikari.HikariDataSource       : HikariPool-20 - Start completed.
2025-08-25T12:43:28.374+05:30  WARN 12864 --- [Calender] [restartedMain] org.hibernate.orm.deprecation            : HHH90000025: MySQL8Dialect does not need to be specified explicitly using 'hibernate.dialect' (remove the property setting and it will be selected by default)
2025-08-25T12:43:28.374+05:30  WARN 12864 --- [Calender] [restartedMain] org.hibernate.orm.deprecation            : HHH90000026: MySQL8Dialect has been deprecated; use org.hibernate.dialect.MySQLDialect instead
2025-08-25T12:43:28.374+05:30  INFO 12864 --- [Calender] [restartedMain] org.hibernate.orm.connections.pooling    : HHH10001005: Database info:
	Database JDBC URL [Connecting through datasource 'HikariDataSource (HikariPool-20)']
	Database driver: undefined/unknown
	Database version: 8.0
	Autocommit mode: undefined/unknown
	Isolation level: undefined/unknown
	Minimum pool size: undefined/unknown
	Maximum pool size: undefined/unknown
2025-08-25T12:43:28.389+05:30  INFO 12864 --- [Calender] [restartedMain] o.h.e.t.j.p.i.JtaPlatformInitiator       : HHH000489: No JTA platform available (set 'hibernate.transaction.jta.platform' to enable JTA platform integration)
2025-08-25T12:43:28.393+05:30  INFO 12864 --- [Calender] [restartedMain] j.LocalContainerEntityManagerFactoryBean : Initialized JPA EntityManagerFactory for persistence unit 'default'
2025-08-25T12:43:28.421+05:30  WARN 12864 --- [Calender] [restartedMain] JpaBaseConfiguration$JpaWebConfiguration : spring.jpa.open-in-view is enabled by default. Therefore, database queries may be performed during view rendering. Explicitly configure spring.jpa.open-in-view to disable this warning
2025-08-25T12:43:28.456+05:30  INFO 12864 --- [Calender] [restartedMain] o.s.b.d.a.OptionalLiveReloadServer       : LiveReload server is running on port 35729
2025-08-25T12:43:28.461+05:30  INFO 12864 --- [Calender] [restartedMain] o.s.b.w.embedded.tomcat.TomcatWebServer  : Tomcat started on port 8081 (http) with context path '/'
2025-08-25T12:43:28.468+05:30  INFO 12864 --- [Calender] [restartedMain] com.lits.calender.CalenderApplication    : Started CalenderApplication in 0.241 seconds (process running for 1849.941)
2025-08-25T12:43:28.482+05:30  INFO 12864 --- [Calender] [restartedMain] .ConditionEvaluationDeltaLoggingListener : Condition evaluation unchanged
2025-08-25T12:43:58.355+05:30  INFO 12864 --- [Calender] [File Watcher] rtingClassPathChangeChangedEventListener : Restarting due to 1 class path change (1 addition, 0 deletions, 0 modifications)
2025-08-25T12:43:58.357+05:30  INFO 12864 --- [Calender] [Thread-79] o.s.b.w.e.tomcat.GracefulShutdown        : Commencing graceful shutdown. Waiting for active requests to complete
2025-08-25T12:43:58.441+05:30  INFO 12864 --- [Calender] [tomcat-shutdown] o.s.b.w.e.tomcat.GracefulShutdown        : Graceful shutdown complete
2025-08-25T12:43:58.442+05:30  INFO 12864 --- [Calender] [Thread-79] j.LocalContainerEntityManagerFactoryBean : Closing JPA EntityManagerFactory for persistence unit 'default'
2025-08-25T12:43:58.442+05:30  INFO 12864 --- [Calender] [Thread-79] com.zaxxer.hikari.HikariDataSource       : HikariPool-20 - Shutdown initiated...
2025-08-25T12:43:58.444+05:30  INFO 12864 --- [Calender] [Thread-79] com.zaxxer.hikari.HikariDataSource       : HikariPool-20 - Shutdown completed.
2025-08-25T12:43:58.490+05:30  INFO 12864 --- [Calender] [restartedMain] com.lits.calender.CalenderApplication    : Starting CalenderApplication using Java 17.0.9 with PID 12864 (C:\Users\ADMIN\Documents\workspace-spring-tool-suite-4-4.21.0.RELEASE\Calender\target\classes started by ADMIN in C:\Users\ADMIN\Documents\workspace-spring-tool-suite-4-4.21.0.RELEASE\Calender)
2025-08-25T12:43:58.490+05:30  INFO 12864 --- [Calender] [restartedMain] com.lits.calender.CalenderApplication    : No active profile set, falling back to 1 default profile: "default"
2025-08-25T12:43:58.558+05:30  INFO 12864 --- [Calender] [restartedMain] .s.d.r.c.RepositoryConfigurationDelegate : Bootstrapping Spring Data JPA repositories in DEFAULT mode.
2025-08-25T12:43:58.563+05:30  INFO 12864 --- [Calender] [restartedMain] .s.d.r.c.RepositoryConfigurationDelegate : Finished Spring Data repository scanning in 3 ms. Found 1 JPA repository interface.
2025-08-25T12:43:58.596+05:30  INFO 12864 --- [Calender] [restartedMain] o.s.b.w.embedded.tomcat.TomcatWebServer  : Tomcat initialized with port 8081 (http)
2025-08-25T12:43:58.596+05:30  INFO 12864 --- [Calender] [restartedMain] o.apache.catalina.core.StandardService   : Starting service [Tomcat]
2025-08-25T12:43:58.596+05:30  INFO 12864 --- [Calender] [restartedMain] o.apache.catalina.core.StandardEngine    : Starting Servlet engine: [Apache Tomcat/10.1.44]
2025-08-25T12:43:58.604+05:30  INFO 12864 --- [Calender] [restartedMain] o.a.c.c.C.[Tomcat].[localhost].[/]       : Initializing Spring embedded WebApplicationContext
2025-08-25T12:43:58.604+05:30  INFO 12864 --- [Calender] [restartedMain] w.s.c.ServletWebServerApplicationContext : Root WebApplicationContext: initialization completed in 113 ms
2025-08-25T12:43:58.617+05:30  INFO 12864 --- [Calender] [restartedMain] o.hibernate.jpa.internal.util.LogHelper  : HHH000204: Processing PersistenceUnitInfo [name: default]
2025-08-25T12:43:58.619+05:30  INFO 12864 --- [Calender] [restartedMain] o.h.c.internal.RegionFactoryInitiator    : HHH000026: Second-level cache disabled
2025-08-25T12:43:58.622+05:30  INFO 12864 --- [Calender] [restartedMain] o.s.o.j.p.SpringPersistenceUnitInfo      : No LoadTimeWeaver setup: ignoring JPA class transformer
2025-08-25T12:43:58.623+05:30  INFO 12864 --- [Calender] [restartedMain] com.zaxxer.hikari.HikariDataSource       : HikariPool-21 - Starting...
2025-08-25T12:43:58.626+05:30  INFO 12864 --- [Calender] [restartedMain] com.zaxxer.hikari.pool.HikariPool        : HikariPool-21 - Added connection com.mysql.cj.jdbc.ConnectionImpl@9de043e
2025-08-25T12:43:58.626+05:30  INFO 12864 --- [Calender] [restartedMain] com.zaxxer.hikari.HikariDataSource       : HikariPool-21 - Start completed.
2025-08-25T12:43:58.626+05:30  WARN 12864 --- [Calender] [restartedMain] org.hibernate.orm.deprecation            : HHH90000025: MySQL8Dialect does not need to be specified explicitly using 'hibernate.dialect' (remove the property setting and it will be selected by default)
2025-08-25T12:43:58.626+05:30  WARN 12864 --- [Calender] [restartedMain] org.hibernate.orm.deprecation            : HHH90000026: MySQL8Dialect has been deprecated; use org.hibernate.dialect.MySQLDialect instead
2025-08-25T12:43:58.626+05:30  INFO 12864 --- [Calender] [restartedMain] org.hibernate.orm.connections.pooling    : HHH10001005: Database info:
	Database JDBC URL [Connecting through datasource 'HikariDataSource (HikariPool-21)']
	Database driver: undefined/unknown
	Database version: 8.0
	Autocommit mode: undefined/unknown
	Isolation level: undefined/unknown
	Minimum pool size: undefined/unknown
	Maximum pool size: undefined/unknown
2025-08-25T12:43:58.644+05:30  INFO 12864 --- [Calender] [restartedMain] o.h.e.t.j.p.i.JtaPlatformInitiator       : HHH000489: No JTA platform available (set 'hibernate.transaction.jta.platform' to enable JTA platform integration)
2025-08-25T12:43:58.648+05:30  INFO 12864 --- [Calender] [restartedMain] j.LocalContainerEntityManagerFactoryBean : Initialized JPA EntityManagerFactory for persistence unit 'default'
2025-08-25T12:43:58.674+05:30  WARN 12864 --- [Calender] [restartedMain] JpaBaseConfiguration$JpaWebConfiguration : spring.jpa.open-in-view is enabled by default. Therefore, database queries may be performed during view rendering. Explicitly configure spring.jpa.open-in-view to disable this warning
2025-08-25T12:43:58.710+05:30  INFO 12864 --- [Calender] [restartedMain] o.s.b.d.a.OptionalLiveReloadServer       : LiveReload server is running on port 35729
2025-08-25T12:43:58.715+05:30  INFO 12864 --- [Calender] [restartedMain] o.s.b.w.embedded.tomcat.TomcatWebServer  : Tomcat started on port 8081 (http) with context path '/'
2025-08-25T12:43:58.718+05:30  INFO 12864 --- [Calender] [restartedMain] com.lits.calender.CalenderApplication    : Started CalenderApplication in 0.241 seconds (process running for 1880.191)
2025-08-25T12:43:58.719+05:30  INFO 12864 --- [Calender] [restartedMain] .ConditionEvaluationDeltaLoggingListener : Condition evaluation unchanged
2025-08-25T12:44:03.231+05:30  INFO 12864 --- [Calender] [File Watcher] rtingClassPathChangeChangedEventListener : Restarting due to 1 class path change (0 additions, 0 deletions, 1 modification)
2025-08-25T12:44:03.232+05:30  INFO 12864 --- [Calender] [Thread-83] o.s.b.w.e.tomcat.GracefulShutdown        : Commencing graceful shutdown. Waiting for active requests to complete
2025-08-25T12:44:03.319+05:30  INFO 12864 --- [Calender] [tomcat-shutdown] o.s.b.w.e.tomcat.GracefulShutdown        : Graceful shutdown complete
2025-08-25T12:44:03.320+05:30  INFO 12864 --- [Calender] [Thread-83] j.LocalContainerEntityManagerFactoryBean : Closing JPA EntityManagerFactory for persistence unit 'default'
2025-08-25T12:44:03.321+05:30  INFO 12864 --- [Calender] [Thread-83] com.zaxxer.hikari.HikariDataSource       : HikariPool-21 - Shutdown initiated...
2025-08-25T12:44:03.322+05:30  INFO 12864 --- [Calender] [Thread-83] com.zaxxer.hikari.HikariDataSource       : HikariPool-21 - Shutdown completed.
2025-08-25T12:44:03.371+05:30  INFO 12864 --- [Calender] [restartedMain] com.lits.calender.CalenderApplication    : Starting CalenderApplication using Java 17.0.9 with PID 12864 (C:\Users\ADMIN\Documents\workspace-spring-tool-suite-4-4.21.0.RELEASE\Calender\target\classes started by ADMIN in C:\Users\ADMIN\Documents\workspace-spring-tool-suite-4-4.21.0.RELEASE\Calender)
2025-08-25T12:44:03.371+05:30  INFO 12864 --- [Calender] [restartedMain] com.lits.calender.CalenderApplication    : No active profile set, falling back to 1 default profile: "default"
2025-08-25T12:44:03.441+05:30  INFO 12864 --- [Calender] [restartedMain] .s.d.r.c.RepositoryConfigurationDelegate : Bootstrapping Spring Data JPA repositories in DEFAULT mode.
2025-08-25T12:44:03.447+05:30  INFO 12864 --- [Calender] [restartedMain] .s.d.r.c.RepositoryConfigurationDelegate : Finished Spring Data repository scanning in 4 ms. Found 1 JPA repository interface.
2025-08-25T12:44:03.488+05:30  INFO 12864 --- [Calender] [restartedMain] o.s.b.w.embedded.tomcat.TomcatWebServer  : Tomcat initialized with port 8081 (http)
2025-08-25T12:44:03.489+05:30  INFO 12864 --- [Calender] [restartedMain] o.apache.catalina.core.StandardService   : Starting service [Tomcat]
2025-08-25T12:44:03.489+05:30  INFO 12864 --- [Calender] [restartedMain] o.apache.catalina.core.StandardEngine    : Starting Servlet engine: [Apache Tomcat/10.1.44]
2025-08-25T12:44:03.496+05:30  INFO 12864 --- [Calender] [restartedMain] o.a.c.c.C.[Tomcat].[localhost].[/]       : Initializing Spring embedded WebApplicationContext
2025-08-25T12:44:03.496+05:30  INFO 12864 --- [Calender] [restartedMain] w.s.c.ServletWebServerApplicationContext : Root WebApplicationContext: initialization completed in 125 ms
2025-08-25T12:44:03.510+05:30  INFO 12864 --- [Calender] [restartedMain] o.hibernate.jpa.internal.util.LogHelper  : HHH000204: Processing PersistenceUnitInfo [name: default]
2025-08-25T12:44:03.512+05:30  INFO 12864 --- [Calender] [restartedMain] o.h.c.internal.RegionFactoryInitiator    : HHH000026: Second-level cache disabled
2025-08-25T12:44:03.515+05:30  INFO 12864 --- [Calender] [restartedMain] o.s.o.j.p.SpringPersistenceUnitInfo      : No LoadTimeWeaver setup: ignoring JPA class transformer
2025-08-25T12:44:03.515+05:30  INFO 12864 --- [Calender] [restartedMain] com.zaxxer.hikari.HikariDataSource       : HikariPool-22 - Starting...
2025-08-25T12:44:03.518+05:30  INFO 12864 --- [Calender] [restartedMain] com.zaxxer.hikari.pool.HikariPool        : HikariPool-22 - Added connection com.mysql.cj.jdbc.ConnectionImpl@4f47ae65
2025-08-25T12:44:03.518+05:30  INFO 12864 --- [Calender] [restartedMain] com.zaxxer.hikari.HikariDataSource       : HikariPool-22 - Start completed.
2025-08-25T12:44:03.518+05:30  WARN 12864 --- [Calender] [restartedMain] org.hibernate.orm.deprecation            : HHH90000025: MySQL8Dialect does not need to be specified explicitly using 'hibernate.dialect' (remove the property setting and it will be selected by default)
2025-08-25T12:44:03.518+05:30  WARN 12864 --- [Calender] [restartedMain] org.hibernate.orm.deprecation            : HHH90000026: MySQL8Dialect has been deprecated; use org.hibernate.dialect.MySQLDialect instead
2025-08-25T12:44:03.519+05:30  INFO 12864 --- [Calender] [restartedMain] org.hibernate.orm.connections.pooling    : HHH10001005: Database info:
	Database JDBC URL [Connecting through datasource 'HikariDataSource (HikariPool-22)']
	Database driver: undefined/unknown
	Database version: 8.0
	Autocommit mode: undefined/unknown
	Isolation level: undefined/unknown
	Minimum pool size: undefined/unknown
	Maximum pool size: undefined/unknown
2025-08-25T12:44:03.536+05:30  INFO 12864 --- [Calender] [restartedMain] o.h.e.t.j.p.i.JtaPlatformInitiator       : HHH000489: No JTA platform available (set 'hibernate.transaction.jta.platform' to enable JTA platform integration)
2025-08-25T12:44:03.540+05:30  INFO 12864 --- [Calender] [restartedMain] j.LocalContainerEntityManagerFactoryBean : Initialized JPA EntityManagerFactory for persistence unit 'default'
2025-08-25T12:44:03.565+05:30  WARN 12864 --- [Calender] [restartedMain] JpaBaseConfiguration$JpaWebConfiguration : spring.jpa.open-in-view is enabled by default. Therefore, database queries may be performed during view rendering. Explicitly configure spring.jpa.open-in-view to disable this warning
2025-08-25T12:44:03.603+05:30  INFO 12864 --- [Calender] [restartedMain] o.s.b.d.a.OptionalLiveReloadServer       : LiveReload server is running on port 35729
2025-08-25T12:44:03.609+05:30  INFO 12864 --- [Calender] [restartedMain] o.s.b.w.embedded.tomcat.TomcatWebServer  : Tomcat started on port 8081 (http) with context path '/'
2025-08-25T12:44:03.612+05:30  INFO 12864 --- [Calender] [restartedMain] com.lits.calender.CalenderApplication    : Started CalenderApplication in 0.256 seconds (process running for 1885.084)
2025-08-25T12:44:03.613+05:30  INFO 12864 --- [Calender] [restartedMain] .ConditionEvaluationDeltaLoggingListener : Condition evaluation unchanged
2025-08-25T12:45:03.562+05:30  INFO 12864 --- [Calender] [File Watcher] rtingClassPathChangeChangedEventListener : Restarting due to 2 class path changes (0 additions, 0 deletions, 2 modifications)
2025-08-25T12:45:03.563+05:30  INFO 12864 --- [Calender] [Thread-87] o.s.b.w.e.tomcat.GracefulShutdown        : Commencing graceful shutdown. Waiting for active requests to complete
2025-08-25T12:45:03.653+05:30  INFO 12864 --- [Calender] [tomcat-shutdown] o.s.b.w.e.tomcat.GracefulShutdown        : Graceful shutdown complete
2025-08-25T12:45:03.654+05:30  INFO 12864 --- [Calender] [Thread-87] j.LocalContainerEntityManagerFactoryBean : Closing JPA EntityManagerFactory for persistence unit 'default'
2025-08-25T12:45:03.654+05:30  INFO 12864 --- [Calender] [Thread-87] com.zaxxer.hikari.HikariDataSource       : HikariPool-22 - Shutdown initiated...
2025-08-25T12:45:03.656+05:30  INFO 12864 --- [Calender] [Thread-87] com.zaxxer.hikari.HikariDataSource       : HikariPool-22 - Shutdown completed.
2025-08-25T12:45:03.707+05:30  INFO 12864 --- [Calender] [restartedMain] com.lits.calender.CalenderApplication    : Starting CalenderApplication using Java 17.0.9 with PID 12864 (C:\Users\ADMIN\Documents\workspace-spring-tool-suite-4-4.21.0.RELEASE\Calender\target\classes started by ADMIN in C:\Users\ADMIN\Documents\workspace-spring-tool-suite-4-4.21.0.RELEASE\Calender)
2025-08-25T12:45:03.707+05:30  INFO 12864 --- [Calender] [restartedMain] com.lits.calender.CalenderApplication    : No active profile set, falling back to 1 default profile: "default"
2025-08-25T12:45:03.773+05:30  INFO 12864 --- [Calender] [restartedMain] .s.d.r.c.RepositoryConfigurationDelegate : Bootstrapping Spring Data JPA repositories in DEFAULT mode.
2025-08-25T12:45:03.779+05:30  INFO 12864 --- [Calender] [restartedMain] .s.d.r.c.RepositoryConfigurationDelegate : Finished Spring Data repository scanning in 4 ms. Found 1 JPA repository interface.
2025-08-25T12:45:03.814+05:30  INFO 12864 --- [Calender] [restartedMain] o.s.b.w.embedded.tomcat.TomcatWebServer  : Tomcat initialized with port 8081 (http)
2025-08-25T12:45:03.814+05:30  INFO 12864 --- [Calender] [restartedMain] o.apache.catalina.core.StandardService   : Starting service [Tomcat]
2025-08-25T12:45:03.815+05:30  INFO 12864 --- [Calender] [restartedMain] o.apache.catalina.core.StandardEngine    : Starting Servlet engine: [Apache Tomcat/10.1.44]
2025-08-25T12:45:03.822+05:30  INFO 12864 --- [Calender] [restartedMain] o.a.c.c.C.[Tomcat].[localhost].[/]       : Initializing Spring embedded WebApplicationContext
2025-08-25T12:45:03.822+05:30  INFO 12864 --- [Calender] [restartedMain] w.s.c.ServletWebServerApplicationContext : Root WebApplicationContext: initialization completed in 114 ms
2025-08-25T12:45:03.838+05:30  INFO 12864 --- [Calender] [restartedMain] o.hibernate.jpa.internal.util.LogHelper  : HHH000204: Processing PersistenceUnitInfo [name: default]
2025-08-25T12:45:03.839+05:30  INFO 12864 --- [Calender] [restartedMain] o.h.c.internal.RegionFactoryInitiator    : HHH000026: Second-level cache disabled
2025-08-25T12:45:03.842+05:30  INFO 12864 --- [Calender] [restartedMain] o.s.o.j.p.SpringPersistenceUnitInfo      : No LoadTimeWeaver setup: ignoring JPA class transformer
2025-08-25T12:45:03.842+05:30  INFO 12864 --- [Calender] [restartedMain] com.zaxxer.hikari.HikariDataSource       : HikariPool-23 - Starting...
2025-08-25T12:45:03.845+05:30  INFO 12864 --- [Calender] [restartedMain] com.zaxxer.hikari.pool.HikariPool        : HikariPool-23 - Added connection com.mysql.cj.jdbc.ConnectionImpl@7be24f68
2025-08-25T12:45:03.845+05:30  INFO 12864 --- [Calender] [restartedMain] com.zaxxer.hikari.HikariDataSource       : HikariPool-23 - Start completed.
2025-08-25T12:45:03.846+05:30  WARN 12864 --- [Calender] [restartedMain] org.hibernate.orm.deprecation            : HHH90000025: MySQL8Dialect does not need to be specified explicitly using 'hibernate.dialect' (remove the property setting and it will be selected by default)
2025-08-25T12:45:03.846+05:30  WARN 12864 --- [Calender] [restartedMain] org.hibernate.orm.deprecation            : HHH90000026: MySQL8Dialect has been deprecated; use org.hibernate.dialect.MySQLDialect instead
2025-08-25T12:45:03.846+05:30  INFO 12864 --- [Calender] [restartedMain] org.hibernate.orm.connections.pooling    : HHH10001005: Database info:
	Database JDBC URL [Connecting through datasource 'HikariDataSource (HikariPool-23)']
	Database driver: undefined/unknown
	Database version: 8.0
	Autocommit mode: undefined/unknown
	Isolation level: undefined/unknown
	Minimum pool size: undefined/unknown
	Maximum pool size: undefined/unknown
2025-08-25T12:45:03.861+05:30  INFO 12864 --- [Calender] [restartedMain] o.h.e.t.j.p.i.JtaPlatformInitiator       : HHH000489: No JTA platform available (set 'hibernate.transaction.jta.platform' to enable JTA platform integration)
2025-08-25T12:45:03.866+05:30  INFO 12864 --- [Calender] [restartedMain] j.LocalContainerEntityManagerFactoryBean : Initialized JPA EntityManagerFactory for persistence unit 'default'
2025-08-25T12:45:03.893+05:30  WARN 12864 --- [Calender] [restartedMain] JpaBaseConfiguration$JpaWebConfiguration : spring.jpa.open-in-view is enabled by default. Therefore, database queries may be performed during view rendering. Explicitly configure spring.jpa.open-in-view to disable this warning
2025-08-25T12:45:03.933+05:30  INFO 12864 --- [Calender] [restartedMain] o.s.b.d.a.OptionalLiveReloadServer       : LiveReload server is running on port 35729
2025-08-25T12:45:03.938+05:30  INFO 12864 --- [Calender] [restartedMain] o.s.b.w.embedded.tomcat.TomcatWebServer  : Tomcat started on port 8081 (http) with context path '/'
2025-08-25T12:45:03.942+05:30  INFO 12864 --- [Calender] [restartedMain] com.lits.calender.CalenderApplication    : Started CalenderApplication in 0.251 seconds (process running for 1945.414)
2025-08-25T12:45:03.943+05:30  INFO 12864 --- [Calender] [restartedMain] .ConditionEvaluationDeltaLoggingListener : Condition evaluation unchanged
2025-08-25T12:48:48.299+05:30  INFO 12864 --- [Calender] [http-nio-0.0.0.0-8081-exec-5] o.a.c.c.C.[Tomcat].[localhost].[/]       : Initializing Spring DispatcherServlet 'dispatcherServlet'
2025-08-25T12:48:48.300+05:30  INFO 12864 --- [Calender] [http-nio-0.0.0.0-8081-exec-5] o.s.web.servlet.DispatcherServlet        : Initializing Servlet 'dispatcherServlet'
2025-08-25T12:48:48.301+05:30  INFO 12864 --- [Calender] [http-nio-0.0.0.0-8081-exec-5] o.s.web.servlet.DispatcherServlet        : Completed initialization in 1 ms
2025-08-25T12:48:48.307+05:30  WARN 12864 --- [Calender] [http-nio-0.0.0.0-8081-exec-5] .m.m.a.ExceptionHandlerExceptionResolver : Resolved [org.springframework.web.servlet.resource.NoResourceFoundException: No static resource calender.]
2025-08-25T13:00:00.701+05:30  WARN 12864 --- [Calender] [http-nio-0.0.0.0-8081-exec-1] .m.m.a.ExceptionHandlerExceptionResolver : Resolved [org.springframework.web.HttpRequestMethodNotSupportedException: Request method 'POST' is not supported]
2025-08-25T13:01:30.172+05:30  WARN 12864 --- [Calender] [http-nio-0.0.0.0-8081-exec-9] .m.m.a.ExceptionHandlerExceptionResolver : Resolved [org.springframework.web.servlet.resource.NoResourceFoundException: No static resource api/events.]
2025-08-25T13:01:59.121+05:30  INFO 12864 --- [Calender] [File Watcher] rtingClassPathChangeChangedEventListener : Restarting due to 1 class path change (0 additions, 0 deletions, 1 modification)
2025-08-25T13:01:59.124+05:30  INFO 12864 --- [Calender] [Thread-91] o.s.b.w.e.tomcat.GracefulShutdown        : Commencing graceful shutdown. Waiting for active requests to complete
2025-08-25T13:01:59.207+05:30  INFO 12864 --- [Calender] [tomcat-shutdown] o.s.b.w.e.tomcat.GracefulShutdown        : Graceful shutdown complete
2025-08-25T13:01:59.208+05:30  INFO 12864 --- [Calender] [Thread-91] j.LocalContainerEntityManagerFactoryBean : Closing JPA EntityManagerFactory for persistence unit 'default'
2025-08-25T13:01:59.209+05:30  INFO 12864 --- [Calender] [Thread-91] com.zaxxer.hikari.HikariDataSource       : HikariPool-23 - Shutdown initiated...
2025-08-25T13:01:59.210+05:30  INFO 12864 --- [Calender] [Thread-91] com.zaxxer.hikari.HikariDataSource       : HikariPool-23 - Shutdown completed.
2025-08-25T13:01:59.261+05:30  INFO 12864 --- [Calender] [restartedMain] com.lits.calender.CalenderApplication    : Starting CalenderApplication using Java 17.0.9 with PID 12864 (C:\Users\ADMIN\Documents\workspace-spring-tool-suite-4-4.21.0.RELEASE\Calender\target\classes started by ADMIN in C:\Users\ADMIN\Documents\workspace-spring-tool-suite-4-4.21.0.RELEASE\Calender)
2025-08-25T13:01:59.261+05:30  INFO 12864 --- [Calender] [restartedMain] com.lits.calender.CalenderApplication    : No active profile set, falling back to 1 default profile: "default"
2025-08-25T13:01:59.334+05:30  INFO 12864 --- [Calender] [restartedMain] .s.d.r.c.RepositoryConfigurationDelegate : Bootstrapping Spring Data JPA repositories in DEFAULT mode.
2025-08-25T13:01:59.338+05:30  INFO 12864 --- [Calender] [restartedMain] .s.d.r.c.RepositoryConfigurationDelegate : Finished Spring Data repository scanning in 3 ms. Found 1 JPA repository interface.
2025-08-25T13:01:59.383+05:30  INFO 12864 --- [Calender] [restartedMain] o.s.b.w.embedded.tomcat.TomcatWebServer  : Tomcat initialized with port 8081 (http)
2025-08-25T13:01:59.384+05:30  INFO 12864 --- [Calender] [restartedMain] o.apache.catalina.core.StandardService   : Starting service [Tomcat]
2025-08-25T13:01:59.384+05:30  INFO 12864 --- [Calender] [restartedMain] o.apache.catalina.core.StandardEngine    : Starting Servlet engine: [Apache Tomcat/10.1.44]
2025-08-25T13:01:59.391+05:30  INFO 12864 --- [Calender] [restartedMain] o.a.c.c.C.[Tomcat].[localhost].[/]       : Initializing Spring embedded WebApplicationContext
2025-08-25T13:01:59.391+05:30  INFO 12864 --- [Calender] [restartedMain] w.s.c.ServletWebServerApplicationContext : Root WebApplicationContext: initialization completed in 128 ms
2025-08-25T13:01:59.407+05:30  INFO 12864 --- [Calender] [restartedMain] o.hibernate.jpa.internal.util.LogHelper  : HHH000204: Processing PersistenceUnitInfo [name: default]
2025-08-25T13:01:59.409+05:30  INFO 12864 --- [Calender] [restartedMain] o.h.c.internal.RegionFactoryInitiator    : HHH000026: Second-level cache disabled
2025-08-25T13:01:59.413+05:30  INFO 12864 --- [Calender] [restartedMain] o.s.o.j.p.SpringPersistenceUnitInfo      : No LoadTimeWeaver setup: ignoring JPA class transformer
2025-08-25T13:01:59.413+05:30  INFO 12864 --- [Calender] [restartedMain] com.zaxxer.hikari.HikariDataSource       : HikariPool-24 - Starting...
2025-08-25T13:01:59.416+05:30  INFO 12864 --- [Calender] [restartedMain] com.zaxxer.hikari.pool.HikariPool        : HikariPool-24 - Added connection com.mysql.cj.jdbc.ConnectionImpl@389cface
2025-08-25T13:01:59.417+05:30  INFO 12864 --- [Calender] [restartedMain] com.zaxxer.hikari.HikariDataSource       : HikariPool-24 - Start completed.
2025-08-25T13:01:59.417+05:30  WARN 12864 --- [Calender] [restartedMain] org.hibernate.orm.deprecation            : HHH90000025: MySQL8Dialect does not need to be specified explicitly using 'hibernate.dialect' (remove the property setting and it will be selected by default)
2025-08-25T13:01:59.417+05:30  WARN 12864 --- [Calender] [restartedMain] org.hibernate.orm.deprecation            : HHH90000026: MySQL8Dialect has been deprecated; use org.hibernate.dialect.MySQLDialect instead
2025-08-25T13:01:59.417+05:30  INFO 12864 --- [Calender] [restartedMain] org.hibernate.orm.connections.pooling    : HHH10001005: Database info:
	Database JDBC URL [Connecting through datasource 'HikariDataSource (HikariPool-24)']
	Database driver: undefined/unknown
	Database version: 8.0
	Autocommit mode: undefined/unknown
	Isolation level: undefined/unknown
	Minimum pool size: undefined/unknown
	Maximum pool size: undefined/unknown
2025-08-25T13:01:59.432+05:30  INFO 12864 --- [Calender] [restartedMain] o.h.e.t.j.p.i.JtaPlatformInitiator       : HHH000489: No JTA platform available (set 'hibernate.transaction.jta.platform' to enable JTA platform integration)
2025-08-25T13:01:59.436+05:30  INFO 12864 --- [Calender] [restartedMain] j.LocalContainerEntityManagerFactoryBean : Initialized JPA EntityManagerFactory for persistence unit 'default'
2025-08-25T13:01:59.466+05:30  WARN 12864 --- [Calender] [restartedMain] JpaBaseConfiguration$JpaWebConfiguration : spring.jpa.open-in-view is enabled by default. Therefore, database queries may be performed during view rendering. Explicitly configure spring.jpa.open-in-view to disable this warning
2025-08-25T13:01:59.510+05:30  INFO 12864 --- [Calender] [restartedMain] o.s.b.d.a.OptionalLiveReloadServer       : LiveReload server is running on port 35729
2025-08-25T13:01:59.516+05:30  INFO 12864 --- [Calender] [restartedMain] o.s.b.w.embedded.tomcat.TomcatWebServer  : Tomcat started on port 8081 (http) with context path '/'
2025-08-25T13:01:59.519+05:30  INFO 12864 --- [Calender] [restartedMain] com.lits.calender.CalenderApplication    : Started CalenderApplication in 0.271 seconds (process running for 2960.992)
2025-08-25T13:01:59.520+05:30  INFO 12864 --- [Calender] [restartedMain] .ConditionEvaluationDeltaLoggingListener : Condition evaluation unchanged
2025-08-25T13:02:10.091+05:30  INFO 12864 --- [Calender] [File Watcher] rtingClassPathChangeChangedEventListener : Restarting due to 1 class path change (0 additions, 0 deletions, 1 modification)
2025-08-25T13:02:10.093+05:30  INFO 12864 --- [Calender] [Thread-95] o.s.b.w.e.tomcat.GracefulShutdown        : Commencing graceful shutdown. Waiting for active requests to complete
2025-08-25T13:02:10.189+05:30  INFO 12864 --- [Calender] [tomcat-shutdown] o.s.b.w.e.tomcat.GracefulShutdown        : Graceful shutdown complete
2025-08-25T13:02:10.190+05:30  INFO 12864 --- [Calender] [Thread-95] j.LocalContainerEntityManagerFactoryBean : Closing JPA EntityManagerFactory for persistence unit 'default'
2025-08-25T13:02:10.190+05:30  INFO 12864 --- [Calender] [Thread-95] com.zaxxer.hikari.HikariDataSource       : HikariPool-24 - Shutdown initiated...
2025-08-25T13:02:10.192+05:30  INFO 12864 --- [Calender] [Thread-95] com.zaxxer.hikari.HikariDataSource       : HikariPool-24 - Shutdown completed.
2025-08-25T13:02:10.236+05:30  INFO 12864 --- [Calender] [restartedMain] com.lits.calender.CalenderApplication    : Starting CalenderApplication using Java 17.0.9 with PID 12864 (C:\Users\ADMIN\Documents\workspace-spring-tool-suite-4-4.21.0.RELEASE\Calender\target\classes started by ADMIN in C:\Users\ADMIN\Documents\workspace-spring-tool-suite-4-4.21.0.RELEASE\Calender)
2025-08-25T13:02:10.236+05:30  INFO 12864 --- [Calender] [restartedMain] com.lits.calender.CalenderApplication    : No active profile set, falling back to 1 default profile: "default"
2025-08-25T13:02:10.304+05:30  INFO 12864 --- [Calender] [restartedMain] .s.d.r.c.RepositoryConfigurationDelegate : Bootstrapping Spring Data JPA repositories in DEFAULT mode.
2025-08-25T13:02:10.307+05:30  INFO 12864 --- [Calender] [restartedMain] .s.d.r.c.RepositoryConfigurationDelegate : Finished Spring Data repository scanning in 3 ms. Found 1 JPA repository interface.
2025-08-25T13:02:10.341+05:30  INFO 12864 --- [Calender] [restartedMain] o.s.b.w.embedded.tomcat.TomcatWebServer  : Tomcat initialized with port 8081 (http)
2025-08-25T13:02:10.342+05:30  INFO 12864 --- [Calender] [restartedMain] o.apache.catalina.core.StandardService   : Starting service [Tomcat]
2025-08-25T13:02:10.342+05:30  INFO 12864 --- [Calender] [restartedMain] o.apache.catalina.core.StandardEngine    : Starting Servlet engine: [Apache Tomcat/10.1.44]
2025-08-25T13:02:10.349+05:30  INFO 12864 --- [Calender] [restartedMain] o.a.c.c.C.[Tomcat].[localhost].[/]       : Initializing Spring embedded WebApplicationContext
2025-08-25T13:02:10.349+05:30  INFO 12864 --- [Calender] [restartedMain] w.s.c.ServletWebServerApplicationContext : Root WebApplicationContext: initialization completed in 112 ms
2025-08-25T13:02:10.363+05:30  INFO 12864 --- [Calender] [restartedMain] o.hibernate.jpa.internal.util.LogHelper  : HHH000204: Processing PersistenceUnitInfo [name: default]
2025-08-25T13:02:10.364+05:30  INFO 12864 --- [Calender] [restartedMain] o.h.c.internal.RegionFactoryInitiator    : HHH000026: Second-level cache disabled
2025-08-25T13:02:10.367+05:30  INFO 12864 --- [Calender] [restartedMain] o.s.o.j.p.SpringPersistenceUnitInfo      : No LoadTimeWeaver setup: ignoring JPA class transformer
2025-08-25T13:02:10.368+05:30  INFO 12864 --- [Calender] [restartedMain] com.zaxxer.hikari.HikariDataSource       : HikariPool-25 - Starting...
2025-08-25T13:02:10.370+05:30  INFO 12864 --- [Calender] [restartedMain] com.zaxxer.hikari.pool.HikariPool        : HikariPool-25 - Added connection com.mysql.cj.jdbc.ConnectionImpl@15a4f651
2025-08-25T13:02:10.370+05:30  INFO 12864 --- [Calender] [restartedMain] com.zaxxer.hikari.HikariDataSource       : HikariPool-25 - Start completed.
2025-08-25T13:02:10.370+05:30  WARN 12864 --- [Calender] [restartedMain] org.hibernate.orm.deprecation            : HHH90000025: MySQL8Dialect does not need to be specified explicitly using 'hibernate.dialect' (remove the property setting and it will be selected by default)
2025-08-25T13:02:10.370+05:30  WARN 12864 --- [Calender] [restartedMain] org.hibernate.orm.deprecation            : HHH90000026: MySQL8Dialect has been deprecated; use org.hibernate.dialect.MySQLDialect instead
2025-08-25T13:02:10.370+05:30  INFO 12864 --- [Calender] [restartedMain] org.hibernate.orm.connections.pooling    : HHH10001005: Database info:
	Database JDBC URL [Connecting through datasource 'HikariDataSource (HikariPool-25)']
	Database driver: undefined/unknown
	Database version: 8.0
	Autocommit mode: undefined/unknown
	Isolation level: undefined/unknown
	Minimum pool size: undefined/unknown
	Maximum pool size: undefined/unknown
2025-08-25T13:02:10.383+05:30  INFO 12864 --- [Calender] [restartedMain] o.h.e.t.j.p.i.JtaPlatformInitiator       : HHH000489: No JTA platform available (set 'hibernate.transaction.jta.platform' to enable JTA platform integration)
2025-08-25T13:02:10.386+05:30  INFO 12864 --- [Calender] [restartedMain] j.LocalContainerEntityManagerFactoryBean : Initialized JPA EntityManagerFactory for persistence unit 'default'
2025-08-25T13:02:10.413+05:30  WARN 12864 --- [Calender] [restartedMain] JpaBaseConfiguration$JpaWebConfiguration : spring.jpa.open-in-view is enabled by default. Therefore, database queries may be performed during view rendering. Explicitly configure spring.jpa.open-in-view to disable this warning
2025-08-25T13:02:10.448+05:30  INFO 12864 --- [Calender] [restartedMain] o.s.b.d.a.OptionalLiveReloadServer       : LiveReload server is running on port 35729
2025-08-25T13:02:10.455+05:30  INFO 12864 --- [Calender] [restartedMain] o.s.b.w.embedded.tomcat.TomcatWebServer  : Tomcat started on port 8081 (http) with context path '/'
2025-08-25T13:02:10.459+05:30  INFO 12864 --- [Calender] [restartedMain] com.lits.calender.CalenderApplication    : Started CalenderApplication in 0.234 seconds (process running for 2971.932)
2025-08-25T13:02:10.460+05:30  INFO 12864 --- [Calender] [restartedMain] .ConditionEvaluationDeltaLoggingListener : Condition evaluation unchanged
